ISO-10303-21;
HEADER;
/****************************************************************
 * Generated by software with PDElib inside                    *
 * PDElib Version v51a, created Fri 09/10/2010                  *
 * ITI Transcendata (http://www.transcendata.com/)              *
 ****************************************************************/
FILE_DESCRIPTION((' '),'2;1');
FILE_NAME('P:\\E-Switch Secure\\3D_MODELS_STP_FORMAT\\TL6110DFxxxxP.stp','2017-07-31T11:12:12',(' '),(' '),' ','ACIS',' ');
FILE_SCHEMA(('CONFIG_CONTROL_DESIGN'));
ENDSEC;
DATA;
#5=APPLICATION_CONTEXT('configuration controlled 3D designs of mechanical parts and assemblies');
#6=APPLICATION_PROTOCOL_DEFINITION('International Standard','config_control_design',1995,#5);
#7=MECHANICAL_CONTEXT('None',#5,'mechanical');
#8=PRODUCT('P:\\E-Switch Secure\\3D_MODELS_STP_FORMAT\\TL6110DFxxxxP.stp','P:\\E-Switch Secure\\3D_MODELS_STP_FORMAT\\TL6110DFxxxxP.stp','None',(#7));
#9=PRODUCT_RELATED_PRODUCT_CATEGORY('detail',$,(#8));
#10=PRODUCT_CATEGORY('part',$);
#11=PRODUCT_CATEGORY_RELATIONSHIP('None','None',#10,#9);
#12=PERSON('PERSON1','None','None',$,$,$);
#13=ORGANIZATION('','None','None');
#14=PERSON_AND_ORGANIZATION(#12,#13);
#15=PERSON_AND_ORGANIZATION_ROLE('design_owner');
#16=CC_DESIGN_PERSON_AND_ORGANIZATION_ASSIGNMENT(#14,#15,(#8));
#17=PRODUCT_DEFINITION_FORMATION_WITH_SPECIFIED_SOURCE('None','None',#8,.NOT_KNOWN.);
#18=PERSON('PERSON2','None','None',$,$,$);
#19=ORGANIZATION('','None','None');
#20=PERSON_AND_ORGANIZATION(#18,#19);
#21=PERSON_AND_ORGANIZATION_ROLE('creator');
#22=CC_DESIGN_PERSON_AND_ORGANIZATION_ASSIGNMENT(#20,#21,(#17));
#23=PERSON('PERSON3','None','None',$,$,$);
#24=ORGANIZATION('','None','None');
#25=PERSON_AND_ORGANIZATION(#23,#24);
#26=PERSON_AND_ORGANIZATION_ROLE('part_supplier');
#27=CC_DESIGN_PERSON_AND_ORGANIZATION_ASSIGNMENT(#25,#26,(#17));
#28=APPROVAL_STATUS('approved');
#29=APPROVAL(#28,'None');
#30=PERSON('PERSON4','None','None',$,$,$);
#31=ORGANIZATION('','None','None');
#32=PERSON_AND_ORGANIZATION(#30,#31);
#33=APPROVAL_ROLE('None');
#34=APPROVAL_PERSON_ORGANIZATION(#32,#29,#33);
#35=CALENDAR_DATE(2017,31,7);
#36=COORDINATED_UNIVERSAL_TIME_OFFSET(0,0,.AHEAD.);
#37=LOCAL_TIME(11,12,12.0,#36);
#38=DATE_AND_TIME(#35,#37);
#39=APPROVAL_DATE_TIME(#38,#29);
#40=CC_DESIGN_APPROVAL(#29,(#17));
#41=SECURITY_CLASSIFICATION_LEVEL('unclassified');
#42=SECURITY_CLASSIFICATION('None','None',#41);
#43=CC_DESIGN_SECURITY_CLASSIFICATION(#42,(#17));
#44=APPROVAL_STATUS('approved');
#45=APPROVAL(#44,'None');
#46=PERSON('PERSON5','None','None',$,$,$);
#47=ORGANIZATION('','None','None');
#48=PERSON_AND_ORGANIZATION(#46,#47);
#49=APPROVAL_ROLE('None');
#50=APPROVAL_PERSON_ORGANIZATION(#48,#45,#49);
#51=CALENDAR_DATE(2017,31,7);
#52=COORDINATED_UNIVERSAL_TIME_OFFSET(0,0,.AHEAD.);
#53=LOCAL_TIME(11,12,12.0,#52);
#54=DATE_AND_TIME(#51,#53);
#55=APPROVAL_DATE_TIME(#54,#45);
#56=CC_DESIGN_APPROVAL(#45,(#42));
#57=PERSON('PERSON6','None','None',$,$,$);
#58=ORGANIZATION('','None','None');
#59=PERSON_AND_ORGANIZATION(#57,#58);
#60=PERSON_AND_ORGANIZATION_ROLE('classification_officer');
#61=CC_DESIGN_PERSON_AND_ORGANIZATION_ASSIGNMENT(#59,#60,(#42));
#62=DATE_TIME_ROLE('classification_date');
#63=CALENDAR_DATE(2017,31,7);
#64=COORDINATED_UNIVERSAL_TIME_OFFSET(0,0,.AHEAD.);
#65=LOCAL_TIME(11,12,12.0,#64);
#66=DATE_AND_TIME(#63,#65);
#67=CC_DESIGN_DATE_AND_TIME_ASSIGNMENT(#66,#62,(#42));
#68=DESIGN_CONTEXT('part definition',#5,'design');
#69=PRODUCT_DEFINITION('None','None',#17,#68);
#70=PERSON('PERSON7','None','None',$,$,$);
#71=ORGANIZATION('','None','None');
#72=PERSON_AND_ORGANIZATION(#70,#71);
#73=PERSON_AND_ORGANIZATION_ROLE('creator');
#74=CC_DESIGN_PERSON_AND_ORGANIZATION_ASSIGNMENT(#72,#73,(#69));
#75=DATE_TIME_ROLE('creation_date');
#76=CALENDAR_DATE(2017,31,7);
#77=COORDINATED_UNIVERSAL_TIME_OFFSET(0,0,.AHEAD.);
#78=LOCAL_TIME(11,12,12.0,#77);
#79=DATE_AND_TIME(#76,#78);
#80=CC_DESIGN_DATE_AND_TIME_ASSIGNMENT(#79,#75,(#69));
#81=APPROVAL_STATUS('approved');
#82=APPROVAL(#81,'None');
#83=PERSON('PERSON8','None','None',$,$,$);
#84=ORGANIZATION('','None','None');
#85=PERSON_AND_ORGANIZATION(#83,#84);
#86=APPROVAL_ROLE('None');
#87=APPROVAL_PERSON_ORGANIZATION(#85,#82,#86);
#88=CALENDAR_DATE(2017,31,7);
#89=COORDINATED_UNIVERSAL_TIME_OFFSET(0,0,.AHEAD.);
#90=LOCAL_TIME(11,12,12.0,#89);
#91=DATE_AND_TIME(#88,#90);
#92=APPROVAL_DATE_TIME(#91,#82);
#93=CC_DESIGN_APPROVAL(#82,(#69));
#99=(NAMED_UNIT(*)PLANE_ANGLE_UNIT()SI_UNIT($,.RADIAN.));
#100=DIMENSIONAL_EXPONENTS(0.0,0.0,0.0,0.0,0.0,0.0,0.0);
#101=PLANE_ANGLE_MEASURE_WITH_UNIT(PLANE_ANGLE_MEASURE(0.0174532925),#99);
#105=(CONVERSION_BASED_UNIT('DEGREE',#101)NAMED_UNIT(#100)PLANE_ANGLE_UNIT());
#109=(NAMED_UNIT(*)SI_UNIT($,.STERADIAN.)SOLID_ANGLE_UNIT());
#113=(LENGTH_UNIT()NAMED_UNIT(*)SI_UNIT(.CENTI.,.METRE.));
#114=DIMENSIONAL_EXPONENTS(1.0,0.0,0.0,0.0,0.0,0.0,0.0);
#115=LENGTH_MEASURE_WITH_UNIT(LENGTH_MEASURE(2.54),#113);
#119=(CONVERSION_BASED_UNIT('INCH',#115)LENGTH_UNIT()NAMED_UNIT(#114));
#121=UNCERTAINTY_MEASURE_WITH_UNIT(LENGTH_MEASURE(0.001),#119,'DISTANCE_ACCURACY_VALUE','');
#123=(GEOMETRIC_REPRESENTATION_CONTEXT(3)GLOBAL_UNCERTAINTY_ASSIGNED_CONTEXT((#121))GLOBAL_UNIT_ASSIGNED_CONTEXT((#105,#109,#119))REPRESENTATION_CONTEXT('None','None'));
#124=AXIS2_PLACEMENT_3D('',#125,#126,#127);
#125=CARTESIAN_POINT('',(0.0,0.0,0.0));
#126=DIRECTION('',(0.0,0.0,1.0));
#127=DIRECTION('',(1.0,0.0,0.0));
#128=SHAPE_REPRESENTATION('',(#124),#123);
#129=PRODUCT_DEFINITION_SHAPE('','',#69);
#130=SHAPE_DEFINITION_REPRESENTATION(#129,#128);
#136=(NAMED_UNIT(*)PLANE_ANGLE_UNIT()SI_UNIT($,.RADIAN.));
#137=DIMENSIONAL_EXPONENTS(0.0,0.0,0.0,0.0,0.0,0.0,0.0);
#138=PLANE_ANGLE_MEASURE_WITH_UNIT(PLANE_ANGLE_MEASURE(0.0174532925),#136);
#142=(CONVERSION_BASED_UNIT('DEGREE',#138)NAMED_UNIT(#137)PLANE_ANGLE_UNIT());
#146=(NAMED_UNIT(*)SI_UNIT($,.STERADIAN.)SOLID_ANGLE_UNIT());
#150=(LENGTH_UNIT()NAMED_UNIT(*)SI_UNIT(.CENTI.,.METRE.));
#152=UNCERTAINTY_MEASURE_WITH_UNIT(LENGTH_MEASURE(0.000001),#150,'DISTANCE_ACCURACY_VALUE','');
#154=(GEOMETRIC_REPRESENTATION_CONTEXT(3)GLOBAL_UNCERTAINTY_ASSIGNED_CONTEXT((#152))GLOBAL_UNIT_ASSIGNED_CONTEXT((#142,#146,#150))REPRESENTATION_CONTEXT('','3D'));
#155=CARTESIAN_POINT('',(0.143700787401575,-0.143700787401575,0.082677165354331));
#156=DIRECTION('',(-1.0,0.0,0.0));
#157=DIRECTION('',(0.0,0.707106781186548,-0.707106781186547));
#158=AXIS2_PLACEMENT_3D('',#155,#156,#157);
#159=CYLINDRICAL_SURFACE('',#158,0.007874015748031);
#160=CARTESIAN_POINT('',(-0.062992125984252,-0.145669291338583,0.090301148319306));
#161=VERTEX_POINT('',#160);
#162=CARTESIAN_POINT('',(-0.063385826771654,-0.143700787401575,0.090551181102362));
#163=VERTEX_POINT('',#162);
#164=CARTESIAN_POINT('',(-0.063385826771654,-0.143700787401575,0.082677165354331));
#165=DIRECTION('',(-0.98058067569092,-0.196116135138184,-2.465190E-032));
#166=DIRECTION('',(0.196116135138184,-0.98058067569092,1.020622E-015));
#167=AXIS2_PLACEMENT_3D('',#164,#165,#166);
#168=ELLIPSE('',#167,0.00802995198991,0.007874015748031);
#169=EDGE_CURVE('',#161,#163,#168,.T.);
#170=ORIENTED_EDGE('',*,*,#169,.F.);
#171=CARTESIAN_POINT('',(-0.059055118110236,-0.145669291338583,0.090301148319306));
#172=VERTEX_POINT('',#171);
#173=CARTESIAN_POINT('',(-0.059055118110236,-0.145669291338583,0.090301148319306));
#174=DIRECTION('',(-1.0,0.0,0.0));
#175=VECTOR('',#174,0.003937007874016);
#176=LINE('',#173,#175);
#177=EDGE_CURVE('',#172,#161,#176,.T.);
#178=ORIENTED_EDGE('',*,*,#177,.F.);
#179=CARTESIAN_POINT('',(-0.059055118110236,-0.151574803149606,0.082677165354331));
#180=VERTEX_POINT('',#179);
#181=CARTESIAN_POINT('',(-0.059055118110236,-0.143700787401575,0.082677165354331));
#182=DIRECTION('',(1.0,0.0,0.0));
#183=DIRECTION('',(0.0,-0.707106781186548,0.707106781186547));
#184=AXIS2_PLACEMENT_3D('',#181,#182,#183);
#185=CIRCLE('',#184,0.007874015748031);
#186=EDGE_CURVE('',#172,#180,#185,.T.);
#187=ORIENTED_EDGE('',*,*,#186,.T.);
#188=CARTESIAN_POINT('',(-0.15748031496063,-0.151574803149606,0.082677165354331));
#189=VERTEX_POINT('',#188);
#190=CARTESIAN_POINT('',(-0.059055118110236,-0.151574803149606,0.082677165354331));
#191=DIRECTION('',(-1.0,0.0,0.0));
#192=VECTOR('',#191,0.098425196850394);
#193=LINE('',#190,#192);
#194=EDGE_CURVE('',#180,#189,#193,.T.);
#195=ORIENTED_EDGE('',*,*,#194,.T.);
#196=CARTESIAN_POINT('',(-0.15748031496063,-0.143700787401575,0.090551181102362));
#197=VERTEX_POINT('',#196);
#198=CARTESIAN_POINT('',(-0.15748031496063,-0.143700787401575,0.082677165354331));
#199=DIRECTION('',(-1.0,0.0,0.0));
#200=DIRECTION('',(0.0,-0.707106781186548,0.707106781186547));
#201=AXIS2_PLACEMENT_3D('',#198,#199,#200);
#202=CIRCLE('',#201,0.007874015748031);
#203=EDGE_CURVE('',#189,#197,#202,.T.);
#204=ORIENTED_EDGE('',*,*,#203,.T.);
#205=CARTESIAN_POINT('',(-0.15748031496063,-0.143700787401575,0.090551181102362));
#206=DIRECTION('',(1.0,0.0,0.0));
#207=VECTOR('',#206,0.094094488188976);
#208=LINE('',#205,#207);
#209=EDGE_CURVE('',#197,#163,#208,.T.);
#210=ORIENTED_EDGE('',*,*,#209,.T.);
#211=EDGE_LOOP('',(#170,#178,#187,#195,#204,#210));
#212=FACE_OUTER_BOUND('',#211,.T.);
#213=ADVANCED_FACE('',(#212),#159,.F.);
#214=CARTESIAN_POINT('',(-0.059055118110236,-0.164271653543308,0.110301702809125));
#215=DIRECTION('',(-1.0,0.0,0.0));
#216=DIRECTION('',(0.0,0.0,1.0));
#217=AXIS2_PLACEMENT_3D('',#214,#215,#216);
#218=PLANE('',#217);
#219=CARTESIAN_POINT('',(-0.059055118110236,-0.145669291338583,0.090551181102362));
#220=VERTEX_POINT('',#219);
#221=CARTESIAN_POINT('',(-0.059055118110236,-0.145669291338583,0.090551181102362));
#222=DIRECTION('',(0.0,0.0,-1.0));
#223=VECTOR('',#222,0.000250032783056);
#224=LINE('',#221,#223);
#225=EDGE_CURVE('',#220,#172,#224,.T.);
#226=ORIENTED_EDGE('',*,*,#225,.F.);
#227=CARTESIAN_POINT('',(-0.059055118110236,-0.151574803149606,0.090551181102362));
#228=VERTEX_POINT('',#227);
#229=CARTESIAN_POINT('',(-0.059055118110236,-0.151574803149606,0.090551181102362));
#230=DIRECTION('',(0.0,1.0,0.0));
#231=VECTOR('',#230,0.005905511811023);
#232=LINE('',#229,#231);
#233=EDGE_CURVE('',#228,#220,#232,.T.);
#234=ORIENTED_EDGE('',*,*,#233,.F.);
#235=CARTESIAN_POINT('',(-0.059055118110236,-0.151574803149606,0.101862139158297));
#236=VERTEX_POINT('',#235);
#237=CARTESIAN_POINT('',(-0.059055118110236,-0.151574803149606,0.101862139158297));
#238=DIRECTION('',(0.0,0.0,-1.0));
#239=VECTOR('',#238,0.011310958055935);
#240=LINE('',#237,#239);
#241=EDGE_CURVE('',#236,#228,#240,.T.);
#242=ORIENTED_EDGE('',*,*,#241,.F.);
#243=CARTESIAN_POINT('',(-0.059055118110236,-0.163385826771654,0.086614173228346));
#244=VERTEX_POINT('',#243);
#245=CARTESIAN_POINT('',(-0.059055118110236,-0.147637795275591,0.086614173228346));
#246=DIRECTION('',(-1.0,0.0,0.0));
#247=DIRECTION('',(0.0,-0.707106781186548,0.707106781186547));
#248=AXIS2_PLACEMENT_3D('',#245,#246,#247);
#249=CIRCLE('',#248,0.015748031496063);
#250=EDGE_CURVE('',#244,#236,#249,.T.);
#251=ORIENTED_EDGE('',*,*,#250,.F.);
#252=CARTESIAN_POINT('',(-0.059055118110236,-0.163385826771654,-0.066929133858268));
#253=VERTEX_POINT('',#252);
#254=CARTESIAN_POINT('',(-0.059055118110236,-0.163385826771654,-0.066929133858268));
#255=DIRECTION('',(0.0,0.0,1.0));
#256=VECTOR('',#255,0.153543307086614);
#257=LINE('',#254,#256);
#258=EDGE_CURVE('',#253,#244,#257,.T.);
#259=ORIENTED_EDGE('',*,*,#258,.F.);
#260=CARTESIAN_POINT('',(-0.059055118110236,-0.151574803149606,-0.066929133858268));
#261=VERTEX_POINT('',#260);
#262=CARTESIAN_POINT('',(-0.059055118110236,-0.151574803149606,-0.066929133858268));
#263=DIRECTION('',(0.0,-1.0,0.0));
#264=VECTOR('',#263,0.011811023622048);
#265=LINE('',#262,#264);
#266=EDGE_CURVE('',#261,#253,#265,.T.);
#267=ORIENTED_EDGE('',*,*,#266,.F.);
#268=CARTESIAN_POINT('',(-0.059055118110236,-0.151574803149606,0.082677165354331));
#269=DIRECTION('',(0.0,0.0,-1.0));
#270=VECTOR('',#269,0.149606299212599);
#271=LINE('',#268,#270);
#272=EDGE_CURVE('',#180,#261,#271,.T.);
#273=ORIENTED_EDGE('',*,*,#272,.F.);
#274=ORIENTED_EDGE('',*,*,#186,.F.);
#275=EDGE_LOOP('',(#226,#234,#242,#251,#259,#267,#273,#274));
#276=FACE_OUTER_BOUND('',#275,.T.);
#277=ADVANCED_FACE('',(#276),#218,.F.);
#278=CARTESIAN_POINT('',(0.147933070866142,-0.143700787401575,0.082677165354331));
#279=DIRECTION('',(-1.0,0.0,0.0));
#280=DIRECTION('',(0.0,0.707106781186547,-0.707106781186548));
#281=AXIS2_PLACEMENT_3D('',#278,#279,#280);
#282=CYLINDRICAL_SURFACE('',#281,0.007874015748031);
#283=CARTESIAN_POINT('',(0.062992125984252,-0.145669291338583,0.090301148319306));
#284=VERTEX_POINT('',#283);
#285=CARTESIAN_POINT('',(0.059055118110236,-0.145669291338583,0.090301148319306));
#286=VERTEX_POINT('',#285);
#287=CARTESIAN_POINT('',(0.062992125984252,-0.145669291338583,0.090301148319306));
#288=DIRECTION('',(-1.0,0.0,0.0));
#289=VECTOR('',#288,0.003937007874016);
#290=LINE('',#287,#289);
#291=EDGE_CURVE('',#284,#286,#290,.T.);
#292=ORIENTED_EDGE('',*,*,#291,.F.);
#293=CARTESIAN_POINT('',(0.063385826771654,-0.143700787401575,0.090551181102362));
#294=VERTEX_POINT('',#293);
#295=CARTESIAN_POINT('',(0.063385826771654,-0.143700787401575,0.082677165354331));
#296=DIRECTION('',(0.98058067569092,-0.196116135138184,-2.465190E-032));
#297=DIRECTION('',(-0.196116135138184,-0.98058067569092,1.020622E-015));
#298=AXIS2_PLACEMENT_3D('',#295,#296,#297);
#299=ELLIPSE('',#298,0.00802995198991,0.007874015748031);
#300=EDGE_CURVE('',#294,#284,#299,.T.);
#301=ORIENTED_EDGE('',*,*,#300,.F.);
#302=CARTESIAN_POINT('',(0.143700787401575,-0.143700787401575,0.090551181102362));
#303=VERTEX_POINT('',#302);
#304=CARTESIAN_POINT('',(0.063385826771654,-0.143700787401575,0.090551181102362));
#305=DIRECTION('',(1.0,0.0,0.0));
#306=VECTOR('',#305,0.080314960629921);
#307=LINE('',#304,#306);
#308=EDGE_CURVE('',#294,#303,#307,.T.);
#309=ORIENTED_EDGE('',*,*,#308,.T.);
#310=CARTESIAN_POINT('',(0.143700787401575,-0.151574803149606,0.082677165354331));
#311=VERTEX_POINT('',#310);
#312=CARTESIAN_POINT('',(0.143700787401575,-0.143700787401575,0.082677165354331));
#313=DIRECTION('',(1.0,0.0,0.0));
#314=DIRECTION('',(0.0,-0.707106781186548,0.707106781186547));
#315=AXIS2_PLACEMENT_3D('',#312,#313,#314);
#316=CIRCLE('',#315,0.007874015748031);
#317=EDGE_CURVE('',#303,#311,#316,.T.);
#318=ORIENTED_EDGE('',*,*,#317,.T.);
#319=CARTESIAN_POINT('',(0.059055118110236,-0.151574803149606,0.082677165354331));
#320=VERTEX_POINT('',#319);
#321=CARTESIAN_POINT('',(0.143700787401575,-0.151574803149606,0.082677165354331));
#322=DIRECTION('',(-1.0,0.0,0.0));
#323=VECTOR('',#322,0.084645669291339);
#324=LINE('',#321,#323);
#325=EDGE_CURVE('',#311,#320,#324,.T.);
#326=ORIENTED_EDGE('',*,*,#325,.T.);
#327=CARTESIAN_POINT('',(0.059055118110236,-0.143700787401575,0.082677165354331));
#328=DIRECTION('',(1.0,0.0,0.0));
#329=DIRECTION('',(0.0,-0.707106781186548,0.707106781186547));
#330=AXIS2_PLACEMENT_3D('',#327,#328,#329);
#331=CIRCLE('',#330,0.007874015748031);
#332=EDGE_CURVE('',#286,#320,#331,.T.);
#333=ORIENTED_EDGE('',*,*,#332,.F.);
#334=EDGE_LOOP('',(#292,#301,#309,#318,#326,#333));
#335=FACE_OUTER_BOUND('',#334,.T.);
#336=ADVANCED_FACE('',(#335),#282,.F.);
#337=CARTESIAN_POINT('',(0.06496062992126,-0.151870078740157,0.090551181102362));
#338=DIRECTION('',(0.0,0.0,-1.0));
#339=DIRECTION('',(-1.0,0.0,0.0));
#340=AXIS2_PLACEMENT_3D('',#337,#338,#339);
#341=PLANE('',#340);
#342=CARTESIAN_POINT('',(0.059055118110236,-0.145669291338583,0.090551181102362));
#343=VERTEX_POINT('',#342);
#344=CARTESIAN_POINT('',(0.059055118110236,-0.145669291338583,0.090551181102362));
#345=DIRECTION('',(-1.0,0.0,0.0));
#346=VECTOR('',#345,0.118110236220472);
#347=LINE('',#344,#346);
#348=EDGE_CURVE('',#343,#220,#347,.T.);
#349=ORIENTED_EDGE('',*,*,#348,.F.);
#350=CARTESIAN_POINT('',(0.059055118110236,-0.151574803149606,0.090551181102362));
#351=VERTEX_POINT('',#350);
#352=CARTESIAN_POINT('',(0.059055118110236,-0.145669291338583,0.090551181102362));
#353=DIRECTION('',(0.0,-1.0,0.0));
#354=VECTOR('',#353,0.005905511811023);
#355=LINE('',#352,#354);
#356=EDGE_CURVE('',#343,#351,#355,.T.);
#357=ORIENTED_EDGE('',*,*,#356,.T.);
#358=CARTESIAN_POINT('',(0.059055118110236,-0.151574803149606,0.090551181102362));
#359=DIRECTION('',(-1.0,0.0,0.0));
#360=VECTOR('',#359,0.118110236220472);
#361=LINE('',#358,#360);
#362=EDGE_CURVE('',#351,#228,#361,.T.);
#363=ORIENTED_EDGE('',*,*,#362,.T.);
#364=ORIENTED_EDGE('',*,*,#233,.T.);
#365=EDGE_LOOP('',(#349,#357,#363,#364));
#366=FACE_OUTER_BOUND('',#365,.T.);
#367=ADVANCED_FACE('',(#366),#341,.T.);
#368=CARTESIAN_POINT('',(0.147716535433071,-0.147933070866142,0.090551181102362));
#369=DIRECTION('',(0.0,0.0,-1.0));
#370=DIRECTION('',(-1.0,0.0,0.0));
#371=AXIS2_PLACEMENT_3D('',#368,#369,#370);
#372=PLANE('',#371);
#373=CARTESIAN_POINT('',(0.066296154437117,-0.129149149074259,0.090551181102362));
#374=VERTEX_POINT('',#373);
#375=CARTESIAN_POINT('',(0.066296154437117,-0.129149149074259,0.090551181102362));
#376=DIRECTION('',(-0.196116135138183,-0.98058067569092,0.0));
#377=VECTOR('',#376,0.014839817557146);
#378=LINE('',#375,#377);
#379=EDGE_CURVE('',#374,#294,#378,.T.);
#380=ORIENTED_EDGE('',*,*,#379,.F.);
#381=CARTESIAN_POINT('',(0.07015670827842,-0.125984251968504,0.090551181102362));
#382=VERTEX_POINT('',#381);
#383=CARTESIAN_POINT('',(0.07015670827842,-0.12992125984252,0.090551181102362));
#384=DIRECTION('',(0.0,0.0,1.0));
#385=DIRECTION('',(-0.633988905605538,0.773342141337902,0.0));
#386=AXIS2_PLACEMENT_3D('',#383,#384,#385);
#387=CIRCLE('',#386,0.003937007874016);
#388=EDGE_CURVE('',#382,#374,#387,.T.);
#389=ORIENTED_EDGE('',*,*,#388,.F.);
#390=CARTESIAN_POINT('',(0.078740157480315,-0.125984251968504,0.090551181102362));
#391=VERTEX_POINT('',#390);
#392=CARTESIAN_POINT('',(0.078740157480315,-0.125984251968504,0.090551181102362));
#393=DIRECTION('',(-1.0,0.0,0.0));
#394=VECTOR('',#393,0.008583449201895);
#395=LINE('',#392,#394);
#396=EDGE_CURVE('',#391,#382,#395,.T.);
#397=ORIENTED_EDGE('',*,*,#396,.F.);
#398=CARTESIAN_POINT('',(0.082677165354331,-0.12992125984252,0.090551181102362));
#399=VERTEX_POINT('',#398);
#400=CARTESIAN_POINT('',(0.078740157480315,-0.12992125984252,0.090551181102362));
#401=DIRECTION('',(0.0,0.0,1.0));
#402=DIRECTION('',(0.707106781186549,0.707106781186546,0.0));
#403=AXIS2_PLACEMENT_3D('',#400,#401,#402);
#404=CIRCLE('',#403,0.003937007874016);
#405=EDGE_CURVE('',#399,#391,#404,.T.);
#406=ORIENTED_EDGE('',*,*,#405,.F.);
#407=CARTESIAN_POINT('',(0.082677165354331,-0.137795275590551,0.090551181102362));
#408=VERTEX_POINT('',#407);
#409=CARTESIAN_POINT('',(0.082677165354331,-0.137795275590551,0.090551181102362));
#410=DIRECTION('',(0.0,1.0,0.0));
#411=VECTOR('',#410,0.007874015748031);
#412=LINE('',#409,#411);
#413=EDGE_CURVE('',#408,#399,#412,.T.);
#414=ORIENTED_EDGE('',*,*,#413,.F.);
#415=CARTESIAN_POINT('',(0.125984251968504,-0.137795275590551,0.090551181102362));
#416=VERTEX_POINT('',#415);
#417=CARTESIAN_POINT('',(0.125984251968504,-0.137795275590551,0.090551181102362));
#418=DIRECTION('',(-1.0,0.0,0.0));
#419=VECTOR('',#418,0.043307086614173);
#420=LINE('',#417,#419);
#421=EDGE_CURVE('',#416,#408,#420,.T.);
#422=ORIENTED_EDGE('',*,*,#421,.F.);
#423=CARTESIAN_POINT('',(0.125984251968504,-0.062992125984252,0.090551181102362));
#424=VERTEX_POINT('',#423);
#425=CARTESIAN_POINT('',(0.125984251968504,-0.062992125984252,0.090551181102362));
#426=DIRECTION('',(0.0,-1.0,0.0));
#427=VECTOR('',#426,0.074803149606299);
#428=LINE('',#425,#427);
#429=EDGE_CURVE('',#424,#416,#428,.T.);
#430=ORIENTED_EDGE('',*,*,#429,.F.);
#431=CARTESIAN_POINT('',(0.12992125984252,-0.059055118110236,0.090551181102362));
#432=VERTEX_POINT('',#431);
#433=CARTESIAN_POINT('',(0.12992125984252,-0.062992125984252,0.090551181102362));
#434=DIRECTION('',(0.0,0.0,1.0));
#435=DIRECTION('',(-0.707106781186551,0.707106781186544,0.0));
#436=AXIS2_PLACEMENT_3D('',#433,#434,#435);
#437=CIRCLE('',#436,0.003937007874016);
#438=EDGE_CURVE('',#432,#424,#437,.T.);
#439=ORIENTED_EDGE('',*,*,#438,.F.);
#440=CARTESIAN_POINT('',(0.143700787401575,-0.059055118110236,0.090551181102362));
#441=VERTEX_POINT('',#440);
#442=CARTESIAN_POINT('',(0.143700787401575,-0.059055118110236,0.090551181102362));
#443=DIRECTION('',(-1.0,0.0,0.0));
#444=VECTOR('',#443,0.013779527559055);
#445=LINE('',#442,#444);
#446=EDGE_CURVE('',#441,#432,#445,.T.);
#447=ORIENTED_EDGE('',*,*,#446,.F.);
#448=CARTESIAN_POINT('',(0.143700787401575,-0.059055118110236,0.090551181102362));
#449=DIRECTION('',(0.0,-1.0,0.0));
#450=VECTOR('',#449,0.084645669291339);
#451=LINE('',#448,#450);
#452=EDGE_CURVE('',#441,#303,#451,.T.);
#453=ORIENTED_EDGE('',*,*,#452,.T.);
#454=ORIENTED_EDGE('',*,*,#308,.F.);
#455=EDGE_LOOP('',(#380,#389,#397,#406,#414,#422,#430,#439,#447,#453,#454));
#456=FACE_OUTER_BOUND('',#455,.T.);
#457=ADVANCED_FACE('',(#456),#372,.T.);
#458=CARTESIAN_POINT('',(0.158070866141732,-0.054133858267717,0.090551181102362));
#459=DIRECTION('',(0.0,0.0,-1.0));
#460=DIRECTION('',(-1.0,0.0,0.0));
#461=AXIS2_PLACEMENT_3D('',#458,#459,#460);
#462=PLANE('',#461);
#463=CARTESIAN_POINT('',(0.145669291338583,0.049212598425197,0.090551181102362));
#464=VERTEX_POINT('',#463);
#465=CARTESIAN_POINT('',(0.145669291338583,-0.049212598425197,0.090551181102362));
#466=VERTEX_POINT('',#465);
#467=CARTESIAN_POINT('',(0.145669291338583,0.049212598425197,0.090551181102362));
#468=DIRECTION('',(0.0,-1.0,0.0));
#469=VECTOR('',#468,0.098425196850394);
#470=LINE('',#467,#469);
#471=EDGE_CURVE('',#464,#466,#470,.T.);
#472=ORIENTED_EDGE('',*,*,#471,.F.);
#473=CARTESIAN_POINT('',(0.15748031496063,0.049212598425197,0.090551181102362));
#474=VERTEX_POINT('',#473);
#475=CARTESIAN_POINT('',(0.145669291338583,0.049212598425197,0.090551181102362));
#476=DIRECTION('',(1.0,0.0,0.0));
#477=VECTOR('',#476,0.011811023622047);
#478=LINE('',#475,#477);
#479=EDGE_CURVE('',#464,#474,#478,.T.);
#480=ORIENTED_EDGE('',*,*,#479,.T.);
#481=CARTESIAN_POINT('',(0.15748031496063,-0.049212598425197,0.090551181102362));
#482=VERTEX_POINT('',#481);
#483=CARTESIAN_POINT('',(0.15748031496063,0.049212598425197,0.090551181102362));
#484=DIRECTION('',(0.0,-1.0,0.0));
#485=VECTOR('',#484,0.098425196850394);
#486=LINE('',#483,#485);
#487=EDGE_CURVE('',#474,#482,#486,.T.);
#488=ORIENTED_EDGE('',*,*,#487,.T.);
#489=CARTESIAN_POINT('',(0.145669291338583,-0.049212598425197,0.090551181102362));
#490=DIRECTION('',(1.0,0.0,0.0));
#491=VECTOR('',#490,0.011811023622047);
#492=LINE('',#489,#491);
#493=EDGE_CURVE('',#466,#482,#492,.T.);
#494=ORIENTED_EDGE('',*,*,#493,.F.);
#495=EDGE_LOOP('',(#472,#480,#488,#494));
#496=FACE_OUTER_BOUND('',#495,.T.);
#497=ADVANCED_FACE('',(#496),#462,.T.);
#498=CARTESIAN_POINT('',(0.147716535433071,0.054822834645669,0.090551181102362));
#499=DIRECTION('',(0.0,0.0,-1.0));
#500=DIRECTION('',(-1.0,0.0,0.0));
#501=AXIS2_PLACEMENT_3D('',#498,#499,#500);
#502=PLANE('',#501);
#503=CARTESIAN_POINT('',(0.063385826771654,0.143700787401575,0.090551181102362));
#504=VERTEX_POINT('',#503);
#505=CARTESIAN_POINT('',(0.066296154437117,0.129149149074259,0.090551181102362));
#506=VERTEX_POINT('',#505);
#507=CARTESIAN_POINT('',(0.063385826771654,0.143700787401575,0.090551181102362));
#508=DIRECTION('',(0.196116135138186,-0.98058067569092,0.0));
#509=VECTOR('',#508,0.014839817557146);
#510=LINE('',#507,#509);
#511=EDGE_CURVE('',#504,#506,#510,.T.);
#512=ORIENTED_EDGE('',*,*,#511,.F.);
#513=CARTESIAN_POINT('',(0.143700787401575,0.143700787401575,0.090551181102362));
#514=VERTEX_POINT('',#513);
#515=CARTESIAN_POINT('',(0.143700787401575,0.143700787401575,0.090551181102362));
#516=DIRECTION('',(-1.0,0.0,0.0));
#517=VECTOR('',#516,0.080314960629921);
#518=LINE('',#515,#517);
#519=EDGE_CURVE('',#514,#504,#518,.T.);
#520=ORIENTED_EDGE('',*,*,#519,.F.);
#521=CARTESIAN_POINT('',(0.143700787401575,0.059055118110236,0.090551181102362));
#522=VERTEX_POINT('',#521);
#523=CARTESIAN_POINT('',(0.143700787401575,0.143700787401575,0.090551181102362));
#524=DIRECTION('',(0.0,-1.0,0.0));
#525=VECTOR('',#524,0.084645669291339);
#526=LINE('',#523,#525);
#527=EDGE_CURVE('',#514,#522,#526,.T.);
#528=ORIENTED_EDGE('',*,*,#527,.T.);
#529=CARTESIAN_POINT('',(0.12992125984252,0.059055118110236,0.090551181102362));
#530=VERTEX_POINT('',#529);
#531=CARTESIAN_POINT('',(0.12992125984252,0.059055118110236,0.090551181102362));
#532=DIRECTION('',(1.0,0.0,0.0));
#533=VECTOR('',#532,0.013779527559055);
#534=LINE('',#531,#533);
#535=EDGE_CURVE('',#530,#522,#534,.T.);
#536=ORIENTED_EDGE('',*,*,#535,.F.);
#537=CARTESIAN_POINT('',(0.125984251968504,0.062992125984252,0.090551181102362));
#538=VERTEX_POINT('',#537);
#539=CARTESIAN_POINT('',(0.12992125984252,0.062992125984252,0.090551181102362));
#540=DIRECTION('',(0.0,0.0,1.0));
#541=DIRECTION('',(-0.707106781186551,-0.707106781186544,0.0));
#542=AXIS2_PLACEMENT_3D('',#539,#540,#541);
#543=CIRCLE('',#542,0.003937007874016);
#544=EDGE_CURVE('',#538,#530,#543,.T.);
#545=ORIENTED_EDGE('',*,*,#544,.F.);
#546=CARTESIAN_POINT('',(0.125984251968504,0.137795275590551,0.090551181102362));
#547=VERTEX_POINT('',#546);
#548=CARTESIAN_POINT('',(0.125984251968504,0.137795275590551,0.090551181102362));
#549=DIRECTION('',(0.0,-1.0,0.0));
#550=VECTOR('',#549,0.074803149606299);
#551=LINE('',#548,#550);
#552=EDGE_CURVE('',#547,#538,#551,.T.);
#553=ORIENTED_EDGE('',*,*,#552,.F.);
#554=CARTESIAN_POINT('',(0.082677165354331,0.137795275590551,0.090551181102362));
#555=VERTEX_POINT('',#554);
#556=CARTESIAN_POINT('',(0.082677165354331,0.137795275590551,0.090551181102362));
#557=DIRECTION('',(1.0,0.0,0.0));
#558=VECTOR('',#557,0.043307086614173);
#559=LINE('',#556,#558);
#560=EDGE_CURVE('',#555,#547,#559,.T.);
#561=ORIENTED_EDGE('',*,*,#560,.F.);
#562=CARTESIAN_POINT('',(0.082677165354331,0.12992125984252,0.090551181102362));
#563=VERTEX_POINT('',#562);
#564=CARTESIAN_POINT('',(0.082677165354331,0.12992125984252,0.090551181102362));
#565=DIRECTION('',(0.0,1.0,0.0));
#566=VECTOR('',#565,0.007874015748031);
#567=LINE('',#564,#566);
#568=EDGE_CURVE('',#563,#555,#567,.T.);
#569=ORIENTED_EDGE('',*,*,#568,.F.);
#570=CARTESIAN_POINT('',(0.078740157480315,0.125984251968504,0.090551181102362));
#571=VERTEX_POINT('',#570);
#572=CARTESIAN_POINT('',(0.078740157480315,0.12992125984252,0.090551181102362));
#573=DIRECTION('',(0.0,0.0,1.0));
#574=DIRECTION('',(0.707106781186548,-0.707106781186548,0.0));
#575=AXIS2_PLACEMENT_3D('',#572,#573,#574);
#576=CIRCLE('',#575,0.003937007874016);
#577=EDGE_CURVE('',#571,#563,#576,.T.);
#578=ORIENTED_EDGE('',*,*,#577,.F.);
#579=CARTESIAN_POINT('',(0.07015670827842,0.125984251968504,0.090551181102362));
#580=VERTEX_POINT('',#579);
#581=CARTESIAN_POINT('',(0.07015670827842,0.125984251968504,0.090551181102362));
#582=DIRECTION('',(1.0,0.0,0.0));
#583=VECTOR('',#582,0.008583449201895);
#584=LINE('',#581,#583);
#585=EDGE_CURVE('',#580,#571,#584,.T.);
#586=ORIENTED_EDGE('',*,*,#585,.F.);
#587=CARTESIAN_POINT('',(0.07015670827842,0.12992125984252,0.090551181102362));
#588=DIRECTION('',(0.0,0.0,1.0));
#589=DIRECTION('',(-0.633988905605538,-0.773342141337902,0.0));
#590=AXIS2_PLACEMENT_3D('',#587,#588,#589);
#591=CIRCLE('',#590,0.003937007874016);
#592=EDGE_CURVE('',#506,#580,#591,.T.);
#593=ORIENTED_EDGE('',*,*,#592,.F.);
#594=EDGE_LOOP('',(#512,#520,#528,#536,#545,#553,#561,#569,#578,#586,#593));
#595=FACE_OUTER_BOUND('',#594,.T.);
#596=ADVANCED_FACE('',(#595),#502,.T.);
#597=CARTESIAN_POINT('',(0.143700787401575,-0.151574803149606,0.090551181102362));
#598=DIRECTION('',(0.0,0.0,-1.0));
#599=DIRECTION('',(-1.0,0.0,0.0));
#600=AXIS2_PLACEMENT_3D('',#597,#598,#599);
#601=PLANE('',#600);
#602=CARTESIAN_POINT('',(-0.059055118110236,0.145669291338583,0.090551181102362));
#603=VERTEX_POINT('',#602);
#604=CARTESIAN_POINT('',(0.059055118110236,0.145669291338583,0.090551181102362));
#605=VERTEX_POINT('',#604);
#606=CARTESIAN_POINT('',(-0.059055118110236,0.145669291338583,0.090551181102362));
#607=DIRECTION('',(1.0,0.0,0.0));
#608=VECTOR('',#607,0.118110236220472);
#609=LINE('',#606,#608);
#610=EDGE_CURVE('',#603,#605,#609,.T.);
#611=ORIENTED_EDGE('',*,*,#610,.F.);
#612=CARTESIAN_POINT('',(-0.059055118110236,0.151574803149606,0.090551181102362));
#613=VERTEX_POINT('',#612);
#614=CARTESIAN_POINT('',(-0.059055118110236,0.145669291338583,0.090551181102362));
#615=DIRECTION('',(0.0,1.0,0.0));
#616=VECTOR('',#615,0.005905511811023);
#617=LINE('',#614,#616);
#618=EDGE_CURVE('',#603,#613,#617,.T.);
#619=ORIENTED_EDGE('',*,*,#618,.T.);
#620=CARTESIAN_POINT('',(0.059055118110236,0.151574803149606,0.090551181102362));
#621=VERTEX_POINT('',#620);
#622=CARTESIAN_POINT('',(0.059055118110236,0.151574803149606,0.090551181102362));
#623=DIRECTION('',(-1.0,0.0,0.0));
#624=VECTOR('',#623,0.118110236220472);
#625=LINE('',#622,#624);
#626=EDGE_CURVE('',#621,#613,#625,.T.);
#627=ORIENTED_EDGE('',*,*,#626,.F.);
#628=CARTESIAN_POINT('',(0.059055118110236,0.151574803149606,0.090551181102362));
#629=DIRECTION('',(0.0,-1.0,0.0));
#630=VECTOR('',#629,0.005905511811023);
#631=LINE('',#628,#630);
#632=EDGE_CURVE('',#621,#605,#631,.T.);
#633=ORIENTED_EDGE('',*,*,#632,.T.);
#634=EDGE_LOOP('',(#611,#619,#627,#633));
#635=FACE_OUTER_BOUND('',#634,.T.);
#636=ADVANCED_FACE('',(#635),#601,.T.);
#637=CARTESIAN_POINT('',(0.143700787401575,-0.151574803149606,0.090551181102362));
#638=DIRECTION('',(0.0,0.0,-1.0));
#639=DIRECTION('',(-1.0,0.0,0.0));
#640=AXIS2_PLACEMENT_3D('',#637,#638,#639);
#641=PLANE('',#640);
#642=CARTESIAN_POINT('',(-0.066296154437117,0.129149149074259,0.090551181102362));
#643=VERTEX_POINT('',#642);
#644=CARTESIAN_POINT('',(-0.063385826771654,0.143700787401575,0.090551181102362));
#645=VERTEX_POINT('',#644);
#646=CARTESIAN_POINT('',(-0.066296154437117,0.129149149074259,0.090551181102362));
#647=DIRECTION('',(0.196116135138184,0.98058067569092,0.0));
#648=VECTOR('',#647,0.014839817557146);
#649=LINE('',#646,#648);
#650=EDGE_CURVE('',#643,#645,#649,.T.);
#651=ORIENTED_EDGE('',*,*,#650,.F.);
#652=CARTESIAN_POINT('',(-0.07015670827842,0.125984251968504,0.090551181102362));
#653=VERTEX_POINT('',#652);
#654=CARTESIAN_POINT('',(-0.07015670827842,0.12992125984252,0.090551181102362));
#655=DIRECTION('',(0.0,0.0,1.0));
#656=DIRECTION('',(0.633988905605538,-0.773342141337902,0.0));
#657=AXIS2_PLACEMENT_3D('',#654,#655,#656);
#658=CIRCLE('',#657,0.003937007874016);
#659=EDGE_CURVE('',#653,#643,#658,.T.);
#660=ORIENTED_EDGE('',*,*,#659,.F.);
#661=CARTESIAN_POINT('',(-0.078740157480315,0.125984251968504,0.090551181102362));
#662=VERTEX_POINT('',#661);
#663=CARTESIAN_POINT('',(-0.078740157480315,0.125984251968504,0.090551181102362));
#664=DIRECTION('',(1.0,0.0,0.0));
#665=VECTOR('',#664,0.008583449201895);
#666=LINE('',#663,#665);
#667=EDGE_CURVE('',#662,#653,#666,.T.);
#668=ORIENTED_EDGE('',*,*,#667,.F.);
#669=CARTESIAN_POINT('',(-0.082677165354331,0.12992125984252,0.090551181102362));
#670=VERTEX_POINT('',#669);
#671=CARTESIAN_POINT('',(-0.078740157480315,0.12992125984252,0.090551181102362));
#672=DIRECTION('',(0.0,0.0,1.0));
#673=DIRECTION('',(-0.707106781186549,-0.707106781186546,0.0));
#674=AXIS2_PLACEMENT_3D('',#671,#672,#673);
#675=CIRCLE('',#674,0.003937007874016);
#676=EDGE_CURVE('',#670,#662,#675,.T.);
#677=ORIENTED_EDGE('',*,*,#676,.F.);
#678=CARTESIAN_POINT('',(-0.082677165354331,0.137795275590551,0.090551181102362));
#679=VERTEX_POINT('',#678);
#680=CARTESIAN_POINT('',(-0.082677165354331,0.137795275590551,0.090551181102362));
#681=DIRECTION('',(0.0,-1.0,0.0));
#682=VECTOR('',#681,0.007874015748031);
#683=LINE('',#680,#682);
#684=EDGE_CURVE('',#679,#670,#683,.T.);
#685=ORIENTED_EDGE('',*,*,#684,.F.);
#686=CARTESIAN_POINT('',(-0.125984251968504,0.137795275590551,0.090551181102362));
#687=VERTEX_POINT('',#686);
#688=CARTESIAN_POINT('',(-0.125984251968504,0.137795275590551,0.090551181102362));
#689=DIRECTION('',(1.0,0.0,0.0));
#690=VECTOR('',#689,0.043307086614173);
#691=LINE('',#688,#690);
#692=EDGE_CURVE('',#687,#679,#691,.T.);
#693=ORIENTED_EDGE('',*,*,#692,.F.);
#694=CARTESIAN_POINT('',(-0.125984251968504,0.062992125984252,0.090551181102362));
#695=VERTEX_POINT('',#694);
#696=CARTESIAN_POINT('',(-0.125984251968504,0.062992125984252,0.090551181102362));
#697=DIRECTION('',(0.0,1.0,0.0));
#698=VECTOR('',#697,0.074803149606299);
#699=LINE('',#696,#698);
#700=EDGE_CURVE('',#695,#687,#699,.T.);
#701=ORIENTED_EDGE('',*,*,#700,.F.);
#702=CARTESIAN_POINT('',(-0.12992125984252,0.059055118110236,0.090551181102362));
#703=VERTEX_POINT('',#702);
#704=CARTESIAN_POINT('',(-0.12992125984252,0.062992125984252,0.090551181102362));
#705=DIRECTION('',(0.0,0.0,1.0));
#706=DIRECTION('',(0.707106781186551,-0.707106781186544,0.0));
#707=AXIS2_PLACEMENT_3D('',#704,#705,#706);
#708=CIRCLE('',#707,0.003937007874016);
#709=EDGE_CURVE('',#703,#695,#708,.T.);
#710=ORIENTED_EDGE('',*,*,#709,.F.);
#711=CARTESIAN_POINT('',(-0.145669291338583,0.059055118110236,0.090551181102362));
#712=VERTEX_POINT('',#711);
#713=CARTESIAN_POINT('',(-0.145669291338583,0.059055118110236,0.090551181102362));
#714=DIRECTION('',(1.0,0.0,0.0));
#715=VECTOR('',#714,0.015748031496063);
#716=LINE('',#713,#715);
#717=EDGE_CURVE('',#712,#703,#716,.T.);
#718=ORIENTED_EDGE('',*,*,#717,.F.);
#719=CARTESIAN_POINT('',(-0.145669291338583,-0.059055118110236,0.090551181102362));
#720=VERTEX_POINT('',#719);
#721=CARTESIAN_POINT('',(-0.145669291338583,-0.059055118110236,0.090551181102362));
#722=DIRECTION('',(0.0,1.0,0.0));
#723=VECTOR('',#722,0.118110236220472);
#724=LINE('',#721,#723);
#725=EDGE_CURVE('',#720,#712,#724,.T.);
#726=ORIENTED_EDGE('',*,*,#725,.F.);
#727=CARTESIAN_POINT('',(-0.12992125984252,-0.059055118110236,0.090551181102362));
#728=VERTEX_POINT('',#727);
#729=CARTESIAN_POINT('',(-0.12992125984252,-0.059055118110236,0.090551181102362));
#730=DIRECTION('',(-1.0,0.0,0.0));
#731=VECTOR('',#730,0.015748031496063);
#732=LINE('',#729,#731);
#733=EDGE_CURVE('',#728,#720,#732,.T.);
#734=ORIENTED_EDGE('',*,*,#733,.F.);
#735=CARTESIAN_POINT('',(-0.125984251968504,-0.062992125984252,0.090551181102362));
#736=VERTEX_POINT('',#735);
#737=CARTESIAN_POINT('',(-0.12992125984252,-0.062992125984252,0.090551181102362));
#738=DIRECTION('',(0.0,0.0,1.0));
#739=DIRECTION('',(0.707106781186551,0.707106781186544,0.0));
#740=AXIS2_PLACEMENT_3D('',#737,#738,#739);
#741=CIRCLE('',#740,0.003937007874016);
#742=EDGE_CURVE('',#736,#728,#741,.T.);
#743=ORIENTED_EDGE('',*,*,#742,.F.);
#744=CARTESIAN_POINT('',(-0.125984251968504,-0.137795275590551,0.090551181102362));
#745=VERTEX_POINT('',#744);
#746=CARTESIAN_POINT('',(-0.125984251968504,-0.137795275590551,0.090551181102362));
#747=DIRECTION('',(0.0,1.0,0.0));
#748=VECTOR('',#747,0.074803149606299);
#749=LINE('',#746,#748);
#750=EDGE_CURVE('',#745,#736,#749,.T.);
#751=ORIENTED_EDGE('',*,*,#750,.F.);
#752=CARTESIAN_POINT('',(-0.082677165354331,-0.137795275590551,0.090551181102362));
#753=VERTEX_POINT('',#752);
#754=CARTESIAN_POINT('',(-0.082677165354331,-0.137795275590551,0.090551181102362));
#755=DIRECTION('',(-1.0,0.0,0.0));
#756=VECTOR('',#755,0.043307086614173);
#757=LINE('',#754,#756);
#758=EDGE_CURVE('',#753,#745,#757,.T.);
#759=ORIENTED_EDGE('',*,*,#758,.F.);
#760=CARTESIAN_POINT('',(-0.082677165354331,-0.12992125984252,0.090551181102362));
#761=VERTEX_POINT('',#760);
#762=CARTESIAN_POINT('',(-0.082677165354331,-0.12992125984252,0.090551181102362));
#763=DIRECTION('',(0.0,-1.0,0.0));
#764=VECTOR('',#763,0.007874015748031);
#765=LINE('',#762,#764);
#766=EDGE_CURVE('',#761,#753,#765,.T.);
#767=ORIENTED_EDGE('',*,*,#766,.F.);
#768=CARTESIAN_POINT('',(-0.078740157480315,-0.125984251968504,0.090551181102362));
#769=VERTEX_POINT('',#768);
#770=CARTESIAN_POINT('',(-0.078740157480315,-0.12992125984252,0.090551181102362));
#771=DIRECTION('',(0.0,0.0,1.0));
#772=DIRECTION('',(-0.707106781186548,0.707106781186548,0.0));
#773=AXIS2_PLACEMENT_3D('',#770,#771,#772);
#774=CIRCLE('',#773,0.003937007874016);
#775=EDGE_CURVE('',#769,#761,#774,.T.);
#776=ORIENTED_EDGE('',*,*,#775,.F.);
#777=CARTESIAN_POINT('',(-0.07015670827842,-0.125984251968504,0.090551181102362));
#778=VERTEX_POINT('',#777);
#779=CARTESIAN_POINT('',(-0.07015670827842,-0.125984251968504,0.090551181102362));
#780=DIRECTION('',(-1.0,0.0,0.0));
#781=VECTOR('',#780,0.008583449201895);
#782=LINE('',#779,#781);
#783=EDGE_CURVE('',#778,#769,#782,.T.);
#784=ORIENTED_EDGE('',*,*,#783,.F.);
#785=CARTESIAN_POINT('',(-0.066296154437117,-0.129149149074259,0.090551181102362));
#786=VERTEX_POINT('',#785);
#787=CARTESIAN_POINT('',(-0.07015670827842,-0.12992125984252,0.090551181102362));
#788=DIRECTION('',(0.0,0.0,1.0));
#789=DIRECTION('',(0.633988905605538,0.773342141337902,0.0));
#790=AXIS2_PLACEMENT_3D('',#787,#788,#789);
#791=CIRCLE('',#790,0.003937007874016);
#792=EDGE_CURVE('',#786,#778,#791,.T.);
#793=ORIENTED_EDGE('',*,*,#792,.F.);
#794=CARTESIAN_POINT('',(-0.063385826771654,-0.143700787401575,0.090551181102362));
#795=DIRECTION('',(-0.196116135138184,0.98058067569092,0.0));
#796=VECTOR('',#795,0.014839817557146);
#797=LINE('',#794,#796);
#798=EDGE_CURVE('',#163,#786,#797,.T.);
#799=ORIENTED_EDGE('',*,*,#798,.F.);
#800=ORIENTED_EDGE('',*,*,#209,.F.);
#801=CARTESIAN_POINT('',(-0.15748031496063,0.143700787401575,0.090551181102362));
#802=VERTEX_POINT('',#801);
#803=CARTESIAN_POINT('',(-0.15748031496063,-0.143700787401575,0.090551181102362));
#804=DIRECTION('',(0.0,1.0,0.0));
#805=VECTOR('',#804,0.28740157480315);
#806=LINE('',#803,#805);
#807=EDGE_CURVE('',#197,#802,#806,.T.);
#808=ORIENTED_EDGE('',*,*,#807,.T.);
#809=CARTESIAN_POINT('',(-0.063385826771654,0.143700787401575,0.090551181102362));
#810=DIRECTION('',(-1.0,0.0,0.0));
#811=VECTOR('',#810,0.094094488188976);
#812=LINE('',#809,#811);
#813=EDGE_CURVE('',#645,#802,#812,.T.);
#814=ORIENTED_EDGE('',*,*,#813,.F.);
#815=EDGE_LOOP('',(#651,#660,#668,#677,#685,#693,#701,#710,#718,#726,#734,#743,#751,#759,#767,#776,#784,#793,#799,#800,#808,#814));
#816=FACE_OUTER_BOUND('',#815,.T.);
#817=ADVANCED_FACE('',(#816),#641,.T.);
#818=CARTESIAN_POINT('',(6.556435E-017,2.155475E-017,0.102949668008523));
#819=DIRECTION('',(0.0,0.0,-1.0));
#820=DIRECTION('',(0.0,1.0,0.0));
#821=AXIS2_PLACEMENT_3D('',#818,#819,#820);
#822=CYLINDRICAL_SURFACE('',#821,0.105314960629921);
#823=CARTESIAN_POINT('',(0.105314960629921,5.953362E-017,0.090612939042133));
#824=VERTEX_POINT('',#823);
#825=CARTESIAN_POINT('',(2.673262E-017,5.953362E-017,0.090612939042132));
#826=DIRECTION('',(0.0,0.0,1.0));
#827=DIRECTION('',(0.0,-1.0,0.0));
#828=AXIS2_PLACEMENT_3D('',#825,#826,#827);
#829=CIRCLE('',#828,0.105314960629921);
#830=EDGE_CURVE('',#824,#824,#829,.T.);
#831=ORIENTED_EDGE('',*,*,#830,.F.);
#832=EDGE_LOOP('',(#831));
#833=FACE_OUTER_BOUND('',#832,.T.);
#834=CARTESIAN_POINT('',(2.687226E-017,0.105314960629921,0.102362204724409));
#835=VERTEX_POINT('',#834);
#836=CARTESIAN_POINT('',(6.556435E-017,2.155475E-017,0.102362204724409));
#837=DIRECTION('',(0.0,0.0,-1.0));
#838=DIRECTION('',(0.0,-1.0,0.0));
#839=AXIS2_PLACEMENT_3D('',#836,#837,#838);
#840=CIRCLE('',#839,0.105314960629921);
#841=EDGE_CURVE('',#835,#835,#840,.T.);
#842=ORIENTED_EDGE('',*,*,#841,.F.);
#843=EDGE_LOOP('',(#842));
#844=FACE_BOUND('',#843,.T.);
#845=ADVANCED_FACE('',(#833,#844),#822,.F.);
#846=CARTESIAN_POINT('',(-0.162992125984252,0.178444881889764,0.002165354330709));
#847=DIRECTION('',(0.742102642751138,0.0,0.67028625796877));
#848=DIRECTION('',(0.67028625796877,0.0,-0.742102642751138));
#849=AXIS2_PLACEMENT_3D('',#846,#847,#848);
#850=PLANE('',#849);
#851=CARTESIAN_POINT('',(-0.077462798389693,0.163385826771654,-0.092527829791839));
#852=VERTEX_POINT('',#851);
#853=CARTESIAN_POINT('',(-0.15748031496063,0.163385826771654,-0.003937007874016));
#854=VERTEX_POINT('',#853);
#855=CARTESIAN_POINT('',(-0.077462798389693,0.163385826771654,-0.092527829791839));
#856=DIRECTION('',(-0.67028625796877,4.650027E-016,0.742102642751138));
#857=VECTOR('',#856,0.119378124822999);
#858=LINE('',#855,#857);
#859=EDGE_CURVE('',#852,#854,#858,.T.);
#860=ORIENTED_EDGE('',*,*,#859,.F.);
#861=CARTESIAN_POINT('',(-0.074128195969089,0.164304978263214,-0.096219711043222));
#862=VERTEX_POINT('',#861);
#863=CARTESIAN_POINT('',(-0.077462798389693,0.171259842519685,-0.092527829791839));
#864=DIRECTION('',(-0.742102642751138,0.0,-0.67028625796877));
#865=DIRECTION('',(0.67028625796877,0.0,-0.742102642751138));
#866=AXIS2_PLACEMENT_3D('',#863,#864,#865);
#867=ELLIPSE('',#866,0.010610413296523,0.007874015748031);
#868=EDGE_CURVE('',#862,#852,#867,.T.);
#869=ORIENTED_EDGE('',*,*,#868,.F.);
#870=CARTESIAN_POINT('',(-0.052245998119094,0.177165354330709,-0.12044643009143));
#871=VERTEX_POINT('',#870);
#872=CARTESIAN_POINT('',(-0.052245998119094,0.177165354330709,-0.12044643009143));
#873=DIRECTION('',(-0.623641188559762,-0.366519865647767,0.690459887334022));
#874=VECTOR('',#873,0.035087800888407);
#875=LINE('',#872,#874);
#876=EDGE_CURVE('',#871,#862,#875,.T.);
#877=ORIENTED_EDGE('',*,*,#876,.F.);
#878=CARTESIAN_POINT('',(-0.047244094488189,0.166733057946002,-0.125984251968504));
#879=VERTEX_POINT('',#878);
#880=CARTESIAN_POINT('',(-0.047244094488189,0.166733057946002,-0.125984251968504));
#881=DIRECTION('',(-0.389966112109794,0.813338752946877,0.431748195550128));
#882=VECTOR('',#881,0.012826508446706);
#883=LINE('',#880,#882);
#884=EDGE_CURVE('',#879,#871,#883,.T.);
#885=ORIENTED_EDGE('',*,*,#884,.F.);
#886=CARTESIAN_POINT('',(-0.06990827004579,0.153413106132727,-0.100891771886874));
#887=VERTEX_POINT('',#886);
#888=CARTESIAN_POINT('',(-0.06990827004579,0.153413106132727,-0.100891771886874));
#889=DIRECTION('',(0.623641188559761,0.366519865647767,-0.690459887334023));
#890=VECTOR('',#889,0.036341691301599);
#891=LINE('',#888,#890);
#892=EDGE_CURVE('',#887,#879,#891,.T.);
#893=ORIENTED_EDGE('',*,*,#892,.F.);
#894=CARTESIAN_POINT('',(-0.076577475028301,0.151574803149606,-0.093508009279814));
#895=VERTEX_POINT('',#894);
#896=CARTESIAN_POINT('',(-0.076577474886998,0.167322834645669,-0.093508009384109));
#897=DIRECTION('',(0.742102642751138,6.162976E-033,0.67028625796877));
#898=DIRECTION('',(0.67028625796877,3.218357E-017,-0.742102642751138));
#899=AXIS2_PLACEMENT_3D('',#896,#897,#898);
#900=ELLIPSE('',#899,0.021220826593046,0.015748031496063);
#901=EDGE_CURVE('',#895,#887,#900,.T.);
#902=ORIENTED_EDGE('',*,*,#901,.F.);
#903=CARTESIAN_POINT('',(-0.15748031496063,0.151574803149606,-0.003937007874016));
#904=VERTEX_POINT('',#903);
#905=CARTESIAN_POINT('',(-0.15748031496063,0.151574803149606,-0.003937007874016));
#906=DIRECTION('',(0.67028625796877,2.299571E-016,-0.742102642751138));
#907=VECTOR('',#906,0.120698938694396);
#908=LINE('',#905,#907);
#909=EDGE_CURVE('',#904,#895,#908,.T.);
#910=ORIENTED_EDGE('',*,*,#909,.F.);
#911=CARTESIAN_POINT('',(-0.15748031496063,0.163385826771654,-0.003937007874016));
#912=DIRECTION('',(0.0,-1.0,0.0));
#913=VECTOR('',#912,0.011811023622048);
#914=LINE('',#911,#913);
#915=EDGE_CURVE('',#854,#904,#914,.T.);
#916=ORIENTED_EDGE('',*,*,#915,.F.);
#917=EDGE_LOOP('',(#860,#869,#877,#885,#893,#902,#910,#916));
#918=FACE_OUTER_BOUND('',#917,.T.);
#919=ADVANCED_FACE('',(#918),#850,.F.);
#920=CARTESIAN_POINT('',(-0.162992125984252,-0.150295275590551,0.002165354330709));
#921=DIRECTION('',(0.742102642751138,0.0,0.67028625796877));
#922=DIRECTION('',(0.67028625796877,0.0,-0.742102642751138));
#923=AXIS2_PLACEMENT_3D('',#920,#921,#922);
#924=PLANE('',#923);
#925=CARTESIAN_POINT('',(-0.15748031496063,-0.163385826771654,-0.003937007874016));
#926=VERTEX_POINT('',#925);
#927=CARTESIAN_POINT('',(-0.077462798389693,-0.163385826771654,-0.092527829791839));
#928=VERTEX_POINT('',#927);
#929=CARTESIAN_POINT('',(-0.15748031496063,-0.163385826771654,-0.003937007874016));
#930=DIRECTION('',(0.67028625796877,0.0,-0.742102642751138));
#931=VECTOR('',#930,0.119378124822999);
#932=LINE('',#929,#931);
#933=EDGE_CURVE('',#926,#928,#932,.T.);
#934=ORIENTED_EDGE('',*,*,#933,.F.);
#935=CARTESIAN_POINT('',(-0.15748031496063,-0.151574803149606,-0.003937007874016));
#936=VERTEX_POINT('',#935);
#937=CARTESIAN_POINT('',(-0.15748031496063,-0.151574803149606,-0.003937007874016));
#938=DIRECTION('',(0.0,-1.0,0.0));
#939=VECTOR('',#938,0.011811023622048);
#940=LINE('',#937,#939);
#941=EDGE_CURVE('',#936,#926,#940,.T.);
#942=ORIENTED_EDGE('',*,*,#941,.F.);
#943=CARTESIAN_POINT('',(-0.076577474651493,-0.151574803149606,-0.093508009592699));
#944=VERTEX_POINT('',#943);
#945=CARTESIAN_POINT('',(-0.076577474677432,-0.151574803149606,-0.093508009616128));
#946=DIRECTION('',(-0.67028625796877,2.299571E-016,0.742102642751138));
#947=VECTOR('',#946,0.120698939179158);
#948=LINE('',#945,#947);
#949=EDGE_CURVE('',#944,#936,#948,.T.);
#950=ORIENTED_EDGE('',*,*,#949,.F.);
#951=CARTESIAN_POINT('',(-0.06990827004579,-0.153413106132727,-0.100891771886874));
#952=VERTEX_POINT('',#951);
#953=CARTESIAN_POINT('',(-0.076577474886998,-0.167322834645669,-0.093508009384109));
#954=DIRECTION('',(0.742102642751138,0.0,0.67028625796877));
#955=DIRECTION('',(0.67028625796877,0.0,-0.742102642751138));
#956=AXIS2_PLACEMENT_3D('',#953,#954,#955);
#957=ELLIPSE('',#956,0.021220826593046,0.015748031496063);
#958=EDGE_CURVE('',#952,#944,#957,.T.);
#959=ORIENTED_EDGE('',*,*,#958,.F.);
#960=CARTESIAN_POINT('',(-0.047244094488189,-0.166733057946002,-0.125984251968504));
#961=VERTEX_POINT('',#960);
#962=CARTESIAN_POINT('',(-0.047244094488189,-0.166733057946002,-0.125984251968504));
#963=DIRECTION('',(-0.623641188559762,0.366519865647767,0.690459887334022));
#964=VECTOR('',#963,0.036341691301599);
#965=LINE('',#962,#964);
#966=EDGE_CURVE('',#961,#952,#965,.T.);
#967=ORIENTED_EDGE('',*,*,#966,.F.);
#968=CARTESIAN_POINT('',(-0.052245998119094,-0.177165354330709,-0.12044643009143));
#969=VERTEX_POINT('',#968);
#970=CARTESIAN_POINT('',(-0.052245998119094,-0.177165354330709,-0.12044643009143));
#971=DIRECTION('',(0.389966112109797,0.813338752946875,-0.431748195550127));
#972=VECTOR('',#971,0.012826508446706);
#973=LINE('',#970,#972);
#974=EDGE_CURVE('',#969,#961,#973,.T.);
#975=ORIENTED_EDGE('',*,*,#974,.F.);
#976=CARTESIAN_POINT('',(-0.074128195969089,-0.164304978263214,-0.096219711043222));
#977=VERTEX_POINT('',#976);
#978=CARTESIAN_POINT('',(-0.074128195969089,-0.164304978263214,-0.096219711043222));
#979=DIRECTION('',(0.623641188559762,-0.366519865647767,-0.690459887334022));
#980=VECTOR('',#979,0.035087800888408);
#981=LINE('',#978,#980);
#982=EDGE_CURVE('',#977,#969,#981,.T.);
#983=ORIENTED_EDGE('',*,*,#982,.F.);
#984=CARTESIAN_POINT('',(-0.077462798389693,-0.171259842519685,-0.092527829791839));
#985=DIRECTION('',(-0.742102642751138,6.162976E-033,-0.67028625796877));
#986=DIRECTION('',(0.67028625796877,-3.218357E-017,-0.742102642751138));
#987=AXIS2_PLACEMENT_3D('',#984,#985,#986);
#988=ELLIPSE('',#987,0.010610413296523,0.007874015748031);
#989=EDGE_CURVE('',#928,#977,#988,.T.);
#990=ORIENTED_EDGE('',*,*,#989,.F.);
#991=EDGE_LOOP('',(#934,#942,#950,#959,#967,#975,#983,#990));
#992=FACE_OUTER_BOUND('',#991,.T.);
#993=ADVANCED_FACE('',(#992),#924,.F.);
#994=CARTESIAN_POINT('',(0.169227470628146,-0.171259842519685,-0.092527829791839));
#995=DIRECTION('',(-1.0,0.0,0.0));
#996=DIRECTION('',(0.0,-0.970378215071782,0.241590810491836));
#997=AXIS2_PLACEMENT_3D('',#994,#995,#996);
#998=CYLINDRICAL_SURFACE('',#997,0.007874015748031);
#999=ORIENTED_EDGE('',*,*,#989,.T.);
#1000=CARTESIAN_POINT('',(0.15748031496063,-0.164304978263214,-0.096219711043222));
#1001=VERTEX_POINT('',#1000);
#1002=CARTESIAN_POINT('',(-0.074128195969089,-0.164304978263214,-0.096219711043222));
#1003=DIRECTION('',(1.0,0.0,0.0));
#1004=VECTOR('',#1003,0.231608510929719);
#1005=LINE('',#1002,#1004);
#1006=EDGE_CURVE('',#977,#1001,#1005,.T.);
#1007=ORIENTED_EDGE('',*,*,#1006,.T.);
#1008=CARTESIAN_POINT('',(0.15748031496063,-0.163385826771654,-0.092527829791839));
#1009=VERTEX_POINT('',#1008);
#1010=CARTESIAN_POINT('',(0.15748031496063,-0.171259842519685,-0.092527829791839));
#1011=DIRECTION('',(1.0,0.0,0.0));
#1012=DIRECTION('',(0.0,0.970378215071787,-0.241590810491814));
#1013=AXIS2_PLACEMENT_3D('',#1010,#1011,#1012);
#1014=CIRCLE('',#1013,0.007874015748031);
#1015=EDGE_CURVE('',#1001,#1009,#1014,.T.);
#1016=ORIENTED_EDGE('',*,*,#1015,.T.);
#1017=CARTESIAN_POINT('',(0.15748031496063,-0.163385826771654,-0.092527829791839));
#1018=DIRECTION('',(-1.0,0.0,0.0));
#1019=VECTOR('',#1018,0.234943113350323);
#1020=LINE('',#1017,#1019);
#1021=EDGE_CURVE('',#1009,#928,#1020,.T.);
#1022=ORIENTED_EDGE('',*,*,#1021,.T.);
#1023=EDGE_LOOP('',(#999,#1007,#1016,#1022));
#1024=FACE_OUTER_BOUND('',#1023,.T.);
#1025=ADVANCED_FACE('',(#1024),#998,.F.);
#1026=CARTESIAN_POINT('',(0.169060740507116,-0.16366195945984,-0.095008375090811));
#1027=DIRECTION('',(0.0,-0.883267760571816,0.468868918925587));
#1028=DIRECTION('',(0.0,-0.468868918925587,-0.883267760571816));
#1029=AXIS2_PLACEMENT_3D('',#1026,#1027,#1028);
#1030=PLANE('',#1029);
#1031=ORIENTED_EDGE('',*,*,#982,.T.);
#1032=CARTESIAN_POINT('',(0.15748031496063,-0.177165354330709,-0.12044643009143));
#1033=VERTEX_POINT('',#1032);
#1034=CARTESIAN_POINT('',(0.15748031496063,-0.177165354330709,-0.12044643009143));
#1035=DIRECTION('',(-1.0,0.0,0.0));
#1036=VECTOR('',#1035,0.209726313079724);
#1037=LINE('',#1034,#1036);
#1038=EDGE_CURVE('',#1033,#969,#1037,.T.);
#1039=ORIENTED_EDGE('',*,*,#1038,.F.);
#1040=CARTESIAN_POINT('',(0.15748031496063,-0.177165354330709,-0.12044643009143));
#1041=DIRECTION('',(0.0,0.468868918925587,0.883267760571816));
#1042=VECTOR('',#1041,0.027428510503456);
#1043=LINE('',#1040,#1042);
#1044=EDGE_CURVE('',#1033,#1001,#1043,.T.);
#1045=ORIENTED_EDGE('',*,*,#1044,.T.);
#1046=ORIENTED_EDGE('',*,*,#1006,.F.);
#1047=EDGE_LOOP('',(#1031,#1039,#1045,#1046));
#1048=FACE_OUTER_BOUND('',#1047,.T.);
#1049=ADVANCED_FACE('',(#1048),#1030,.T.);
#1050=CARTESIAN_POINT('',(0.167966630614616,-0.177686969149944,-0.120169538997576));
#1051=DIRECTION('',(0.0,-0.468868918925585,-0.883267760571817));
#1052=DIRECTION('',(-1.0,0.0,0.0));
#1053=AXIS2_PLACEMENT_3D('',#1050,#1051,#1052);
#1054=PLANE('',#1053);
#1055=ORIENTED_EDGE('',*,*,#974,.T.);
#1056=CARTESIAN_POINT('',(0.15748031496063,-0.166733057946002,-0.125984251968504));
#1057=VERTEX_POINT('',#1056);
#1058=CARTESIAN_POINT('',(0.15748031496063,-0.166733057946002,-0.125984251968504));
#1059=DIRECTION('',(-1.0,0.0,0.0));
#1060=VECTOR('',#1059,0.204724409448819);
#1061=LINE('',#1058,#1060);
#1062=EDGE_CURVE('',#1057,#961,#1061,.T.);
#1063=ORIENTED_EDGE('',*,*,#1062,.F.);
#1064=CARTESIAN_POINT('',(0.15748031496063,-0.166733057946002,-0.125984251968504));
#1065=DIRECTION('',(0.0,-0.883267760571818,0.468868918925585));
#1066=VECTOR('',#1065,0.011811023622048);
#1067=LINE('',#1064,#1066);
#1068=EDGE_CURVE('',#1057,#1033,#1067,.T.);
#1069=ORIENTED_EDGE('',*,*,#1068,.T.);
#1070=ORIENTED_EDGE('',*,*,#1038,.T.);
#1071=EDGE_LOOP('',(#1055,#1063,#1069,#1070));
#1072=FACE_OUTER_BOUND('',#1071,.T.);
#1073=ADVANCED_FACE('',(#1072),#1054,.T.);
#1074=CARTESIAN_POINT('',(-0.081277699296111,-0.152747108542064,-0.099637147882792));
#1075=DIRECTION('',(0.0,0.883267760571816,-0.468868918925588));
#1076=DIRECTION('',(0.0,0.468868918925588,0.883267760571816));
#1077=AXIS2_PLACEMENT_3D('',#1074,#1075,#1076);
#1078=PLANE('',#1077);
#1079=ORIENTED_EDGE('',*,*,#966,.T.);
#1080=CARTESIAN_POINT('',(0.15748031496063,-0.153413106132727,-0.100891771886874));
#1081=VERTEX_POINT('',#1080);
#1082=CARTESIAN_POINT('',(0.15748031496063,-0.153413106132727,-0.100891771886874));
#1083=DIRECTION('',(-1.0,0.0,0.0));
#1084=VECTOR('',#1083,0.22738858500642);
#1085=LINE('',#1082,#1084);
#1086=EDGE_CURVE('',#1081,#952,#1085,.T.);
#1087=ORIENTED_EDGE('',*,*,#1086,.F.);
#1088=CARTESIAN_POINT('',(0.15748031496063,-0.153413106132727,-0.100891771886874));
#1089=DIRECTION('',(0.0,-0.468868918925588,-0.883267760571816));
#1090=VECTOR('',#1089,0.028408690095725);
#1091=LINE('',#1088,#1090);
#1092=EDGE_CURVE('',#1081,#1057,#1091,.T.);
#1093=ORIENTED_EDGE('',*,*,#1092,.T.);
#1094=ORIENTED_EDGE('',*,*,#1062,.T.);
#1095=EDGE_LOOP('',(#1079,#1087,#1093,#1094));
#1096=FACE_OUTER_BOUND('',#1095,.T.);
#1097=ADVANCED_FACE('',(#1096),#1078,.T.);
#1098=CARTESIAN_POINT('',(0.169227470628146,0.171259842519685,-0.092527829791839));
#1099=DIRECTION('',(-1.0,0.0,0.0));
#1100=DIRECTION('',(0.0,0.970378215071782,0.241590810491836));
#1101=AXIS2_PLACEMENT_3D('',#1098,#1099,#1100);
#1102=CYLINDRICAL_SURFACE('',#1101,0.007874015748031);
#1103=ORIENTED_EDGE('',*,*,#868,.T.);
#1104=CARTESIAN_POINT('',(0.15748031496063,0.163385826771654,-0.092527829791839));
#1105=VERTEX_POINT('',#1104);
#1106=CARTESIAN_POINT('',(-0.077462798389693,0.163385826771654,-0.092527829791839));
#1107=DIRECTION('',(1.0,0.0,0.0));
#1108=VECTOR('',#1107,0.234943113350323);
#1109=LINE('',#1106,#1108);
#1110=EDGE_CURVE('',#852,#1105,#1109,.T.);
#1111=ORIENTED_EDGE('',*,*,#1110,.T.);
#1112=CARTESIAN_POINT('',(0.15748031496063,0.164304978263214,-0.096219711043222));
#1113=VERTEX_POINT('',#1112);
#1114=CARTESIAN_POINT('',(0.15748031496063,0.171259842519685,-0.092527829791839));
#1115=DIRECTION('',(1.0,0.0,0.0));
#1116=DIRECTION('',(0.0,-0.970378215071787,-0.241590810491815));
#1117=AXIS2_PLACEMENT_3D('',#1114,#1115,#1116);
#1118=CIRCLE('',#1117,0.007874015748031);
#1119=EDGE_CURVE('',#1105,#1113,#1118,.T.);
#1120=ORIENTED_EDGE('',*,*,#1119,.T.);
#1121=CARTESIAN_POINT('',(0.15748031496063,0.164304978263214,-0.096219711043222));
#1122=DIRECTION('',(-1.0,0.0,0.0));
#1123=VECTOR('',#1122,0.231608510929719);
#1124=LINE('',#1121,#1123);
#1125=EDGE_CURVE('',#1113,#862,#1124,.T.);
#1126=ORIENTED_EDGE('',*,*,#1125,.T.);
#1127=EDGE_LOOP('',(#1103,#1111,#1120,#1126));
#1128=FACE_OUTER_BOUND('',#1127,.T.);
#1129=ADVANCED_FACE('',(#1128),#1102,.F.);
#1130=CARTESIAN_POINT('',(-0.175986698061486,0.163385826771654,0.095571273379355));
#1131=DIRECTION('',(0.0,1.0,0.0));
#1132=DIRECTION('',(0.0,0.0,1.0));
#1133=AXIS2_PLACEMENT_3D('',#1130,#1131,#1132);
#1134=PLANE('',#1133);
#1135=ORIENTED_EDGE('',*,*,#859,.T.);
#1136=CARTESIAN_POINT('',(-0.15748031496063,0.163385826771654,0.086614173228346));
#1137=VERTEX_POINT('',#1136);
#1138=CARTESIAN_POINT('',(-0.15748031496063,0.163385826771654,-0.003937007874016));
#1139=DIRECTION('',(0.0,0.0,1.0));
#1140=VECTOR('',#1139,0.090551181102362);
#1141=LINE('',#1138,#1140);
#1142=EDGE_CURVE('',#854,#1137,#1141,.T.);
#1143=ORIENTED_EDGE('',*,*,#1142,.T.);
#1144=CARTESIAN_POINT('',(-0.059055118110236,0.163385826771654,0.086614173228346));
#1145=VERTEX_POINT('',#1144);
#1146=CARTESIAN_POINT('',(-0.059055118110236,0.163385826771654,0.086614173228346));
#1147=DIRECTION('',(-1.0,0.0,0.0));
#1148=VECTOR('',#1147,0.098425196850394);
#1149=LINE('',#1146,#1148);
#1150=EDGE_CURVE('',#1145,#1137,#1149,.T.);
#1151=ORIENTED_EDGE('',*,*,#1150,.F.);
#1152=CARTESIAN_POINT('',(-0.059055118110236,0.163385826771654,-0.066929133858268));
#1153=VERTEX_POINT('',#1152);
#1154=CARTESIAN_POINT('',(-0.059055118110236,0.163385826771654,0.086614173228346));
#1155=DIRECTION('',(0.0,0.0,-1.0));
#1156=VECTOR('',#1155,0.153543307086614);
#1157=LINE('',#1154,#1156);
#1158=EDGE_CURVE('',#1145,#1153,#1157,.T.);
#1159=ORIENTED_EDGE('',*,*,#1158,.T.);
#1160=CARTESIAN_POINT('',(-0.051181102362205,0.163385826771654,-0.074803149606299));
#1161=VERTEX_POINT('',#1160);
#1162=CARTESIAN_POINT('',(-0.051181102362205,0.163385826771654,-0.066929133858268));
#1163=DIRECTION('',(0.0,1.0,0.0));
#1164=DIRECTION('',(-0.707106781186547,0.0,-0.707106781186547));
#1165=AXIS2_PLACEMENT_3D('',#1162,#1163,#1164);
#1166=CIRCLE('',#1165,0.007874015748031);
#1167=EDGE_CURVE('',#1161,#1153,#1166,.T.);
#1168=ORIENTED_EDGE('',*,*,#1167,.F.);
#1169=CARTESIAN_POINT('',(-0.047244094488189,0.163385826771654,-0.074803149606299));
#1170=VERTEX_POINT('',#1169);
#1171=CARTESIAN_POINT('',(-0.051181102362205,0.163385826771654,-0.074803149606299));
#1172=DIRECTION('',(1.0,0.0,0.0));
#1173=VECTOR('',#1172,0.003937007874016);
#1174=LINE('',#1171,#1173);
#1175=EDGE_CURVE('',#1161,#1170,#1174,.T.);
#1176=ORIENTED_EDGE('',*,*,#1175,.T.);
#1177=CARTESIAN_POINT('',(-0.039370078740157,0.163385826771654,-0.066929133858268));
#1178=VERTEX_POINT('',#1177);
#1179=CARTESIAN_POINT('',(-0.047244094488189,0.163385826771654,-0.066929133858268));
#1180=DIRECTION('',(0.0,1.0,0.0));
#1181=DIRECTION('',(0.707106781186547,0.0,-0.707106781186547));
#1182=AXIS2_PLACEMENT_3D('',#1179,#1180,#1181);
#1183=CIRCLE('',#1182,0.007874015748031);
#1184=EDGE_CURVE('',#1178,#1170,#1183,.T.);
#1185=ORIENTED_EDGE('',*,*,#1184,.F.);
#1186=CARTESIAN_POINT('',(-0.039370078740157,0.163385826771654,-0.051697471626567));
#1187=VERTEX_POINT('',#1186);
#1188=CARTESIAN_POINT('',(-0.039370078740157,0.163385826771654,-0.066929133858268));
#1189=DIRECTION('',(0.0,0.0,1.0));
#1190=VECTOR('',#1189,0.015231662231701);
#1191=LINE('',#1188,#1190);
#1192=EDGE_CURVE('',#1178,#1187,#1191,.T.);
#1193=ORIENTED_EDGE('',*,*,#1192,.T.);
#1194=CARTESIAN_POINT('',(0.039370078740158,0.163385826771654,-0.051697471626567));
#1195=VERTEX_POINT('',#1194);
#1196=CARTESIAN_POINT('',(0.039370078740158,0.163385826771654,-0.051697471626567));
#1197=DIRECTION('',(-1.0,0.0,0.0));
#1198=VECTOR('',#1197,0.078740157480315);
#1199=LINE('',#1196,#1198);
#1200=EDGE_CURVE('',#1195,#1187,#1199,.T.);
#1201=ORIENTED_EDGE('',*,*,#1200,.F.);
#1202=CARTESIAN_POINT('',(0.039370078740158,0.163385826771654,-0.066929133858268));
#1203=VERTEX_POINT('',#1202);
#1204=CARTESIAN_POINT('',(0.039370078740158,0.163385826771654,-0.051697471626567));
#1205=DIRECTION('',(0.0,0.0,-1.0));
#1206=VECTOR('',#1205,0.015231662231701);
#1207=LINE('',#1204,#1206);
#1208=EDGE_CURVE('',#1195,#1203,#1207,.T.);
#1209=ORIENTED_EDGE('',*,*,#1208,.T.);
#1210=CARTESIAN_POINT('',(0.047244094488189,0.163385826771654,-0.074803149606299));
#1211=VERTEX_POINT('',#1210);
#1212=CARTESIAN_POINT('',(0.047244094488189,0.163385826771654,-0.066929133858268));
#1213=DIRECTION('',(0.0,1.0,0.0));
#1214=DIRECTION('',(-0.707106781186547,0.0,-0.707106781186547));
#1215=AXIS2_PLACEMENT_3D('',#1212,#1213,#1214);
#1216=CIRCLE('',#1215,0.007874015748031);
#1217=EDGE_CURVE('',#1211,#1203,#1216,.T.);
#1218=ORIENTED_EDGE('',*,*,#1217,.F.);
#1219=CARTESIAN_POINT('',(0.051181102362205,0.163385826771654,-0.074803149606299));
#1220=VERTEX_POINT('',#1219);
#1221=CARTESIAN_POINT('',(0.047244094488189,0.163385826771654,-0.074803149606299));
#1222=DIRECTION('',(1.0,0.0,0.0));
#1223=VECTOR('',#1222,0.003937007874016);
#1224=LINE('',#1221,#1223);
#1225=EDGE_CURVE('',#1211,#1220,#1224,.T.);
#1226=ORIENTED_EDGE('',*,*,#1225,.T.);
#1227=CARTESIAN_POINT('',(0.059055118110236,0.163385826771654,-0.066929133858268));
#1228=VERTEX_POINT('',#1227);
#1229=CARTESIAN_POINT('',(0.051181102362205,0.163385826771654,-0.066929133858268));
#1230=DIRECTION('',(0.0,1.0,0.0));
#1231=DIRECTION('',(0.707106781186547,0.0,-0.707106781186547));
#1232=AXIS2_PLACEMENT_3D('',#1229,#1230,#1231);
#1233=CIRCLE('',#1232,0.007874015748031);
#1234=EDGE_CURVE('',#1228,#1220,#1233,.T.);
#1235=ORIENTED_EDGE('',*,*,#1234,.F.);
#1236=CARTESIAN_POINT('',(0.059055118110236,0.163385826771654,0.086614173228346));
#1237=VERTEX_POINT('',#1236);
#1238=CARTESIAN_POINT('',(0.059055118110236,0.163385826771654,-0.066929133858268));
#1239=DIRECTION('',(0.0,0.0,1.0));
#1240=VECTOR('',#1239,0.153543307086614);
#1241=LINE('',#1238,#1240);
#1242=EDGE_CURVE('',#1228,#1237,#1241,.T.);
#1243=ORIENTED_EDGE('',*,*,#1242,.T.);
#1244=CARTESIAN_POINT('',(0.143700787401575,0.163385826771654,0.086614173228346));
#1245=VERTEX_POINT('',#1244);
#1246=CARTESIAN_POINT('',(0.143700787401575,0.163385826771654,0.086614173228346));
#1247=DIRECTION('',(-1.0,0.0,0.0));
#1248=VECTOR('',#1247,0.084645669291339);
#1249=LINE('',#1246,#1248);
#1250=EDGE_CURVE('',#1245,#1237,#1249,.T.);
#1251=ORIENTED_EDGE('',*,*,#1250,.F.);
#1252=CARTESIAN_POINT('',(0.143700787401575,0.163385826771654,-0.003937007874016));
#1253=VERTEX_POINT('',#1252);
#1254=CARTESIAN_POINT('',(0.143700787401575,0.163385826771654,0.086614173228346));
#1255=DIRECTION('',(0.0,0.0,-1.0));
#1256=VECTOR('',#1255,0.090551181102362);
#1257=LINE('',#1254,#1256);
#1258=EDGE_CURVE('',#1245,#1253,#1257,.T.);
#1259=ORIENTED_EDGE('',*,*,#1258,.T.);
#1260=CARTESIAN_POINT('',(0.151574803149606,0.163385826771654,-0.011811023622047));
#1261=VERTEX_POINT('',#1260);
#1262=CARTESIAN_POINT('',(0.151574803149606,0.163385826771654,-0.003937007874016));
#1263=DIRECTION('',(0.0,1.0,0.0));
#1264=DIRECTION('',(-0.707106781186547,0.0,-0.707106781186548));
#1265=AXIS2_PLACEMENT_3D('',#1262,#1263,#1264);
#1266=CIRCLE('',#1265,0.007874015748031);
#1267=EDGE_CURVE('',#1261,#1253,#1266,.T.);
#1268=ORIENTED_EDGE('',*,*,#1267,.F.);
#1269=CARTESIAN_POINT('',(0.15748031496063,0.163385826771654,-0.011811023622047));
#1270=VERTEX_POINT('',#1269);
#1271=CARTESIAN_POINT('',(0.151574803149606,0.163385826771654,-0.011811023622047));
#1272=DIRECTION('',(1.0,0.0,0.0));
#1273=VECTOR('',#1272,0.005905511811024);
#1274=LINE('',#1271,#1273);
#1275=EDGE_CURVE('',#1261,#1270,#1274,.T.);
#1276=ORIENTED_EDGE('',*,*,#1275,.T.);
#1277=CARTESIAN_POINT('',(0.15748031496063,0.163385826771654,-0.04488188976378));
#1278=VERTEX_POINT('',#1277);
#1279=CARTESIAN_POINT('',(0.15748031496063,0.163385826771654,-0.011811023622047));
#1280=DIRECTION('',(0.0,0.0,-1.0));
#1281=VECTOR('',#1280,0.033070866141733);
#1282=LINE('',#1279,#1281);
#1283=EDGE_CURVE('',#1270,#1278,#1282,.T.);
#1284=ORIENTED_EDGE('',*,*,#1283,.T.);
#1285=CARTESIAN_POINT('',(0.21264734705649,0.163385826771654,-0.04488188976378));
#1286=VERTEX_POINT('',#1285);
#1287=CARTESIAN_POINT('',(0.15748031496063,0.163385826771654,-0.04488188976378));
#1288=DIRECTION('',(1.0,0.0,0.0));
#1289=VECTOR('',#1288,0.05516703209586);
#1290=LINE('',#1287,#1289);
#1291=EDGE_CURVE('',#1278,#1286,#1290,.T.);
#1292=ORIENTED_EDGE('',*,*,#1291,.T.);
#1293=CARTESIAN_POINT('',(0.21264734705649,0.163385826771654,-0.076377952755905));
#1294=VERTEX_POINT('',#1293);
#1295=CARTESIAN_POINT('',(0.21264734705649,0.163385826771654,-0.04488188976378));
#1296=DIRECTION('',(0.0,0.0,-1.0));
#1297=VECTOR('',#1296,0.031496062992125);
#1298=LINE('',#1295,#1297);
#1299=EDGE_CURVE('',#1286,#1294,#1298,.T.);
#1300=ORIENTED_EDGE('',*,*,#1299,.T.);
#1301=CARTESIAN_POINT('',(0.15748031496063,0.163385826771654,-0.076377952755906));
#1302=VERTEX_POINT('',#1301);
#1303=CARTESIAN_POINT('',(0.21264734705649,0.163385826771654,-0.076377952755905));
#1304=DIRECTION('',(-1.0,0.0,0.0));
#1305=VECTOR('',#1304,0.05516703209586);
#1306=LINE('',#1303,#1305);
#1307=EDGE_CURVE('',#1294,#1302,#1306,.T.);
#1308=ORIENTED_EDGE('',*,*,#1307,.T.);
#1309=CARTESIAN_POINT('',(0.15748031496063,0.163385826771654,-0.076377952755906));
#1310=DIRECTION('',(0.0,0.0,-1.0));
#1311=VECTOR('',#1310,0.016149877035933);
#1312=LINE('',#1309,#1311);
#1313=EDGE_CURVE('',#1302,#1105,#1312,.T.);
#1314=ORIENTED_EDGE('',*,*,#1313,.T.);
#1315=ORIENTED_EDGE('',*,*,#1110,.F.);
#1316=EDGE_LOOP('',(#1135,#1143,#1151,#1159,#1168,#1176,#1185,#1193,#1201,#1209,#1218,#1226,#1235,#1243,#1251,#1259,#1268,#1276,#1284,#1292,#1300,#1308,#1314,#1315));
#1317=FACE_OUTER_BOUND('',#1316,.T.);
#1318=ADVANCED_FACE('',(#1317),#1134,.T.);
#1319=CARTESIAN_POINT('',(0.234177071929202,0.151574803149606,0.091486424091253));
#1320=DIRECTION('',(0.0,-1.0,0.0));
#1321=DIRECTION('',(0.0,0.0,-1.0));
#1322=AXIS2_PLACEMENT_3D('',#1319,#1320,#1321);
#1323=PLANE('',#1322);
#1324=ORIENTED_EDGE('',*,*,#909,.T.);
#1325=CARTESIAN_POINT('',(0.15748031496063,0.151574803149606,-0.093508009384109));
#1326=VERTEX_POINT('',#1325);
#1327=CARTESIAN_POINT('',(0.15748031496063,0.151574803149606,-0.093508009384109));
#1328=DIRECTION('',(-1.0,0.0,0.0));
#1329=VECTOR('',#1328,0.234057789988931);
#1330=LINE('',#1327,#1329);
#1331=EDGE_CURVE('',#1326,#895,#1330,.T.);
#1332=ORIENTED_EDGE('',*,*,#1331,.F.);
#1333=CARTESIAN_POINT('',(0.15748031496063,0.151574803149606,-0.076377952755906));
#1334=VERTEX_POINT('',#1333);
#1335=CARTESIAN_POINT('',(0.15748031496063,0.151574803149606,-0.093508009384109));
#1336=DIRECTION('',(0.0,0.0,1.0));
#1337=VECTOR('',#1336,0.017130056628203);
#1338=LINE('',#1335,#1337);
#1339=EDGE_CURVE('',#1326,#1334,#1338,.T.);
#1340=ORIENTED_EDGE('',*,*,#1339,.T.);
#1341=CARTESIAN_POINT('',(0.215526720172543,0.151574803149606,-0.076377952755905));
#1342=VERTEX_POINT('',#1341);
#1343=CARTESIAN_POINT('',(0.15748031496063,0.151574803149606,-0.076377952755905));
#1344=DIRECTION('',(1.0,0.0,0.0));
#1345=VECTOR('',#1344,0.058046405211913);
#1346=LINE('',#1343,#1345);
#1347=EDGE_CURVE('',#1334,#1342,#1346,.T.);
#1348=ORIENTED_EDGE('',*,*,#1347,.T.);
#1349=CARTESIAN_POINT('',(0.215526720172543,0.151574803149606,-0.04488188976378));
#1350=VERTEX_POINT('',#1349);
#1351=CARTESIAN_POINT('',(0.215526720172543,0.151574803149606,-0.04488188976378));
#1352=DIRECTION('',(0.0,0.0,-1.0));
#1353=VECTOR('',#1352,0.031496062992125);
#1354=LINE('',#1351,#1353);
#1355=EDGE_CURVE('',#1350,#1342,#1354,.T.);
#1356=ORIENTED_EDGE('',*,*,#1355,.F.);
#1357=CARTESIAN_POINT('',(0.15748031496063,0.151574803149606,-0.04488188976378));
#1358=VERTEX_POINT('',#1357);
#1359=CARTESIAN_POINT('',(0.215526720172543,0.151574803149606,-0.04488188976378));
#1360=DIRECTION('',(-1.0,0.0,0.0));
#1361=VECTOR('',#1360,0.058046405211913);
#1362=LINE('',#1359,#1361);
#1363=EDGE_CURVE('',#1350,#1358,#1362,.T.);
#1364=ORIENTED_EDGE('',*,*,#1363,.T.);
#1365=CARTESIAN_POINT('',(0.15748031496063,0.151574803149606,-0.011811023622047));
#1366=VERTEX_POINT('',#1365);
#1367=CARTESIAN_POINT('',(0.15748031496063,0.151574803149606,-0.04488188976378));
#1368=DIRECTION('',(0.0,0.0,1.0));
#1369=VECTOR('',#1368,0.033070866141733);
#1370=LINE('',#1367,#1369);
#1371=EDGE_CURVE('',#1358,#1366,#1370,.T.);
#1372=ORIENTED_EDGE('',*,*,#1371,.T.);
#1373=CARTESIAN_POINT('',(0.151574803149606,0.151574803149606,-0.011811023622047));
#1374=VERTEX_POINT('',#1373);
#1375=CARTESIAN_POINT('',(0.151574803149606,0.151574803149606,-0.011811023622047));
#1376=DIRECTION('',(1.0,0.0,0.0));
#1377=VECTOR('',#1376,0.005905511811024);
#1378=LINE('',#1375,#1377);
#1379=EDGE_CURVE('',#1374,#1366,#1378,.T.);
#1380=ORIENTED_EDGE('',*,*,#1379,.F.);
#1381=CARTESIAN_POINT('',(0.143700787401575,0.151574803149606,-0.003937007874016));
#1382=VERTEX_POINT('',#1381);
#1383=CARTESIAN_POINT('',(0.151574803149606,0.151574803149606,-0.003937007874016));
#1384=DIRECTION('',(0.0,-1.0,0.0));
#1385=DIRECTION('',(-0.707106781186547,0.0,-0.707106781186548));
#1386=AXIS2_PLACEMENT_3D('',#1383,#1384,#1385);
#1387=CIRCLE('',#1386,0.007874015748031);
#1388=EDGE_CURVE('',#1382,#1374,#1387,.T.);
#1389=ORIENTED_EDGE('',*,*,#1388,.F.);
#1390=CARTESIAN_POINT('',(0.143700787401575,0.151574803149606,0.082677165354331));
#1391=VERTEX_POINT('',#1390);
#1392=CARTESIAN_POINT('',(0.143700787401575,0.151574803149606,-0.003937007874016));
#1393=DIRECTION('',(0.0,0.0,1.0));
#1394=VECTOR('',#1393,0.086614173228347);
#1395=LINE('',#1392,#1394);
#1396=EDGE_CURVE('',#1382,#1391,#1395,.T.);
#1397=ORIENTED_EDGE('',*,*,#1396,.T.);
#1398=CARTESIAN_POINT('',(0.059055118110236,0.151574803149606,0.082677165354331));
#1399=VERTEX_POINT('',#1398);
#1400=CARTESIAN_POINT('',(0.059055118110236,0.151574803149606,0.082677165354331));
#1401=DIRECTION('',(1.0,0.0,0.0));
#1402=VECTOR('',#1401,0.084645669291339);
#1403=LINE('',#1400,#1402);
#1404=EDGE_CURVE('',#1399,#1391,#1403,.T.);
#1405=ORIENTED_EDGE('',*,*,#1404,.F.);
#1406=CARTESIAN_POINT('',(0.059055118110236,0.151574803149606,-0.066929133858268));
#1407=VERTEX_POINT('',#1406);
#1408=CARTESIAN_POINT('',(0.059055118110236,0.151574803149606,0.082677165354331));
#1409=DIRECTION('',(0.0,0.0,-1.0));
#1410=VECTOR('',#1409,0.149606299212599);
#1411=LINE('',#1408,#1410);
#1412=EDGE_CURVE('',#1399,#1407,#1411,.T.);
#1413=ORIENTED_EDGE('',*,*,#1412,.T.);
#1414=CARTESIAN_POINT('',(0.051181102362205,0.151574803149606,-0.074803149606299));
#1415=VERTEX_POINT('',#1414);
#1416=CARTESIAN_POINT('',(0.051181102362205,0.151574803149606,-0.066929133858268));
#1417=DIRECTION('',(0.0,-1.0,0.0));
#1418=DIRECTION('',(0.707106781186547,0.0,-0.707106781186547));
#1419=AXIS2_PLACEMENT_3D('',#1416,#1417,#1418);
#1420=CIRCLE('',#1419,0.007874015748031);
#1421=EDGE_CURVE('',#1415,#1407,#1420,.T.);
#1422=ORIENTED_EDGE('',*,*,#1421,.F.);
#1423=CARTESIAN_POINT('',(0.047244094488189,0.151574803149606,-0.074803149606299));
#1424=VERTEX_POINT('',#1423);
#1425=CARTESIAN_POINT('',(0.051181102362205,0.151574803149606,-0.074803149606299));
#1426=DIRECTION('',(-1.0,0.0,0.0));
#1427=VECTOR('',#1426,0.003937007874016);
#1428=LINE('',#1425,#1427);
#1429=EDGE_CURVE('',#1415,#1424,#1428,.T.);
#1430=ORIENTED_EDGE('',*,*,#1429,.T.);
#1431=CARTESIAN_POINT('',(0.039370078740158,0.151574803149606,-0.066929133858268));
#1432=VERTEX_POINT('',#1431);
#1433=CARTESIAN_POINT('',(0.047244094488189,0.151574803149606,-0.066929133858268));
#1434=DIRECTION('',(0.0,-1.0,0.0));
#1435=DIRECTION('',(-0.707106781186547,0.0,-0.707106781186547));
#1436=AXIS2_PLACEMENT_3D('',#1433,#1434,#1435);
#1437=CIRCLE('',#1436,0.007874015748031);
#1438=EDGE_CURVE('',#1432,#1424,#1437,.T.);
#1439=ORIENTED_EDGE('',*,*,#1438,.F.);
#1440=CARTESIAN_POINT('',(0.039370078740158,0.151574803149606,-0.051181102362205));
#1441=VERTEX_POINT('',#1440);
#1442=CARTESIAN_POINT('',(0.039370078740158,0.151574803149606,-0.066929133858268));
#1443=DIRECTION('',(0.0,0.0,1.0));
#1444=VECTOR('',#1443,0.015748031496063);
#1445=LINE('',#1442,#1444);
#1446=EDGE_CURVE('',#1432,#1441,#1445,.T.);
#1447=ORIENTED_EDGE('',*,*,#1446,.T.);
#1448=CARTESIAN_POINT('',(-0.039370078740157,0.151574803149606,-0.051181102362205));
#1449=VERTEX_POINT('',#1448);
#1450=CARTESIAN_POINT('',(-0.039370078740157,0.151574803149606,-0.051181102362205));
#1451=DIRECTION('',(1.0,0.0,0.0));
#1452=VECTOR('',#1451,0.078740157480315);
#1453=LINE('',#1450,#1452);
#1454=EDGE_CURVE('',#1449,#1441,#1453,.T.);
#1455=ORIENTED_EDGE('',*,*,#1454,.F.);
#1456=CARTESIAN_POINT('',(-0.039370078740157,0.151574803149606,-0.066929133858268));
#1457=VERTEX_POINT('',#1456);
#1458=CARTESIAN_POINT('',(-0.039370078740157,0.151574803149606,-0.051181102362205));
#1459=DIRECTION('',(0.0,0.0,-1.0));
#1460=VECTOR('',#1459,0.015748031496063);
#1461=LINE('',#1458,#1460);
#1462=EDGE_CURVE('',#1449,#1457,#1461,.T.);
#1463=ORIENTED_EDGE('',*,*,#1462,.T.);
#1464=CARTESIAN_POINT('',(-0.047244094488189,0.151574803149606,-0.074803149606299));
#1465=VERTEX_POINT('',#1464);
#1466=CARTESIAN_POINT('',(-0.047244094488189,0.151574803149606,-0.066929133858268));
#1467=DIRECTION('',(0.0,-1.0,0.0));
#1468=DIRECTION('',(0.707106781186547,0.0,-0.707106781186547));
#1469=AXIS2_PLACEMENT_3D('',#1466,#1467,#1468);
#1470=CIRCLE('',#1469,0.007874015748031);
#1471=EDGE_CURVE('',#1465,#1457,#1470,.T.);
#1472=ORIENTED_EDGE('',*,*,#1471,.F.);
#1473=CARTESIAN_POINT('',(-0.051181102362205,0.151574803149606,-0.074803149606299));
#1474=VERTEX_POINT('',#1473);
#1475=CARTESIAN_POINT('',(-0.047244094488189,0.151574803149606,-0.074803149606299));
#1476=DIRECTION('',(-1.0,0.0,0.0));
#1477=VECTOR('',#1476,0.003937007874016);
#1478=LINE('',#1475,#1477);
#1479=EDGE_CURVE('',#1465,#1474,#1478,.T.);
#1480=ORIENTED_EDGE('',*,*,#1479,.T.);
#1481=CARTESIAN_POINT('',(-0.059055118110236,0.151574803149606,-0.066929133858268));
#1482=VERTEX_POINT('',#1481);
#1483=CARTESIAN_POINT('',(-0.051181102362205,0.151574803149606,-0.066929133858268));
#1484=DIRECTION('',(0.0,-1.0,0.0));
#1485=DIRECTION('',(-0.707106781186547,0.0,-0.707106781186547));
#1486=AXIS2_PLACEMENT_3D('',#1483,#1484,#1485);
#1487=CIRCLE('',#1486,0.007874015748031);
#1488=EDGE_CURVE('',#1482,#1474,#1487,.T.);
#1489=ORIENTED_EDGE('',*,*,#1488,.F.);
#1490=CARTESIAN_POINT('',(-0.059055118110236,0.151574803149606,0.082677165354331));
#1491=VERTEX_POINT('',#1490);
#1492=CARTESIAN_POINT('',(-0.059055118110236,0.151574803149606,-0.066929133858268));
#1493=DIRECTION('',(0.0,0.0,1.0));
#1494=VECTOR('',#1493,0.149606299212599);
#1495=LINE('',#1492,#1494);
#1496=EDGE_CURVE('',#1482,#1491,#1495,.T.);
#1497=ORIENTED_EDGE('',*,*,#1496,.T.);
#1498=CARTESIAN_POINT('',(-0.15748031496063,0.151574803149606,0.082677165354331));
#1499=VERTEX_POINT('',#1498);
#1500=CARTESIAN_POINT('',(-0.15748031496063,0.151574803149606,0.082677165354331));
#1501=DIRECTION('',(1.0,0.0,0.0));
#1502=VECTOR('',#1501,0.098425196850394);
#1503=LINE('',#1500,#1502);
#1504=EDGE_CURVE('',#1499,#1491,#1503,.T.);
#1505=ORIENTED_EDGE('',*,*,#1504,.F.);
#1506=CARTESIAN_POINT('',(-0.15748031496063,0.151574803149606,0.082677165354331));
#1507=DIRECTION('',(0.0,0.0,-1.0));
#1508=VECTOR('',#1507,0.086614173228347);
#1509=LINE('',#1506,#1508);
#1510=EDGE_CURVE('',#1499,#904,#1509,.T.);
#1511=ORIENTED_EDGE('',*,*,#1510,.T.);
#1512=EDGE_LOOP('',(#1324,#1332,#1340,#1348,#1356,#1364,#1372,#1380,#1389,#1397,#1405,#1413,#1422,#1430,#1439,#1447,#1455,#1463,#1472,#1480,#1489,#1497,#1505,#1511));
#1513=FACE_OUTER_BOUND('',#1512,.T.);
#1514=ADVANCED_FACE('',(#1513),#1323,.T.);
#1515=CARTESIAN_POINT('',(0.151574803149606,-0.163976377952756,-0.003937007874016));
#1516=DIRECTION('',(0.0,1.0,0.0));
#1517=DIRECTION('',(0.707106781186547,0.0,0.707106781186548));
#1518=AXIS2_PLACEMENT_3D('',#1515,#1516,#1517);
#1519=CYLINDRICAL_SURFACE('',#1518,0.007874015748031);
#1520=CARTESIAN_POINT('',(0.143700787401575,-0.163385826771654,-0.003937007874016));
#1521=VERTEX_POINT('',#1520);
#1522=CARTESIAN_POINT('',(0.151574803149606,-0.163385826771654,-0.011811023622047));
#1523=VERTEX_POINT('',#1522);
#1524=CARTESIAN_POINT('',(0.151574803149606,-0.163385826771654,-0.003937007874016));
#1525=DIRECTION('',(0.0,-1.0,0.0));
#1526=DIRECTION('',(-0.707106781186547,0.0,-0.707106781186548));
#1527=AXIS2_PLACEMENT_3D('',#1524,#1525,#1526);
#1528=CIRCLE('',#1527,0.007874015748031);
#1529=EDGE_CURVE('',#1521,#1523,#1528,.T.);
#1530=ORIENTED_EDGE('',*,*,#1529,.T.);
#1531=CARTESIAN_POINT('',(0.151574803149606,-0.151574803149606,-0.011811023622047));
#1532=VERTEX_POINT('',#1531);
#1533=CARTESIAN_POINT('',(0.151574803149606,-0.163385826771654,-0.011811023622047));
#1534=DIRECTION('',(0.0,1.0,0.0));
#1535=VECTOR('',#1534,0.011811023622048);
#1536=LINE('',#1533,#1535);
#1537=EDGE_CURVE('',#1523,#1532,#1536,.T.);
#1538=ORIENTED_EDGE('',*,*,#1537,.T.);
#1539=CARTESIAN_POINT('',(0.143700787401575,-0.151574803149606,-0.003937007874016));
#1540=VERTEX_POINT('',#1539);
#1541=CARTESIAN_POINT('',(0.151574803149606,-0.151574803149606,-0.003937007874016));
#1542=DIRECTION('',(0.0,1.0,0.0));
#1543=DIRECTION('',(-0.707106781186547,0.0,-0.707106781186548));
#1544=AXIS2_PLACEMENT_3D('',#1541,#1542,#1543);
#1545=CIRCLE('',#1544,0.007874015748031);
#1546=EDGE_CURVE('',#1532,#1540,#1545,.T.);
#1547=ORIENTED_EDGE('',*,*,#1546,.T.);
#1548=CARTESIAN_POINT('',(0.143700787401575,-0.151574803149606,-0.003937007874016));
#1549=DIRECTION('',(0.0,-1.0,0.0));
#1550=VECTOR('',#1549,0.011811023622048);
#1551=LINE('',#1548,#1550);
#1552=EDGE_CURVE('',#1540,#1521,#1551,.T.);
#1553=ORIENTED_EDGE('',*,*,#1552,.T.);
#1554=EDGE_LOOP('',(#1530,#1538,#1547,#1553));
#1555=FACE_OUTER_BOUND('',#1554,.T.);
#1556=ADVANCED_FACE('',(#1555),#1519,.F.);
#1557=CARTESIAN_POINT('',(0.151279527559055,-0.163976377952756,-0.011811023622047));
#1558=DIRECTION('',(0.0,0.0,1.0));
#1559=DIRECTION('',(1.0,0.0,0.0));
#1560=AXIS2_PLACEMENT_3D('',#1557,#1558,#1559);
#1561=PLANE('',#1560);
#1562=ORIENTED_EDGE('',*,*,#1537,.F.);
#1563=CARTESIAN_POINT('',(0.15748031496063,-0.163385826771654,-0.011811023622047));
#1564=VERTEX_POINT('',#1563);
#1565=CARTESIAN_POINT('',(0.151574803149606,-0.163385826771654,-0.011811023622047));
#1566=DIRECTION('',(1.0,0.0,0.0));
#1567=VECTOR('',#1566,0.005905511811024);
#1568=LINE('',#1565,#1567);
#1569=EDGE_CURVE('',#1523,#1564,#1568,.T.);
#1570=ORIENTED_EDGE('',*,*,#1569,.T.);
#1571=CARTESIAN_POINT('',(0.15748031496063,-0.151574803149606,-0.011811023622047));
#1572=VERTEX_POINT('',#1571);
#1573=CARTESIAN_POINT('',(0.15748031496063,-0.163385826771654,-0.011811023622047));
#1574=DIRECTION('',(0.0,1.0,0.0));
#1575=VECTOR('',#1574,0.011811023622048);
#1576=LINE('',#1573,#1575);
#1577=EDGE_CURVE('',#1564,#1572,#1576,.T.);
#1578=ORIENTED_EDGE('',*,*,#1577,.T.);
#1579=CARTESIAN_POINT('',(0.151574803149606,-0.151574803149606,-0.011811023622047));
#1580=DIRECTION('',(1.0,0.0,0.0));
#1581=VECTOR('',#1580,0.005905511811024);
#1582=LINE('',#1579,#1581);
#1583=EDGE_CURVE('',#1532,#1572,#1582,.T.);
#1584=ORIENTED_EDGE('',*,*,#1583,.F.);
#1585=EDGE_LOOP('',(#1562,#1570,#1578,#1584));
#1586=FACE_OUTER_BOUND('',#1585,.T.);
#1587=ADVANCED_FACE('',(#1586),#1561,.T.);
#1588=CARTESIAN_POINT('',(0.151574803149606,0.075787401574803,-0.003937007874016));
#1589=DIRECTION('',(0.0,1.0,0.0));
#1590=DIRECTION('',(0.707106781186547,0.0,0.707106781186548));
#1591=AXIS2_PLACEMENT_3D('',#1588,#1589,#1590);
#1592=CYLINDRICAL_SURFACE('',#1591,0.007874015748031);
#1593=ORIENTED_EDGE('',*,*,#1388,.T.);
#1594=CARTESIAN_POINT('',(0.151574803149606,0.151574803149606,-0.011811023622047));
#1595=DIRECTION('',(0.0,1.0,0.0));
#1596=VECTOR('',#1595,0.011811023622048);
#1597=LINE('',#1594,#1596);
#1598=EDGE_CURVE('',#1374,#1261,#1597,.T.);
#1599=ORIENTED_EDGE('',*,*,#1598,.T.);
#1600=ORIENTED_EDGE('',*,*,#1267,.T.);
#1601=CARTESIAN_POINT('',(0.143700787401575,0.163385826771654,-0.003937007874016));
#1602=DIRECTION('',(0.0,-1.0,0.0));
#1603=VECTOR('',#1602,0.011811023622048);
#1604=LINE('',#1601,#1603);
#1605=EDGE_CURVE('',#1253,#1382,#1604,.T.);
#1606=ORIENTED_EDGE('',*,*,#1605,.T.);
#1607=EDGE_LOOP('',(#1593,#1599,#1600,#1606));
#1608=FACE_OUTER_BOUND('',#1607,.T.);
#1609=ADVANCED_FACE('',(#1608),#1592,.F.);
#1610=CARTESIAN_POINT('',(0.151279527559055,0.150984251968504,-0.011811023622047));
#1611=DIRECTION('',(0.0,0.0,1.0));
#1612=DIRECTION('',(1.0,0.0,0.0));
#1613=AXIS2_PLACEMENT_3D('',#1610,#1611,#1612);
#1614=PLANE('',#1613);
#1615=ORIENTED_EDGE('',*,*,#1598,.F.);
#1616=ORIENTED_EDGE('',*,*,#1379,.T.);
#1617=CARTESIAN_POINT('',(0.15748031496063,0.151574803149606,-0.011811023622047));
#1618=DIRECTION('',(0.0,1.0,0.0));
#1619=VECTOR('',#1618,0.011811023622048);
#1620=LINE('',#1617,#1619);
#1621=EDGE_CURVE('',#1366,#1270,#1620,.T.);
#1622=ORIENTED_EDGE('',*,*,#1621,.T.);
#1623=ORIENTED_EDGE('',*,*,#1275,.F.);
#1624=EDGE_LOOP('',(#1615,#1616,#1622,#1623));
#1625=FACE_OUTER_BOUND('',#1624,.T.);
#1626=ADVANCED_FACE('',(#1625),#1614,.T.);
#1627=CARTESIAN_POINT('',(-0.051181102362205,0.163976377952756,-0.066929133858268));
#1628=DIRECTION('',(0.0,-1.0,0.0));
#1629=DIRECTION('',(0.707106781186548,0.0,0.707106781186547));
#1630=AXIS2_PLACEMENT_3D('',#1627,#1628,#1629);
#1631=CYLINDRICAL_SURFACE('',#1630,0.007874015748031);
#1632=ORIENTED_EDGE('',*,*,#1167,.T.);
#1633=CARTESIAN_POINT('',(-0.059055118110236,0.163385826771654,-0.066929133858268));
#1634=DIRECTION('',(0.0,-1.0,0.0));
#1635=VECTOR('',#1634,0.011811023622048);
#1636=LINE('',#1633,#1635);
#1637=EDGE_CURVE('',#1153,#1482,#1636,.T.);
#1638=ORIENTED_EDGE('',*,*,#1637,.T.);
#1639=ORIENTED_EDGE('',*,*,#1488,.T.);
#1640=CARTESIAN_POINT('',(-0.051181102362205,0.151574803149606,-0.074803149606299));
#1641=DIRECTION('',(0.0,1.0,0.0));
#1642=VECTOR('',#1641,0.011811023622048);
#1643=LINE('',#1640,#1642);
#1644=EDGE_CURVE('',#1474,#1161,#1643,.T.);
#1645=ORIENTED_EDGE('',*,*,#1644,.T.);
#1646=EDGE_LOOP('',(#1632,#1638,#1639,#1645));
#1647=FACE_OUTER_BOUND('',#1646,.T.);
#1648=ADVANCED_FACE('',(#1647),#1631,.F.);
#1649=CARTESIAN_POINT('',(-0.059055118110236,0.144783464566929,0.110301702809125));
#1650=DIRECTION('',(-1.0,0.0,0.0));
#1651=DIRECTION('',(0.0,0.0,1.0));
#1652=AXIS2_PLACEMENT_3D('',#1649,#1650,#1651);
#1653=PLANE('',#1652);
#1654=CARTESIAN_POINT('',(-0.059055118110236,0.145669291338583,0.090301148319306));
#1655=VERTEX_POINT('',#1654);
#1656=CARTESIAN_POINT('',(-0.059055118110236,0.145669291338583,0.090301148319306));
#1657=DIRECTION('',(0.0,0.0,1.0));
#1658=VECTOR('',#1657,0.000250032783056);
#1659=LINE('',#1656,#1658);
#1660=EDGE_CURVE('',#1655,#603,#1659,.T.);
#1661=ORIENTED_EDGE('',*,*,#1660,.F.);
#1662=CARTESIAN_POINT('',(-0.059055118110236,0.143700787401575,0.082677165354331));
#1663=DIRECTION('',(-1.0,0.0,0.0));
#1664=DIRECTION('',(0.0,0.707106781186548,0.707106781186547));
#1665=AXIS2_PLACEMENT_3D('',#1662,#1663,#1664);
#1666=CIRCLE('',#1665,0.007874015748031);
#1667=EDGE_CURVE('',#1655,#1491,#1666,.T.);
#1668=ORIENTED_EDGE('',*,*,#1667,.T.);
#1669=ORIENTED_EDGE('',*,*,#1496,.F.);
#1670=ORIENTED_EDGE('',*,*,#1637,.F.);
#1671=ORIENTED_EDGE('',*,*,#1158,.F.);
#1672=CARTESIAN_POINT('',(-0.059055118110236,0.151574803149606,0.101862139158297));
#1673=VERTEX_POINT('',#1672);
#1674=CARTESIAN_POINT('',(-0.059055118110236,0.147637795275591,0.086614173228346));
#1675=DIRECTION('',(-1.0,0.0,0.0));
#1676=DIRECTION('',(0.0,0.707106781186548,0.707106781186548));
#1677=AXIS2_PLACEMENT_3D('',#1674,#1675,#1676);
#1678=CIRCLE('',#1677,0.015748031496063);
#1679=EDGE_CURVE('',#1673,#1145,#1678,.T.);
#1680=ORIENTED_EDGE('',*,*,#1679,.F.);
#1681=CARTESIAN_POINT('',(-0.059055118110236,0.151574803149606,0.101862139158297));
#1682=DIRECTION('',(0.0,0.0,-1.0));
#1683=VECTOR('',#1682,0.011310958055935);
#1684=LINE('',#1681,#1683);
#1685=EDGE_CURVE('',#1673,#613,#1684,.T.);
#1686=ORIENTED_EDGE('',*,*,#1685,.T.);
#1687=ORIENTED_EDGE('',*,*,#618,.F.);
#1688=EDGE_LOOP('',(#1661,#1668,#1669,#1670,#1671,#1680,#1686,#1687));
#1689=FACE_OUTER_BOUND('',#1688,.T.);
#1690=ADVANCED_FACE('',(#1689),#1653,.F.);
#1691=CARTESIAN_POINT('',(-0.047244094488189,0.150984251968504,-0.066929133858268));
#1692=DIRECTION('',(0.0,1.0,0.0));
#1693=DIRECTION('',(-0.707106781186547,0.0,0.707106781186548));
#1694=AXIS2_PLACEMENT_3D('',#1691,#1692,#1693);
#1695=CYLINDRICAL_SURFACE('',#1694,0.007874015748031);
#1696=ORIENTED_EDGE('',*,*,#1471,.T.);
#1697=CARTESIAN_POINT('',(-0.039370078740157,0.151574803149606,-0.066929133858268));
#1698=DIRECTION('',(0.0,1.0,0.0));
#1699=VECTOR('',#1698,0.011811023622048);
#1700=LINE('',#1697,#1699);
#1701=EDGE_CURVE('',#1457,#1178,#1700,.T.);
#1702=ORIENTED_EDGE('',*,*,#1701,.T.);
#1703=ORIENTED_EDGE('',*,*,#1184,.T.);
#1704=CARTESIAN_POINT('',(-0.047244094488189,0.163385826771654,-0.074803149606299));
#1705=DIRECTION('',(0.0,-1.0,0.0));
#1706=VECTOR('',#1705,0.011811023622048);
#1707=LINE('',#1704,#1706);
#1708=EDGE_CURVE('',#1170,#1465,#1707,.T.);
#1709=ORIENTED_EDGE('',*,*,#1708,.T.);
#1710=EDGE_LOOP('',(#1696,#1702,#1703,#1709));
#1711=FACE_OUTER_BOUND('',#1710,.T.);
#1712=ADVANCED_FACE('',(#1711),#1695,.F.);
#1713=CARTESIAN_POINT('',(-0.039370078740157,0.122047244094488,0.061220472440944));
#1714=DIRECTION('',(-1.0,0.0,0.0));
#1715=DIRECTION('',(0.0,0.0,1.0));
#1716=AXIS2_PLACEMENT_3D('',#1713,#1714,#1715);
#1717=PLANE('',#1716);
#1718=ORIENTED_EDGE('',*,*,#1701,.F.);
#1719=ORIENTED_EDGE('',*,*,#1462,.F.);
#1720=CARTESIAN_POINT('',(-0.039370078740157,0.124015748031496,0.052072289967225));
#1721=VERTEX_POINT('',#1720);
#1722=CARTESIAN_POINT('',(-0.039370078740157,0.124015748031496,0.052072289967225));
#1723=DIRECTION('',(0.0,0.257879449441624,-0.966177100512988));
#1724=VECTOR('',#1723,0.106867977179968);
#1725=LINE('',#1722,#1724);
#1726=EDGE_CURVE('',#1721,#1449,#1725,.T.);
#1727=ORIENTED_EDGE('',*,*,#1726,.F.);
#1728=CARTESIAN_POINT('',(-0.039370078740157,0.135427288588736,0.05511811023622));
#1729=VERTEX_POINT('',#1728);
#1730=CARTESIAN_POINT('',(-0.039370078740157,0.135427288588736,0.05511811023622));
#1731=DIRECTION('',(0.0,-0.966177100512988,-0.257879449441625));
#1732=VECTOR('',#1731,0.011811023622047);
#1733=LINE('',#1730,#1732);
#1734=EDGE_CURVE('',#1729,#1721,#1733,.T.);
#1735=ORIENTED_EDGE('',*,*,#1734,.F.);
#1736=CARTESIAN_POINT('',(-0.039370078740157,0.162853182685244,-0.047636377934573));
#1737=VERTEX_POINT('',#1736);
#1738=CARTESIAN_POINT('',(-0.039370078740157,0.162853182685244,-0.047636377934573));
#1739=DIRECTION('',(0.0,-0.257879449441625,0.966177100512988));
#1740=VECTOR('',#1739,0.106351607915605);
#1741=LINE('',#1738,#1740);
#1742=EDGE_CURVE('',#1737,#1729,#1741,.T.);
#1743=ORIENTED_EDGE('',*,*,#1742,.F.);
#1744=CARTESIAN_POINT('',(-0.039370078740157,0.147637795275591,-0.051697471626567));
#1745=DIRECTION('',(1.0,0.0,0.0));
#1746=DIRECTION('',(0.0,0.991508219964158,0.130044030018706));
#1747=AXIS2_PLACEMENT_3D('',#1744,#1745,#1746);
#1748=CIRCLE('',#1747,0.015748031496063);
#1749=EDGE_CURVE('',#1187,#1737,#1748,.T.);
#1750=ORIENTED_EDGE('',*,*,#1749,.F.);
#1751=ORIENTED_EDGE('',*,*,#1192,.F.);
#1752=EDGE_LOOP('',(#1718,#1719,#1727,#1735,#1743,#1750,#1751));
#1753=FACE_OUTER_BOUND('',#1752,.T.);
#1754=ADVANCED_FACE('',(#1753),#1717,.T.);
#1755=CARTESIAN_POINT('',(0.047244094488189,0.163976377952756,-0.066929133858268));
#1756=DIRECTION('',(0.0,-1.0,0.0));
#1757=DIRECTION('',(0.707106781186547,0.0,0.707106781186548));
#1758=AXIS2_PLACEMENT_3D('',#1755,#1756,#1757);
#1759=CYLINDRICAL_SURFACE('',#1758,0.007874015748031);
#1760=ORIENTED_EDGE('',*,*,#1217,.T.);
#1761=CARTESIAN_POINT('',(0.039370078740157,0.163385826771654,-0.066929133858268));
#1762=DIRECTION('',(0.0,-1.0,0.0));
#1763=VECTOR('',#1762,0.011811023622048);
#1764=LINE('',#1761,#1763);
#1765=EDGE_CURVE('',#1203,#1432,#1764,.T.);
#1766=ORIENTED_EDGE('',*,*,#1765,.T.);
#1767=ORIENTED_EDGE('',*,*,#1438,.T.);
#1768=CARTESIAN_POINT('',(0.047244094488189,0.151574803149606,-0.074803149606299));
#1769=DIRECTION('',(0.0,1.0,0.0));
#1770=VECTOR('',#1769,0.011811023622048);
#1771=LINE('',#1768,#1770);
#1772=EDGE_CURVE('',#1424,#1211,#1771,.T.);
#1773=ORIENTED_EDGE('',*,*,#1772,.T.);
#1774=EDGE_LOOP('',(#1760,#1766,#1767,#1773));
#1775=FACE_OUTER_BOUND('',#1774,.T.);
#1776=ADVANCED_FACE('',(#1775),#1759,.F.);
#1777=CARTESIAN_POINT('',(0.039370078740157,0.122047244094488,0.061220472440945));
#1778=DIRECTION('',(-1.0,0.0,0.0));
#1779=DIRECTION('',(0.0,0.0,1.0));
#1780=AXIS2_PLACEMENT_3D('',#1777,#1778,#1779);
#1781=PLANE('',#1780);
#1782=ORIENTED_EDGE('',*,*,#1765,.F.);
#1783=ORIENTED_EDGE('',*,*,#1208,.F.);
#1784=CARTESIAN_POINT('',(0.039370078740158,0.162853182685244,-0.047636377934573));
#1785=VERTEX_POINT('',#1784);
#1786=CARTESIAN_POINT('',(0.039370078740157,0.147637795275591,-0.051697471626567));
#1787=DIRECTION('',(-1.0,0.0,0.0));
#1788=DIRECTION('',(0.0,0.991508219964158,0.130044030018706));
#1789=AXIS2_PLACEMENT_3D('',#1786,#1787,#1788);
#1790=CIRCLE('',#1789,0.015748031496063);
#1791=EDGE_CURVE('',#1785,#1195,#1790,.T.);
#1792=ORIENTED_EDGE('',*,*,#1791,.F.);
#1793=CARTESIAN_POINT('',(0.039370078740158,0.135427288588736,0.05511811023622));
#1794=VERTEX_POINT('',#1793);
#1795=CARTESIAN_POINT('',(0.039370078740158,0.135427288588736,0.05511811023622));
#1796=DIRECTION('',(0.0,0.257879449441625,-0.966177100512988));
#1797=VECTOR('',#1796,0.106351607915605);
#1798=LINE('',#1795,#1797);
#1799=EDGE_CURVE('',#1794,#1785,#1798,.T.);
#1800=ORIENTED_EDGE('',*,*,#1799,.F.);
#1801=CARTESIAN_POINT('',(0.039370078740158,0.124015748031496,0.052072289967225));
#1802=VERTEX_POINT('',#1801);
#1803=CARTESIAN_POINT('',(0.039370078740158,0.124015748031496,0.052072289967225));
#1804=DIRECTION('',(0.0,0.966177100512988,0.257879449441625));
#1805=VECTOR('',#1804,0.011811023622047);
#1806=LINE('',#1803,#1805);
#1807=EDGE_CURVE('',#1802,#1794,#1806,.T.);
#1808=ORIENTED_EDGE('',*,*,#1807,.F.);
#1809=CARTESIAN_POINT('',(0.039370078740158,0.151574803149606,-0.051181102362205));
#1810=DIRECTION('',(0.0,-0.257879449441624,0.966177100512988));
#1811=VECTOR('',#1810,0.106867977179968);
#1812=LINE('',#1809,#1811);
#1813=EDGE_CURVE('',#1441,#1802,#1812,.T.);
#1814=ORIENTED_EDGE('',*,*,#1813,.F.);
#1815=ORIENTED_EDGE('',*,*,#1446,.F.);
#1816=EDGE_LOOP('',(#1782,#1783,#1792,#1800,#1808,#1814,#1815));
#1817=FACE_OUTER_BOUND('',#1816,.T.);
#1818=ADVANCED_FACE('',(#1817),#1781,.F.);
#1819=CARTESIAN_POINT('',(0.051181102362205,0.150984251968504,-0.066929133858268));
#1820=DIRECTION('',(0.0,1.0,0.0));
#1821=DIRECTION('',(-0.707106781186548,0.0,0.707106781186547));
#1822=AXIS2_PLACEMENT_3D('',#1819,#1820,#1821);
#1823=CYLINDRICAL_SURFACE('',#1822,0.007874015748031);
#1824=ORIENTED_EDGE('',*,*,#1421,.T.);
#1825=CARTESIAN_POINT('',(0.059055118110236,0.151574803149606,-0.066929133858268));
#1826=DIRECTION('',(0.0,1.0,0.0));
#1827=VECTOR('',#1826,0.011811023622048);
#1828=LINE('',#1825,#1827);
#1829=EDGE_CURVE('',#1407,#1228,#1828,.T.);
#1830=ORIENTED_EDGE('',*,*,#1829,.T.);
#1831=ORIENTED_EDGE('',*,*,#1234,.T.);
#1832=CARTESIAN_POINT('',(0.051181102362205,0.163385826771654,-0.074803149606299));
#1833=DIRECTION('',(0.0,-1.0,0.0));
#1834=VECTOR('',#1833,0.011811023622048);
#1835=LINE('',#1832,#1834);
#1836=EDGE_CURVE('',#1220,#1415,#1835,.T.);
#1837=ORIENTED_EDGE('',*,*,#1836,.T.);
#1838=EDGE_LOOP('',(#1824,#1830,#1831,#1837));
#1839=FACE_OUTER_BOUND('',#1838,.T.);
#1840=ADVANCED_FACE('',(#1839),#1823,.F.);
#1841=CARTESIAN_POINT('',(0.059055118110236,0.164271653543308,0.110301702809125));
#1842=DIRECTION('',(1.0,0.0,0.0));
#1843=DIRECTION('',(0.0,0.0,-1.0));
#1844=AXIS2_PLACEMENT_3D('',#1841,#1842,#1843);
#1845=PLANE('',#1844);
#1846=CARTESIAN_POINT('',(0.059055118110236,0.145669291338583,0.090301148319306));
#1847=VERTEX_POINT('',#1846);
#1848=CARTESIAN_POINT('',(0.059055118110236,0.145669291338583,0.090551181102362));
#1849=DIRECTION('',(0.0,0.0,-1.0));
#1850=VECTOR('',#1849,0.000250032783056);
#1851=LINE('',#1848,#1850);
#1852=EDGE_CURVE('',#605,#1847,#1851,.T.);
#1853=ORIENTED_EDGE('',*,*,#1852,.F.);
#1854=ORIENTED_EDGE('',*,*,#632,.F.);
#1855=CARTESIAN_POINT('',(0.059055118110236,0.151574803149606,0.101862139158297));
#1856=VERTEX_POINT('',#1855);
#1857=CARTESIAN_POINT('',(0.059055118110236,0.151574803149606,0.101862139158297));
#1858=DIRECTION('',(0.0,0.0,-1.0));
#1859=VECTOR('',#1858,0.011310958055935);
#1860=LINE('',#1857,#1859);
#1861=EDGE_CURVE('',#1856,#621,#1860,.T.);
#1862=ORIENTED_EDGE('',*,*,#1861,.F.);
#1863=CARTESIAN_POINT('',(0.059055118110236,0.147637795275591,0.086614173228346));
#1864=DIRECTION('',(1.0,0.0,0.0));
#1865=DIRECTION('',(0.0,0.707106781186548,0.707106781186548));
#1866=AXIS2_PLACEMENT_3D('',#1863,#1864,#1865);
#1867=CIRCLE('',#1866,0.015748031496063);
#1868=EDGE_CURVE('',#1237,#1856,#1867,.T.);
#1869=ORIENTED_EDGE('',*,*,#1868,.F.);
#1870=ORIENTED_EDGE('',*,*,#1242,.F.);
#1871=ORIENTED_EDGE('',*,*,#1829,.F.);
#1872=ORIENTED_EDGE('',*,*,#1412,.F.);
#1873=CARTESIAN_POINT('',(0.059055118110236,0.143700787401575,0.082677165354331));
#1874=DIRECTION('',(-1.0,0.0,0.0));
#1875=DIRECTION('',(0.0,0.707106781186548,0.707106781186547));
#1876=AXIS2_PLACEMENT_3D('',#1873,#1874,#1875);
#1877=CIRCLE('',#1876,0.007874015748031);
#1878=EDGE_CURVE('',#1847,#1399,#1877,.T.);
#1879=ORIENTED_EDGE('',*,*,#1878,.F.);
#1880=EDGE_LOOP('',(#1853,#1854,#1862,#1869,#1870,#1871,#1872,#1879));
#1881=FACE_OUTER_BOUND('',#1880,.T.);
#1882=ADVANCED_FACE('',(#1881),#1845,.F.);
#1883=CARTESIAN_POINT('',(0.051181102362205,-0.163976377952756,-0.066929133858268));
#1884=DIRECTION('',(0.0,1.0,0.0));
#1885=DIRECTION('',(-0.707106781186548,0.0,0.707106781186547));
#1886=AXIS2_PLACEMENT_3D('',#1883,#1884,#1885);
#1887=CYLINDRICAL_SURFACE('',#1886,0.007874015748031);
#1888=CARTESIAN_POINT('',(0.051181102362205,-0.163385826771654,-0.074803149606299));
#1889=VERTEX_POINT('',#1888);
#1890=CARTESIAN_POINT('',(0.059055118110236,-0.163385826771654,-0.066929133858268));
#1891=VERTEX_POINT('',#1890);
#1892=CARTESIAN_POINT('',(0.051181102362205,-0.163385826771654,-0.066929133858268));
#1893=DIRECTION('',(0.0,-1.0,0.0));
#1894=DIRECTION('',(0.707106781186547,0.0,-0.707106781186547));
#1895=AXIS2_PLACEMENT_3D('',#1892,#1893,#1894);
#1896=CIRCLE('',#1895,0.007874015748031);
#1897=EDGE_CURVE('',#1889,#1891,#1896,.T.);
#1898=ORIENTED_EDGE('',*,*,#1897,.T.);
#1899=CARTESIAN_POINT('',(0.059055118110236,-0.151574803149606,-0.066929133858268));
#1900=VERTEX_POINT('',#1899);
#1901=CARTESIAN_POINT('',(0.059055118110236,-0.163385826771654,-0.066929133858268));
#1902=DIRECTION('',(0.0,1.0,0.0));
#1903=VECTOR('',#1902,0.011811023622048);
#1904=LINE('',#1901,#1903);
#1905=EDGE_CURVE('',#1891,#1900,#1904,.T.);
#1906=ORIENTED_EDGE('',*,*,#1905,.T.);
#1907=CARTESIAN_POINT('',(0.051181102362205,-0.151574803149606,-0.074803149606299));
#1908=VERTEX_POINT('',#1907);
#1909=CARTESIAN_POINT('',(0.051181102362205,-0.151574803149606,-0.066929133858268));
#1910=DIRECTION('',(0.0,1.0,0.0));
#1911=DIRECTION('',(0.707106781186547,0.0,-0.707106781186547));
#1912=AXIS2_PLACEMENT_3D('',#1909,#1910,#1911);
#1913=CIRCLE('',#1912,0.007874015748031);
#1914=EDGE_CURVE('',#1900,#1908,#1913,.T.);
#1915=ORIENTED_EDGE('',*,*,#1914,.T.);
#1916=CARTESIAN_POINT('',(0.051181102362205,-0.151574803149606,-0.074803149606299));
#1917=DIRECTION('',(0.0,-1.0,0.0));
#1918=VECTOR('',#1917,0.011811023622048);
#1919=LINE('',#1916,#1918);
#1920=EDGE_CURVE('',#1908,#1889,#1919,.T.);
#1921=ORIENTED_EDGE('',*,*,#1920,.T.);
#1922=EDGE_LOOP('',(#1898,#1906,#1915,#1921));
#1923=FACE_OUTER_BOUND('',#1922,.T.);
#1924=ADVANCED_FACE('',(#1923),#1887,.F.);
#1925=CARTESIAN_POINT('',(0.059055118110236,-0.144783464566929,0.110301702809125));
#1926=DIRECTION('',(1.0,0.0,0.0));
#1927=DIRECTION('',(0.0,0.0,-1.0));
#1928=AXIS2_PLACEMENT_3D('',#1925,#1926,#1927);
#1929=PLANE('',#1928);
#1930=CARTESIAN_POINT('',(0.059055118110236,-0.145669291338583,0.090301148319306));
#1931=DIRECTION('',(0.0,0.0,1.0));
#1932=VECTOR('',#1931,0.000250032783056);
#1933=LINE('',#1930,#1932);
#1934=EDGE_CURVE('',#286,#343,#1933,.T.);
#1935=ORIENTED_EDGE('',*,*,#1934,.F.);
#1936=ORIENTED_EDGE('',*,*,#332,.T.);
#1937=CARTESIAN_POINT('',(0.059055118110236,-0.151574803149606,-0.066929133858268));
#1938=DIRECTION('',(0.0,0.0,1.0));
#1939=VECTOR('',#1938,0.149606299212599);
#1940=LINE('',#1937,#1939);
#1941=EDGE_CURVE('',#1900,#320,#1940,.T.);
#1942=ORIENTED_EDGE('',*,*,#1941,.F.);
#1943=ORIENTED_EDGE('',*,*,#1905,.F.);
#1944=CARTESIAN_POINT('',(0.059055118110236,-0.163385826771654,0.086614173228346));
#1945=VERTEX_POINT('',#1944);
#1946=CARTESIAN_POINT('',(0.059055118110236,-0.163385826771654,0.086614173228346));
#1947=DIRECTION('',(0.0,0.0,-1.0));
#1948=VECTOR('',#1947,0.153543307086614);
#1949=LINE('',#1946,#1948);
#1950=EDGE_CURVE('',#1945,#1891,#1949,.T.);
#1951=ORIENTED_EDGE('',*,*,#1950,.F.);
#1952=CARTESIAN_POINT('',(0.059055118110236,-0.151574803149606,0.101862139158297));
#1953=VERTEX_POINT('',#1952);
#1954=CARTESIAN_POINT('',(0.059055118110236,-0.147637795275591,0.086614173228346));
#1955=DIRECTION('',(1.0,0.0,0.0));
#1956=DIRECTION('',(0.0,-0.707106781186548,0.707106781186547));
#1957=AXIS2_PLACEMENT_3D('',#1954,#1955,#1956);
#1958=CIRCLE('',#1957,0.015748031496063);
#1959=EDGE_CURVE('',#1953,#1945,#1958,.T.);
#1960=ORIENTED_EDGE('',*,*,#1959,.F.);
#1961=CARTESIAN_POINT('',(0.059055118110236,-0.151574803149606,0.101862139158297));
#1962=DIRECTION('',(0.0,0.0,-1.0));
#1963=VECTOR('',#1962,0.011310958055935);
#1964=LINE('',#1961,#1963);
#1965=EDGE_CURVE('',#1953,#351,#1964,.T.);
#1966=ORIENTED_EDGE('',*,*,#1965,.T.);
#1967=ORIENTED_EDGE('',*,*,#356,.F.);
#1968=EDGE_LOOP('',(#1935,#1936,#1942,#1943,#1951,#1960,#1966,#1967));
#1969=FACE_OUTER_BOUND('',#1968,.T.);
#1970=ADVANCED_FACE('',(#1969),#1929,.F.);
#1971=CARTESIAN_POINT('',(0.047244094488189,-0.150984251968504,-0.066929133858268));
#1972=DIRECTION('',(0.0,-1.0,0.0));
#1973=DIRECTION('',(0.707106781186547,0.0,0.707106781186548));
#1974=AXIS2_PLACEMENT_3D('',#1971,#1972,#1973);
#1975=CYLINDRICAL_SURFACE('',#1974,0.007874015748031);
#1976=CARTESIAN_POINT('',(0.047244094488189,-0.151574803149606,-0.074803149606299));
#1977=VERTEX_POINT('',#1976);
#1978=CARTESIAN_POINT('',(0.039370078740158,-0.151574803149606,-0.066929133858268));
#1979=VERTEX_POINT('',#1978);
#1980=CARTESIAN_POINT('',(0.047244094488189,-0.151574803149606,-0.066929133858268));
#1981=DIRECTION('',(0.0,1.0,0.0));
#1982=DIRECTION('',(-0.707106781186547,0.0,-0.707106781186547));
#1983=AXIS2_PLACEMENT_3D('',#1980,#1981,#1982);
#1984=CIRCLE('',#1983,0.007874015748031);
#1985=EDGE_CURVE('',#1977,#1979,#1984,.T.);
#1986=ORIENTED_EDGE('',*,*,#1985,.T.);
#1987=CARTESIAN_POINT('',(0.039370078740158,-0.163385826771654,-0.066929133858268));
#1988=VERTEX_POINT('',#1987);
#1989=CARTESIAN_POINT('',(0.039370078740158,-0.151574803149606,-0.066929133858268));
#1990=DIRECTION('',(0.0,-1.0,0.0));
#1991=VECTOR('',#1990,0.011811023622048);
#1992=LINE('',#1989,#1991);
#1993=EDGE_CURVE('',#1979,#1988,#1992,.T.);
#1994=ORIENTED_EDGE('',*,*,#1993,.T.);
#1995=CARTESIAN_POINT('',(0.047244094488189,-0.163385826771654,-0.074803149606299));
#1996=VERTEX_POINT('',#1995);
#1997=CARTESIAN_POINT('',(0.047244094488189,-0.163385826771654,-0.066929133858268));
#1998=DIRECTION('',(0.0,-1.0,0.0));
#1999=DIRECTION('',(-0.707106781186547,0.0,-0.707106781186547));
#2000=AXIS2_PLACEMENT_3D('',#1997,#1998,#1999);
#2001=CIRCLE('',#2000,0.007874015748031);
#2002=EDGE_CURVE('',#1988,#1996,#2001,.T.);
#2003=ORIENTED_EDGE('',*,*,#2002,.T.);
#2004=CARTESIAN_POINT('',(0.047244094488189,-0.163385826771654,-0.074803149606299));
#2005=DIRECTION('',(0.0,1.0,0.0));
#2006=VECTOR('',#2005,0.011811023622048);
#2007=LINE('',#2004,#2006);
#2008=EDGE_CURVE('',#1996,#1977,#2007,.T.);
#2009=ORIENTED_EDGE('',*,*,#2008,.T.);
#2010=EDGE_LOOP('',(#1986,#1994,#2003,#2009));
#2011=FACE_OUTER_BOUND('',#2010,.T.);
#2012=ADVANCED_FACE('',(#2011),#1975,.F.);
#2013=CARTESIAN_POINT('',(0.039370078740158,-0.165354330708662,0.061220472440944));
#2014=DIRECTION('',(-1.0,0.0,0.0));
#2015=DIRECTION('',(0.0,0.0,1.0));
#2016=AXIS2_PLACEMENT_3D('',#2013,#2014,#2015);
#2017=PLANE('',#2016);
#2018=ORIENTED_EDGE('',*,*,#1993,.F.);
#2019=CARTESIAN_POINT('',(0.039370078740158,-0.151574803149606,-0.051181102362205));
#2020=VERTEX_POINT('',#2019);
#2021=CARTESIAN_POINT('',(0.039370078740158,-0.151574803149606,-0.051181102362205));
#2022=DIRECTION('',(0.0,0.0,-1.0));
#2023=VECTOR('',#2022,0.015748031496063);
#2024=LINE('',#2021,#2023);
#2025=EDGE_CURVE('',#2020,#1979,#2024,.T.);
#2026=ORIENTED_EDGE('',*,*,#2025,.F.);
#2027=CARTESIAN_POINT('',(0.039370078740158,-0.124015748031496,0.052072289967225));
#2028=VERTEX_POINT('',#2027);
#2029=CARTESIAN_POINT('',(0.039370078740158,-0.124015748031496,0.052072289967225));
#2030=DIRECTION('',(0.0,-0.257879449441625,-0.966177100512988));
#2031=VECTOR('',#2030,0.106867977179968);
#2032=LINE('',#2029,#2031);
#2033=EDGE_CURVE('',#2028,#2020,#2032,.T.);
#2034=ORIENTED_EDGE('',*,*,#2033,.F.);
#2035=CARTESIAN_POINT('',(0.039370078740158,-0.135427288588736,0.05511811023622));
#2036=VERTEX_POINT('',#2035);
#2037=CARTESIAN_POINT('',(0.039370078740158,-0.135427288588736,0.05511811023622));
#2038=DIRECTION('',(0.0,0.966177100512988,-0.257879449441625));
#2039=VECTOR('',#2038,0.011811023622047);
#2040=LINE('',#2037,#2039);
#2041=EDGE_CURVE('',#2036,#2028,#2040,.T.);
#2042=ORIENTED_EDGE('',*,*,#2041,.F.);
#2043=CARTESIAN_POINT('',(0.039370078740158,-0.162853182685244,-0.047636377934573));
#2044=VERTEX_POINT('',#2043);
#2045=CARTESIAN_POINT('',(0.039370078740158,-0.162853182685244,-0.047636377934573));
#2046=DIRECTION('',(0.0,0.257879449441625,0.966177100512988));
#2047=VECTOR('',#2046,0.106351607915605);
#2048=LINE('',#2045,#2047);
#2049=EDGE_CURVE('',#2044,#2036,#2048,.T.);
#2050=ORIENTED_EDGE('',*,*,#2049,.F.);
#2051=CARTESIAN_POINT('',(0.039370078740158,-0.163385826771654,-0.051697471626567));
#2052=VERTEX_POINT('',#2051);
#2053=CARTESIAN_POINT('',(0.039370078740158,-0.147637795275591,-0.051697471626567));
#2054=DIRECTION('',(-1.0,0.0,0.0));
#2055=DIRECTION('',(0.0,-0.991508219964158,0.130044030018706));
#2056=AXIS2_PLACEMENT_3D('',#2053,#2054,#2055);
#2057=CIRCLE('',#2056,0.015748031496063);
#2058=EDGE_CURVE('',#2052,#2044,#2057,.T.);
#2059=ORIENTED_EDGE('',*,*,#2058,.F.);
#2060=CARTESIAN_POINT('',(0.039370078740158,-0.163385826771654,-0.066929133858268));
#2061=DIRECTION('',(0.0,0.0,1.0));
#2062=VECTOR('',#2061,0.015231662231701);
#2063=LINE('',#2060,#2062);
#2064=EDGE_CURVE('',#1988,#2052,#2063,.T.);
#2065=ORIENTED_EDGE('',*,*,#2064,.F.);
#2066=EDGE_LOOP('',(#2018,#2026,#2034,#2042,#2050,#2059,#2065));
#2067=FACE_OUTER_BOUND('',#2066,.T.);
#2068=ADVANCED_FACE('',(#2067),#2017,.F.);
#2069=CARTESIAN_POINT('',(-0.051181102362205,-0.150984251968504,-0.066929133858268));
#2070=DIRECTION('',(0.0,-1.0,0.0));
#2071=DIRECTION('',(0.707106781186548,0.0,0.707106781186547));
#2072=AXIS2_PLACEMENT_3D('',#2069,#2070,#2071);
#2073=CYLINDRICAL_SURFACE('',#2072,0.007874015748031);
#2074=CARTESIAN_POINT('',(-0.051181102362205,-0.151574803149606,-0.074803149606299));
#2075=VERTEX_POINT('',#2074);
#2076=CARTESIAN_POINT('',(-0.051181102362205,-0.151574803149606,-0.066929133858268));
#2077=DIRECTION('',(0.0,1.0,0.0));
#2078=DIRECTION('',(-0.707106781186547,0.0,-0.707106781186547));
#2079=AXIS2_PLACEMENT_3D('',#2076,#2077,#2078);
#2080=CIRCLE('',#2079,0.007874015748031);
#2081=EDGE_CURVE('',#2075,#261,#2080,.T.);
#2082=ORIENTED_EDGE('',*,*,#2081,.T.);
#2083=ORIENTED_EDGE('',*,*,#266,.T.);
#2084=CARTESIAN_POINT('',(-0.051181102362205,-0.163385826771654,-0.074803149606299));
#2085=VERTEX_POINT('',#2084);
#2086=CARTESIAN_POINT('',(-0.051181102362205,-0.163385826771654,-0.066929133858268));
#2087=DIRECTION('',(0.0,-1.0,0.0));
#2088=DIRECTION('',(-0.707106781186547,0.0,-0.707106781186547));
#2089=AXIS2_PLACEMENT_3D('',#2086,#2087,#2088);
#2090=CIRCLE('',#2089,0.007874015748031);
#2091=EDGE_CURVE('',#253,#2085,#2090,.T.);
#2092=ORIENTED_EDGE('',*,*,#2091,.T.);
#2093=CARTESIAN_POINT('',(-0.051181102362205,-0.163385826771654,-0.074803149606299));
#2094=DIRECTION('',(0.0,1.0,0.0));
#2095=VECTOR('',#2094,0.011811023622048);
#2096=LINE('',#2093,#2095);
#2097=EDGE_CURVE('',#2085,#2075,#2096,.T.);
#2098=ORIENTED_EDGE('',*,*,#2097,.T.);
#2099=EDGE_LOOP('',(#2082,#2083,#2092,#2098));
#2100=FACE_OUTER_BOUND('',#2099,.T.);
#2101=ADVANCED_FACE('',(#2100),#2073,.F.);
#2102=CARTESIAN_POINT('',(-0.047244094488189,-0.163976377952756,-0.066929133858268));
#2103=DIRECTION('',(0.0,1.0,0.0));
#2104=DIRECTION('',(-0.707106781186547,0.0,0.707106781186548));
#2105=AXIS2_PLACEMENT_3D('',#2102,#2103,#2104);
#2106=CYLINDRICAL_SURFACE('',#2105,0.007874015748031);
#2107=CARTESIAN_POINT('',(-0.047244094488189,-0.163385826771654,-0.074803149606299));
#2108=VERTEX_POINT('',#2107);
#2109=CARTESIAN_POINT('',(-0.039370078740157,-0.163385826771654,-0.066929133858268));
#2110=VERTEX_POINT('',#2109);
#2111=CARTESIAN_POINT('',(-0.047244094488189,-0.163385826771654,-0.066929133858268));
#2112=DIRECTION('',(0.0,-1.0,0.0));
#2113=DIRECTION('',(0.707106781186547,0.0,-0.707106781186547));
#2114=AXIS2_PLACEMENT_3D('',#2111,#2112,#2113);
#2115=CIRCLE('',#2114,0.007874015748031);
#2116=EDGE_CURVE('',#2108,#2110,#2115,.T.);
#2117=ORIENTED_EDGE('',*,*,#2116,.T.);
#2118=CARTESIAN_POINT('',(-0.039370078740157,-0.151574803149606,-0.066929133858268));
#2119=VERTEX_POINT('',#2118);
#2120=CARTESIAN_POINT('',(-0.039370078740157,-0.163385826771654,-0.066929133858268));
#2121=DIRECTION('',(0.0,1.0,0.0));
#2122=VECTOR('',#2121,0.011811023622048);
#2123=LINE('',#2120,#2122);
#2124=EDGE_CURVE('',#2110,#2119,#2123,.T.);
#2125=ORIENTED_EDGE('',*,*,#2124,.T.);
#2126=CARTESIAN_POINT('',(-0.047244094488189,-0.151574803149606,-0.074803149606299));
#2127=VERTEX_POINT('',#2126);
#2128=CARTESIAN_POINT('',(-0.047244094488189,-0.151574803149606,-0.066929133858268));
#2129=DIRECTION('',(0.0,1.0,0.0));
#2130=DIRECTION('',(0.707106781186547,0.0,-0.707106781186547));
#2131=AXIS2_PLACEMENT_3D('',#2128,#2129,#2130);
#2132=CIRCLE('',#2131,0.007874015748031);
#2133=EDGE_CURVE('',#2119,#2127,#2132,.T.);
#2134=ORIENTED_EDGE('',*,*,#2133,.T.);
#2135=CARTESIAN_POINT('',(-0.047244094488189,-0.151574803149606,-0.074803149606299));
#2136=DIRECTION('',(0.0,-1.0,0.0));
#2137=VECTOR('',#2136,0.011811023622048);
#2138=LINE('',#2135,#2137);
#2139=EDGE_CURVE('',#2127,#2108,#2138,.T.);
#2140=ORIENTED_EDGE('',*,*,#2139,.T.);
#2141=EDGE_LOOP('',(#2117,#2125,#2134,#2140));
#2142=FACE_OUTER_BOUND('',#2141,.T.);
#2143=ADVANCED_FACE('',(#2142),#2106,.F.);
#2144=CARTESIAN_POINT('',(-0.039370078740157,-0.165354330708662,0.061220472440945));
#2145=DIRECTION('',(-1.0,0.0,0.0));
#2146=DIRECTION('',(0.0,0.0,1.0));
#2147=AXIS2_PLACEMENT_3D('',#2144,#2145,#2146);
#2148=PLANE('',#2147);
#2149=ORIENTED_EDGE('',*,*,#2124,.F.);
#2150=CARTESIAN_POINT('',(-0.039370078740157,-0.163385826771654,-0.051697471626567));
#2151=VERTEX_POINT('',#2150);
#2152=CARTESIAN_POINT('',(-0.039370078740157,-0.163385826771654,-0.051697471626567));
#2153=DIRECTION('',(0.0,0.0,-1.0));
#2154=VECTOR('',#2153,0.015231662231701);
#2155=LINE('',#2152,#2154);
#2156=EDGE_CURVE('',#2151,#2110,#2155,.T.);
#2157=ORIENTED_EDGE('',*,*,#2156,.F.);
#2158=CARTESIAN_POINT('',(-0.039370078740157,-0.162853182685244,-0.047636377934573));
#2159=VERTEX_POINT('',#2158);
#2160=CARTESIAN_POINT('',(-0.039370078740157,-0.147637795275591,-0.051697471626567));
#2161=DIRECTION('',(1.0,0.0,0.0));
#2162=DIRECTION('',(0.0,-0.991508219964158,0.130044030018706));
#2163=AXIS2_PLACEMENT_3D('',#2160,#2161,#2162);
#2164=CIRCLE('',#2163,0.015748031496063);
#2165=EDGE_CURVE('',#2159,#2151,#2164,.T.);
#2166=ORIENTED_EDGE('',*,*,#2165,.F.);
#2167=CARTESIAN_POINT('',(-0.039370078740157,-0.135427288588736,0.05511811023622));
#2168=VERTEX_POINT('',#2167);
#2169=CARTESIAN_POINT('',(-0.039370078740157,-0.135427288588736,0.05511811023622));
#2170=DIRECTION('',(0.0,-0.257879449441625,-0.966177100512988));
#2171=VECTOR('',#2170,0.106351607915605);
#2172=LINE('',#2169,#2171);
#2173=EDGE_CURVE('',#2168,#2159,#2172,.T.);
#2174=ORIENTED_EDGE('',*,*,#2173,.F.);
#2175=CARTESIAN_POINT('',(-0.039370078740157,-0.124015748031496,0.052072289967225));
#2176=VERTEX_POINT('',#2175);
#2177=CARTESIAN_POINT('',(-0.039370078740157,-0.124015748031496,0.052072289967225));
#2178=DIRECTION('',(0.0,-0.966177100512988,0.257879449441625));
#2179=VECTOR('',#2178,0.011811023622047);
#2180=LINE('',#2177,#2179);
#2181=EDGE_CURVE('',#2176,#2168,#2180,.T.);
#2182=ORIENTED_EDGE('',*,*,#2181,.F.);
#2183=CARTESIAN_POINT('',(-0.039370078740157,-0.151574803149606,-0.051181102362205));
#2184=VERTEX_POINT('',#2183);
#2185=CARTESIAN_POINT('',(-0.039370078740157,-0.151574803149606,-0.051181102362205));
#2186=DIRECTION('',(0.0,0.257879449441625,0.966177100512988));
#2187=VECTOR('',#2186,0.106867977179968);
#2188=LINE('',#2185,#2187);
#2189=EDGE_CURVE('',#2184,#2176,#2188,.T.);
#2190=ORIENTED_EDGE('',*,*,#2189,.F.);
#2191=CARTESIAN_POINT('',(-0.039370078740157,-0.151574803149606,-0.066929133858268));
#2192=DIRECTION('',(0.0,0.0,1.0));
#2193=VECTOR('',#2192,0.015748031496063);
#2194=LINE('',#2191,#2193);
#2195=EDGE_CURVE('',#2119,#2184,#2194,.T.);
#2196=ORIENTED_EDGE('',*,*,#2195,.F.);
#2197=EDGE_LOOP('',(#2149,#2157,#2166,#2174,#2182,#2190,#2196));
#2198=FACE_OUTER_BOUND('',#2197,.T.);
#2199=ADVANCED_FACE('',(#2198),#2148,.T.);
#2200=CARTESIAN_POINT('',(0.071850393700787,0.147637795275591,-0.051697471626567));
#2201=DIRECTION('',(-1.0,0.0,0.0));
#2202=DIRECTION('',(0.0,-0.991508219964159,-0.130044030018705));
#2203=AXIS2_PLACEMENT_3D('',#2200,#2201,#2202);
#2204=CYLINDRICAL_SURFACE('',#2203,0.015748031496063);
#2205=ORIENTED_EDGE('',*,*,#1749,.T.);
#2206=CARTESIAN_POINT('',(-0.039370078740157,0.162853182685244,-0.047636377934573));
#2207=DIRECTION('',(1.0,0.0,0.0));
#2208=VECTOR('',#2207,0.078740157480315);
#2209=LINE('',#2206,#2208);
#2210=EDGE_CURVE('',#1737,#1785,#2209,.T.);
#2211=ORIENTED_EDGE('',*,*,#2210,.T.);
#2212=ORIENTED_EDGE('',*,*,#1791,.T.);
#2213=ORIENTED_EDGE('',*,*,#1200,.T.);
#2214=EDGE_LOOP('',(#2205,#2211,#2212,#2213));
#2215=FACE_OUTER_BOUND('',#2214,.T.);
#2216=ADVANCED_FACE('',(#2215),#2204,.T.);
#2217=CARTESIAN_POINT('',(0.071850393700787,-0.147637795275591,-0.051697471626567));
#2218=DIRECTION('',(-1.0,0.0,0.0));
#2219=DIRECTION('',(0.0,0.991508219964159,-0.130044030018705));
#2220=AXIS2_PLACEMENT_3D('',#2217,#2218,#2219);
#2221=CYLINDRICAL_SURFACE('',#2220,0.015748031496063);
#2222=ORIENTED_EDGE('',*,*,#2165,.T.);
#2223=CARTESIAN_POINT('',(-0.039370078740157,-0.163385826771654,-0.051697471626567));
#2224=DIRECTION('',(1.0,0.0,0.0));
#2225=VECTOR('',#2224,0.078740157480315);
#2226=LINE('',#2223,#2225);
#2227=EDGE_CURVE('',#2151,#2052,#2226,.T.);
#2228=ORIENTED_EDGE('',*,*,#2227,.T.);
#2229=ORIENTED_EDGE('',*,*,#2058,.T.);
#2230=CARTESIAN_POINT('',(0.039370078740158,-0.162853182685244,-0.047636377934573));
#2231=DIRECTION('',(-1.0,0.0,0.0));
#2232=VECTOR('',#2231,0.078740157480315);
#2233=LINE('',#2230,#2232);
#2234=EDGE_CURVE('',#2044,#2159,#2233,.T.);
#2235=ORIENTED_EDGE('',*,*,#2234,.T.);
#2236=EDGE_LOOP('',(#2222,#2228,#2229,#2235));
#2237=FACE_OUTER_BOUND('',#2236,.T.);
#2238=ADVANCED_FACE('',(#2237),#2221,.T.);
#2239=CARTESIAN_POINT('',(0.231153730157346,-0.163385826771654,0.095571273379355));
#2240=DIRECTION('',(0.0,-1.0,0.0));
#2241=DIRECTION('',(0.0,0.0,-1.0));
#2242=AXIS2_PLACEMENT_3D('',#2239,#2240,#2241);
#2243=PLANE('',#2242);
#2244=ORIENTED_EDGE('',*,*,#933,.T.);
#2245=ORIENTED_EDGE('',*,*,#1021,.F.);
#2246=CARTESIAN_POINT('',(0.15748031496063,-0.163385826771654,-0.076377952755905));
#2247=VERTEX_POINT('',#2246);
#2248=CARTESIAN_POINT('',(0.15748031496063,-0.163385826771654,-0.092527829791839));
#2249=DIRECTION('',(0.0,0.0,1.0));
#2250=VECTOR('',#2249,0.016149877035934);
#2251=LINE('',#2248,#2250);
#2252=EDGE_CURVE('',#1009,#2247,#2251,.T.);
#2253=ORIENTED_EDGE('',*,*,#2252,.T.);
#2254=CARTESIAN_POINT('',(0.21264734705649,-0.163385826771654,-0.076377952755905));
#2255=VERTEX_POINT('',#2254);
#2256=CARTESIAN_POINT('',(0.15748031496063,-0.163385826771654,-0.076377952755905));
#2257=DIRECTION('',(1.0,0.0,0.0));
#2258=VECTOR('',#2257,0.05516703209586);
#2259=LINE('',#2256,#2258);
#2260=EDGE_CURVE('',#2247,#2255,#2259,.T.);
#2261=ORIENTED_EDGE('',*,*,#2260,.T.);
#2262=CARTESIAN_POINT('',(0.21264734705649,-0.163385826771654,-0.04488188976378));
#2263=VERTEX_POINT('',#2262);
#2264=CARTESIAN_POINT('',(0.21264734705649,-0.163385826771654,-0.04488188976378));
#2265=DIRECTION('',(0.0,0.0,-1.0));
#2266=VECTOR('',#2265,0.031496062992125);
#2267=LINE('',#2264,#2266);
#2268=EDGE_CURVE('',#2263,#2255,#2267,.T.);
#2269=ORIENTED_EDGE('',*,*,#2268,.F.);
#2270=CARTESIAN_POINT('',(0.15748031496063,-0.163385826771654,-0.04488188976378));
#2271=VERTEX_POINT('',#2270);
#2272=CARTESIAN_POINT('',(0.21264734705649,-0.163385826771654,-0.04488188976378));
#2273=DIRECTION('',(-1.0,0.0,0.0));
#2274=VECTOR('',#2273,0.05516703209586);
#2275=LINE('',#2272,#2274);
#2276=EDGE_CURVE('',#2263,#2271,#2275,.T.);
#2277=ORIENTED_EDGE('',*,*,#2276,.T.);
#2278=CARTESIAN_POINT('',(0.15748031496063,-0.163385826771654,-0.04488188976378));
#2279=DIRECTION('',(0.0,0.0,1.0));
#2280=VECTOR('',#2279,0.033070866141733);
#2281=LINE('',#2278,#2280);
#2282=EDGE_CURVE('',#2271,#1564,#2281,.T.);
#2283=ORIENTED_EDGE('',*,*,#2282,.T.);
#2284=ORIENTED_EDGE('',*,*,#1569,.F.);
#2285=ORIENTED_EDGE('',*,*,#1529,.F.);
#2286=CARTESIAN_POINT('',(0.143700787401575,-0.163385826771654,0.086614173228346));
#2287=VERTEX_POINT('',#2286);
#2288=CARTESIAN_POINT('',(0.143700787401575,-0.163385826771654,-0.003937007874016));
#2289=DIRECTION('',(0.0,0.0,1.0));
#2290=VECTOR('',#2289,0.090551181102362);
#2291=LINE('',#2288,#2290);
#2292=EDGE_CURVE('',#1521,#2287,#2291,.T.);
#2293=ORIENTED_EDGE('',*,*,#2292,.T.);
#2294=CARTESIAN_POINT('',(0.143700787401575,-0.163385826771654,0.086614173228346));
#2295=DIRECTION('',(-1.0,0.0,0.0));
#2296=VECTOR('',#2295,0.084645669291339);
#2297=LINE('',#2294,#2296);
#2298=EDGE_CURVE('',#2287,#1945,#2297,.T.);
#2299=ORIENTED_EDGE('',*,*,#2298,.T.);
#2300=ORIENTED_EDGE('',*,*,#1950,.T.);
#2301=ORIENTED_EDGE('',*,*,#1897,.F.);
#2302=CARTESIAN_POINT('',(0.051181102362205,-0.163385826771654,-0.074803149606299));
#2303=DIRECTION('',(-1.0,0.0,0.0));
#2304=VECTOR('',#2303,0.003937007874016);
#2305=LINE('',#2302,#2304);
#2306=EDGE_CURVE('',#1889,#1996,#2305,.T.);
#2307=ORIENTED_EDGE('',*,*,#2306,.T.);
#2308=ORIENTED_EDGE('',*,*,#2002,.F.);
#2309=ORIENTED_EDGE('',*,*,#2064,.T.);
#2310=ORIENTED_EDGE('',*,*,#2227,.F.);
#2311=ORIENTED_EDGE('',*,*,#2156,.T.);
#2312=ORIENTED_EDGE('',*,*,#2116,.F.);
#2313=CARTESIAN_POINT('',(-0.047244094488189,-0.163385826771654,-0.074803149606299));
#2314=DIRECTION('',(-1.0,0.0,0.0));
#2315=VECTOR('',#2314,0.003937007874016);
#2316=LINE('',#2313,#2315);
#2317=EDGE_CURVE('',#2108,#2085,#2316,.T.);
#2318=ORIENTED_EDGE('',*,*,#2317,.T.);
#2319=ORIENTED_EDGE('',*,*,#2091,.F.);
#2320=ORIENTED_EDGE('',*,*,#258,.T.);
#2321=CARTESIAN_POINT('',(-0.15748031496063,-0.163385826771654,0.086614173228346));
#2322=VERTEX_POINT('',#2321);
#2323=CARTESIAN_POINT('',(-0.15748031496063,-0.163385826771654,0.086614173228346));
#2324=DIRECTION('',(1.0,0.0,0.0));
#2325=VECTOR('',#2324,0.098425196850394);
#2326=LINE('',#2323,#2325);
#2327=EDGE_CURVE('',#2322,#244,#2326,.T.);
#2328=ORIENTED_EDGE('',*,*,#2327,.F.);
#2329=CARTESIAN_POINT('',(-0.15748031496063,-0.163385826771654,0.086614173228346));
#2330=DIRECTION('',(0.0,0.0,-1.0));
#2331=VECTOR('',#2330,0.090551181102362);
#2332=LINE('',#2329,#2331);
#2333=EDGE_CURVE('',#2322,#926,#2332,.T.);
#2334=ORIENTED_EDGE('',*,*,#2333,.T.);
#2335=EDGE_LOOP('',(#2244,#2245,#2253,#2261,#2269,#2277,#2283,#2284,#2285,#2293,#2299,#2300,#2301,#2307,#2308,#2309,#2310,#2311,#2312,#2318,#2319,#2320,#2328,#2334));
#2336=FACE_OUTER_BOUND('',#2335,.T.);
#2337=ADVANCED_FACE('',(#2336),#2243,.T.);
#2338=CARTESIAN_POINT('',(0.158759842519685,-0.147637795275591,0.086614173228346));
#2339=DIRECTION('',(-1.0,0.0,0.0));
#2340=DIRECTION('',(0.0,0.707106781186548,-0.707106781186547));
#2341=AXIS2_PLACEMENT_3D('',#2338,#2339,#2340);
#2342=CYLINDRICAL_SURFACE('',#2341,0.015748031496063);
#2343=CARTESIAN_POINT('',(-0.15748031496063,-0.147637795275591,0.102362204724409));
#2344=VERTEX_POINT('',#2343);
#2345=CARTESIAN_POINT('',(-0.15748031496063,-0.147637795275591,0.086614173228346));
#2346=DIRECTION('',(1.0,0.0,0.0));
#2347=DIRECTION('',(0.0,-0.707106781186548,0.707106781186547));
#2348=AXIS2_PLACEMENT_3D('',#2345,#2346,#2347);
#2349=CIRCLE('',#2348,0.015748031496063);
#2350=EDGE_CURVE('',#2344,#2322,#2349,.T.);
#2351=ORIENTED_EDGE('',*,*,#2350,.T.);
#2352=ORIENTED_EDGE('',*,*,#2327,.T.);
#2353=ORIENTED_EDGE('',*,*,#250,.T.);
#2354=CARTESIAN_POINT('',(-0.059055118110236,-0.151574803149606,0.101862139158297));
#2355=DIRECTION('',(1.0,0.0,0.0));
#2356=VECTOR('',#2355,0.118110236220472);
#2357=LINE('',#2354,#2356);
#2358=EDGE_CURVE('',#236,#1953,#2357,.T.);
#2359=ORIENTED_EDGE('',*,*,#2358,.T.);
#2360=ORIENTED_EDGE('',*,*,#1959,.T.);
#2361=ORIENTED_EDGE('',*,*,#2298,.F.);
#2362=CARTESIAN_POINT('',(0.143700787401575,-0.147637795275591,0.102362204724409));
#2363=VERTEX_POINT('',#2362);
#2364=CARTESIAN_POINT('',(0.143700787401575,-0.147637795275591,0.086614173228346));
#2365=DIRECTION('',(-1.0,0.0,0.0));
#2366=DIRECTION('',(0.0,-0.707106781186548,0.707106781186547));
#2367=AXIS2_PLACEMENT_3D('',#2364,#2365,#2366);
#2368=CIRCLE('',#2367,0.015748031496063);
#2369=EDGE_CURVE('',#2287,#2363,#2368,.T.);
#2370=ORIENTED_EDGE('',*,*,#2369,.T.);
#2371=CARTESIAN_POINT('',(0.143700787401575,-0.147637795275591,0.102362204724409));
#2372=DIRECTION('',(-1.0,0.0,0.0));
#2373=VECTOR('',#2372,0.301181102362205);
#2374=LINE('',#2371,#2373);
#2375=EDGE_CURVE('',#2363,#2344,#2374,.T.);
#2376=ORIENTED_EDGE('',*,*,#2375,.T.);
#2377=EDGE_LOOP('',(#2351,#2352,#2353,#2359,#2360,#2361,#2370,#2376));
#2378=FACE_OUTER_BOUND('',#2377,.T.);
#2379=ADVANCED_FACE('',(#2378),#2342,.T.);
#2380=CARTESIAN_POINT('',(-0.15748031496063,-0.179724409448819,0.10767716535433));
#2381=DIRECTION('',(-1.0,0.0,0.0));
#2382=DIRECTION('',(0.0,0.0,1.0));
#2383=AXIS2_PLACEMENT_3D('',#2380,#2381,#2382);
#2384=PLANE('',#2383);
#2385=ORIENTED_EDGE('',*,*,#941,.T.);
#2386=ORIENTED_EDGE('',*,*,#2333,.F.);
#2387=ORIENTED_EDGE('',*,*,#2350,.F.);
#2388=CARTESIAN_POINT('',(-0.15748031496063,0.147637795275591,0.102362204724409));
#2389=VERTEX_POINT('',#2388);
#2390=CARTESIAN_POINT('',(-0.15748031496063,0.147637795275591,0.102362204724409));
#2391=DIRECTION('',(0.0,-1.0,0.0));
#2392=VECTOR('',#2391,0.295275590551182);
#2393=LINE('',#2390,#2392);
#2394=EDGE_CURVE('',#2389,#2344,#2393,.T.);
#2395=ORIENTED_EDGE('',*,*,#2394,.F.);
#2396=CARTESIAN_POINT('',(-0.15748031496063,0.147637795275591,0.086614173228346));
#2397=DIRECTION('',(1.0,0.0,0.0));
#2398=DIRECTION('',(0.0,0.707106781186548,0.707106781186548));
#2399=AXIS2_PLACEMENT_3D('',#2396,#2397,#2398);
#2400=CIRCLE('',#2399,0.015748031496063);
#2401=EDGE_CURVE('',#1137,#2389,#2400,.T.);
#2402=ORIENTED_EDGE('',*,*,#2401,.F.);
#2403=ORIENTED_EDGE('',*,*,#1142,.F.);
#2404=ORIENTED_EDGE('',*,*,#915,.T.);
#2405=ORIENTED_EDGE('',*,*,#1510,.F.);
#2406=CARTESIAN_POINT('',(-0.15748031496063,0.143700787401575,0.082677165354331));
#2407=DIRECTION('',(-1.0,0.0,0.0));
#2408=DIRECTION('',(0.0,0.707106781186548,0.707106781186547));
#2409=AXIS2_PLACEMENT_3D('',#2406,#2407,#2408);
#2410=CIRCLE('',#2409,0.007874015748031);
#2411=EDGE_CURVE('',#802,#1499,#2410,.T.);
#2412=ORIENTED_EDGE('',*,*,#2411,.F.);
#2413=ORIENTED_EDGE('',*,*,#807,.F.);
#2414=ORIENTED_EDGE('',*,*,#203,.F.);
#2415=CARTESIAN_POINT('',(-0.15748031496063,-0.151574803149606,-0.003937007874016));
#2416=DIRECTION('',(0.0,0.0,1.0));
#2417=VECTOR('',#2416,0.086614173228347);
#2418=LINE('',#2415,#2417);
#2419=EDGE_CURVE('',#936,#189,#2418,.T.);
#2420=ORIENTED_EDGE('',*,*,#2419,.F.);
#2421=EDGE_LOOP('',(#2385,#2386,#2387,#2395,#2402,#2403,#2404,#2405,#2412,#2413,#2414,#2420));
#2422=FACE_OUTER_BOUND('',#2421,.T.);
#2423=ADVANCED_FACE('',(#2422),#2384,.T.);
#2424=CARTESIAN_POINT('',(-0.173228346456693,-0.16240157480315,0.102362204724409));
#2425=DIRECTION('',(0.0,0.0,1.0));
#2426=DIRECTION('',(1.0,0.0,0.0));
#2427=AXIS2_PLACEMENT_3D('',#2424,#2425,#2426);
#2428=PLANE('',#2427);
#2429=ORIENTED_EDGE('',*,*,#2375,.F.);
#2430=CARTESIAN_POINT('',(0.143700787401575,-0.049212598425197,0.102362204724409));
#2431=VERTEX_POINT('',#2430);
#2432=CARTESIAN_POINT('',(0.143700787401575,-0.147637795275591,0.102362204724409));
#2433=DIRECTION('',(0.0,1.0,0.0));
#2434=VECTOR('',#2433,0.098425196850394);
#2435=LINE('',#2432,#2434);
#2436=EDGE_CURVE('',#2363,#2431,#2435,.T.);
#2437=ORIENTED_EDGE('',*,*,#2436,.T.);
#2438=CARTESIAN_POINT('',(0.15748031496063,-0.049212598425197,0.102362204724409));
#2439=VERTEX_POINT('',#2438);
#2440=CARTESIAN_POINT('',(0.143700787401575,-0.049212598425197,0.102362204724409));
#2441=DIRECTION('',(1.0,0.0,0.0));
#2442=VECTOR('',#2441,0.013779527559055);
#2443=LINE('',#2440,#2442);
#2444=EDGE_CURVE('',#2431,#2439,#2443,.T.);
#2445=ORIENTED_EDGE('',*,*,#2444,.T.);
#2446=CARTESIAN_POINT('',(0.15748031496063,0.049212598425197,0.102362204724409));
#2447=VERTEX_POINT('',#2446);
#2448=CARTESIAN_POINT('',(0.15748031496063,-0.049212598425197,0.102362204724409));
#2449=DIRECTION('',(0.0,1.0,0.0));
#2450=VECTOR('',#2449,0.098425196850394);
#2451=LINE('',#2448,#2450);
#2452=EDGE_CURVE('',#2439,#2447,#2451,.T.);
#2453=ORIENTED_EDGE('',*,*,#2452,.T.);
#2454=CARTESIAN_POINT('',(0.143700787401575,0.049212598425197,0.102362204724409));
#2455=VERTEX_POINT('',#2454);
#2456=CARTESIAN_POINT('',(0.143700787401575,0.049212598425197,0.102362204724409));
#2457=DIRECTION('',(1.0,0.0,0.0));
#2458=VECTOR('',#2457,0.013779527559055);
#2459=LINE('',#2456,#2458);
#2460=EDGE_CURVE('',#2455,#2447,#2459,.T.);
#2461=ORIENTED_EDGE('',*,*,#2460,.F.);
#2462=CARTESIAN_POINT('',(0.143700787401575,0.147637795275591,0.102362204724409));
#2463=VERTEX_POINT('',#2462);
#2464=CARTESIAN_POINT('',(0.143700787401575,0.049212598425197,0.102362204724409));
#2465=DIRECTION('',(0.0,1.0,0.0));
#2466=VECTOR('',#2465,0.098425196850394);
#2467=LINE('',#2464,#2466);
#2468=EDGE_CURVE('',#2455,#2463,#2467,.T.);
#2469=ORIENTED_EDGE('',*,*,#2468,.T.);
#2470=CARTESIAN_POINT('',(-0.15748031496063,0.147637795275591,0.102362204724409));
#2471=DIRECTION('',(1.0,0.0,0.0));
#2472=VECTOR('',#2471,0.301181102362205);
#2473=LINE('',#2470,#2472);
#2474=EDGE_CURVE('',#2389,#2463,#2473,.T.);
#2475=ORIENTED_EDGE('',*,*,#2474,.F.);
#2476=ORIENTED_EDGE('',*,*,#2394,.T.);
#2477=EDGE_LOOP('',(#2429,#2437,#2445,#2453,#2461,#2469,#2475,#2476));
#2478=FACE_OUTER_BOUND('',#2477,.T.);
#2479=ORIENTED_EDGE('',*,*,#841,.T.);
#2480=EDGE_LOOP('',(#2479));
#2481=FACE_BOUND('',#2480,.T.);
#2482=ADVANCED_FACE('',(#2478,#2481),#2428,.T.);
#2483=CARTESIAN_POINT('',(0.143700787401575,-0.169094488188977,0.10767716535433));
#2484=DIRECTION('',(-1.0,0.0,0.0));
#2485=DIRECTION('',(0.0,0.0,1.0));
#2486=AXIS2_PLACEMENT_3D('',#2483,#2484,#2485);
#2487=PLANE('',#2486);
#2488=ORIENTED_EDGE('',*,*,#1552,.F.);
#2489=CARTESIAN_POINT('',(0.143700787401575,-0.151574803149606,0.082677165354331));
#2490=DIRECTION('',(0.0,0.0,-1.0));
#2491=VECTOR('',#2490,0.086614173228347);
#2492=LINE('',#2489,#2491);
#2493=EDGE_CURVE('',#311,#1540,#2492,.T.);
#2494=ORIENTED_EDGE('',*,*,#2493,.F.);
#2495=ORIENTED_EDGE('',*,*,#317,.F.);
#2496=ORIENTED_EDGE('',*,*,#452,.F.);
#2497=CARTESIAN_POINT('',(0.143700787401575,-0.049212598425197,0.090551181102362));
#2498=VERTEX_POINT('',#2497);
#2499=CARTESIAN_POINT('',(0.143700787401575,-0.049212598425197,0.090551181102362));
#2500=DIRECTION('',(0.0,-1.0,0.0));
#2501=VECTOR('',#2500,0.009842519685039);
#2502=LINE('',#2499,#2501);
#2503=EDGE_CURVE('',#2498,#441,#2502,.T.);
#2504=ORIENTED_EDGE('',*,*,#2503,.F.);
#2505=CARTESIAN_POINT('',(0.143700787401575,-0.049212598425197,0.090551181102362));
#2506=DIRECTION('',(0.0,0.0,1.0));
#2507=VECTOR('',#2506,0.011811023622047);
#2508=LINE('',#2505,#2507);
#2509=EDGE_CURVE('',#2498,#2431,#2508,.T.);
#2510=ORIENTED_EDGE('',*,*,#2509,.T.);
#2511=ORIENTED_EDGE('',*,*,#2436,.F.);
#2512=ORIENTED_EDGE('',*,*,#2369,.F.);
#2513=ORIENTED_EDGE('',*,*,#2292,.F.);
#2514=EDGE_LOOP('',(#2488,#2494,#2495,#2496,#2504,#2510,#2511,#2512,#2513));
#2515=FACE_OUTER_BOUND('',#2514,.T.);
#2516=ADVANCED_FACE('',(#2515),#2487,.F.);
#2517=CARTESIAN_POINT('',(0.158759842519685,0.147637795275591,0.086614173228346));
#2518=DIRECTION('',(-1.0,0.0,0.0));
#2519=DIRECTION('',(0.0,-0.707106781186547,-0.707106781186548));
#2520=AXIS2_PLACEMENT_3D('',#2517,#2518,#2519);
#2521=CYLINDRICAL_SURFACE('',#2520,0.015748031496063);
#2522=ORIENTED_EDGE('',*,*,#2401,.T.);
#2523=ORIENTED_EDGE('',*,*,#2474,.T.);
#2524=CARTESIAN_POINT('',(0.143700787401575,0.147637795275591,0.086614173228346));
#2525=DIRECTION('',(-1.0,0.0,0.0));
#2526=DIRECTION('',(0.0,0.707106781186548,0.707106781186548));
#2527=AXIS2_PLACEMENT_3D('',#2524,#2525,#2526);
#2528=CIRCLE('',#2527,0.015748031496063);
#2529=EDGE_CURVE('',#2463,#1245,#2528,.T.);
#2530=ORIENTED_EDGE('',*,*,#2529,.T.);
#2531=ORIENTED_EDGE('',*,*,#1250,.T.);
#2532=ORIENTED_EDGE('',*,*,#1868,.T.);
#2533=CARTESIAN_POINT('',(0.059055118110236,0.151574803149606,0.101862139158297));
#2534=DIRECTION('',(-1.0,0.0,0.0));
#2535=VECTOR('',#2534,0.118110236220472);
#2536=LINE('',#2533,#2535);
#2537=EDGE_CURVE('',#1856,#1673,#2536,.T.);
#2538=ORIENTED_EDGE('',*,*,#2537,.T.);
#2539=ORIENTED_EDGE('',*,*,#1679,.T.);
#2540=ORIENTED_EDGE('',*,*,#1150,.T.);
#2541=EDGE_LOOP('',(#2522,#2523,#2530,#2531,#2532,#2538,#2539,#2540));
#2542=FACE_OUTER_BOUND('',#2541,.T.);
#2543=ADVANCED_FACE('',(#2542),#2521,.T.);
#2544=CARTESIAN_POINT('',(0.06496062992126,0.151574803149606,0.102427687061094));
#2545=DIRECTION('',(0.0,-1.0,0.0));
#2546=DIRECTION('',(0.0,0.0,-1.0));
#2547=AXIS2_PLACEMENT_3D('',#2544,#2545,#2546);
#2548=PLANE('',#2547);
#2549=ORIENTED_EDGE('',*,*,#2537,.F.);
#2550=ORIENTED_EDGE('',*,*,#1861,.T.);
#2551=ORIENTED_EDGE('',*,*,#626,.T.);
#2552=ORIENTED_EDGE('',*,*,#1685,.F.);
#2553=EDGE_LOOP('',(#2549,#2550,#2551,#2552));
#2554=FACE_OUTER_BOUND('',#2553,.T.);
#2555=ADVANCED_FACE('',(#2554),#2548,.F.);
#2556=CARTESIAN_POINT('',(0.169183204453011,-0.167322834645669,-0.093508009384109));
#2557=DIRECTION('',(-1.0,0.0,0.0));
#2558=DIRECTION('',(0.0,-0.970378215071789,0.24159081049181));
#2559=AXIS2_PLACEMENT_3D('',#2556,#2557,#2558);
#2560=CYLINDRICAL_SURFACE('',#2559,0.015748031496063);
#2561=ORIENTED_EDGE('',*,*,#958,.T.);
#2562=CARTESIAN_POINT('',(0.15748031496063,-0.151574803149606,-0.093508009384109));
#2563=VERTEX_POINT('',#2562);
#2564=CARTESIAN_POINT('',(-0.076577474651493,-0.151574803149606,-0.093508009384109));
#2565=DIRECTION('',(1.0,0.0,0.0));
#2566=VECTOR('',#2565,0.234057789612123);
#2567=LINE('',#2564,#2566);
#2568=EDGE_CURVE('',#944,#2563,#2567,.T.);
#2569=ORIENTED_EDGE('',*,*,#2568,.T.);
#2570=CARTESIAN_POINT('',(0.15748031496063,-0.167322834645669,-0.093508009384109));
#2571=DIRECTION('',(-1.0,0.0,0.0));
#2572=DIRECTION('',(0.0,0.970378215071787,-0.241590810491815));
#2573=AXIS2_PLACEMENT_3D('',#2570,#2571,#2572);
#2574=CIRCLE('',#2573,0.015748031496063);
#2575=EDGE_CURVE('',#2563,#1081,#2574,.T.);
#2576=ORIENTED_EDGE('',*,*,#2575,.T.);
#2577=ORIENTED_EDGE('',*,*,#1086,.T.);
#2578=EDGE_LOOP('',(#2561,#2569,#2576,#2577));
#2579=FACE_OUTER_BOUND('',#2578,.T.);
#2580=ADVANCED_FACE('',(#2579),#2560,.T.);
#2581=CARTESIAN_POINT('',(-0.176130666717289,-0.151574803149606,0.091486424091253));
#2582=DIRECTION('',(0.0,1.0,0.0));
#2583=DIRECTION('',(0.0,0.0,1.0));
#2584=AXIS2_PLACEMENT_3D('',#2581,#2582,#2583);
#2585=PLANE('',#2584);
#2586=ORIENTED_EDGE('',*,*,#949,.T.);
#2587=ORIENTED_EDGE('',*,*,#2419,.T.);
#2588=ORIENTED_EDGE('',*,*,#194,.F.);
#2589=ORIENTED_EDGE('',*,*,#272,.T.);
#2590=ORIENTED_EDGE('',*,*,#2081,.F.);
#2591=CARTESIAN_POINT('',(-0.051181102362205,-0.151574803149606,-0.074803149606299));
#2592=DIRECTION('',(1.0,0.0,0.0));
#2593=VECTOR('',#2592,0.003937007874016);
#2594=LINE('',#2591,#2593);
#2595=EDGE_CURVE('',#2075,#2127,#2594,.T.);
#2596=ORIENTED_EDGE('',*,*,#2595,.T.);
#2597=ORIENTED_EDGE('',*,*,#2133,.F.);
#2598=ORIENTED_EDGE('',*,*,#2195,.T.);
#2599=CARTESIAN_POINT('',(0.039370078740158,-0.151574803149606,-0.051181102362205));
#2600=DIRECTION('',(-1.0,0.0,0.0));
#2601=VECTOR('',#2600,0.078740157480315);
#2602=LINE('',#2599,#2601);
#2603=EDGE_CURVE('',#2020,#2184,#2602,.T.);
#2604=ORIENTED_EDGE('',*,*,#2603,.F.);
#2605=ORIENTED_EDGE('',*,*,#2025,.T.);
#2606=ORIENTED_EDGE('',*,*,#1985,.F.);
#2607=CARTESIAN_POINT('',(0.047244094488189,-0.151574803149606,-0.074803149606299));
#2608=DIRECTION('',(1.0,0.0,0.0));
#2609=VECTOR('',#2608,0.003937007874016);
#2610=LINE('',#2607,#2609);
#2611=EDGE_CURVE('',#1977,#1908,#2610,.T.);
#2612=ORIENTED_EDGE('',*,*,#2611,.T.);
#2613=ORIENTED_EDGE('',*,*,#1914,.F.);
#2614=ORIENTED_EDGE('',*,*,#1941,.T.);
#2615=ORIENTED_EDGE('',*,*,#325,.F.);
#2616=ORIENTED_EDGE('',*,*,#2493,.T.);
#2617=ORIENTED_EDGE('',*,*,#1546,.F.);
#2618=ORIENTED_EDGE('',*,*,#1583,.T.);
#2619=CARTESIAN_POINT('',(0.15748031496063,-0.151574803149606,-0.04488188976378));
#2620=VERTEX_POINT('',#2619);
#2621=CARTESIAN_POINT('',(0.15748031496063,-0.151574803149606,-0.011811023622047));
#2622=DIRECTION('',(0.0,0.0,-1.0));
#2623=VECTOR('',#2622,0.033070866141733);
#2624=LINE('',#2621,#2623);
#2625=EDGE_CURVE('',#1572,#2620,#2624,.T.);
#2626=ORIENTED_EDGE('',*,*,#2625,.T.);
#2627=CARTESIAN_POINT('',(0.215526720172543,-0.151574803149606,-0.04488188976378));
#2628=VERTEX_POINT('',#2627);
#2629=CARTESIAN_POINT('',(0.15748031496063,-0.151574803149606,-0.04488188976378));
#2630=DIRECTION('',(1.0,0.0,0.0));
#2631=VECTOR('',#2630,0.058046405211913);
#2632=LINE('',#2629,#2631);
#2633=EDGE_CURVE('',#2620,#2628,#2632,.T.);
#2634=ORIENTED_EDGE('',*,*,#2633,.T.);
#2635=CARTESIAN_POINT('',(0.215526720172543,-0.151574803149606,-0.076377952755905));
#2636=VERTEX_POINT('',#2635);
#2637=CARTESIAN_POINT('',(0.215526720172543,-0.151574803149606,-0.04488188976378));
#2638=DIRECTION('',(0.0,0.0,-1.0));
#2639=VECTOR('',#2638,0.031496062992125);
#2640=LINE('',#2637,#2639);
#2641=EDGE_CURVE('',#2628,#2636,#2640,.T.);
#2642=ORIENTED_EDGE('',*,*,#2641,.T.);
#2643=CARTESIAN_POINT('',(0.15748031496063,-0.151574803149606,-0.076377952755905));
#2644=VERTEX_POINT('',#2643);
#2645=CARTESIAN_POINT('',(0.215526720172543,-0.151574803149606,-0.076377952755905));
#2646=DIRECTION('',(-1.0,0.0,0.0));
#2647=VECTOR('',#2646,0.058046405211913);
#2648=LINE('',#2645,#2647);
#2649=EDGE_CURVE('',#2636,#2644,#2648,.T.);
#2650=ORIENTED_EDGE('',*,*,#2649,.T.);
#2651=CARTESIAN_POINT('',(0.15748031496063,-0.151574803149606,-0.076377952755905));
#2652=DIRECTION('',(0.0,0.0,-1.0));
#2653=VECTOR('',#2652,0.017130056628204);
#2654=LINE('',#2651,#2653);
#2655=EDGE_CURVE('',#2644,#2563,#2654,.T.);
#2656=ORIENTED_EDGE('',*,*,#2655,.T.);
#2657=ORIENTED_EDGE('',*,*,#2568,.F.);
#2658=EDGE_LOOP('',(#2586,#2587,#2588,#2589,#2590,#2596,#2597,#2598,#2604,#2605,#2606,#2612,#2613,#2614,#2615,#2616,#2617,#2618,#2626,#2634,#2642,#2650,#2656,#2657));
#2659=FACE_OUTER_BOUND('',#2658,.T.);
#2660=ADVANCED_FACE('',(#2659),#2585,.T.);
#2661=CARTESIAN_POINT('',(0.169183204474207,0.167322834645669,-0.093508009384109));
#2662=DIRECTION('',(-1.0,0.0,0.0));
#2663=DIRECTION('',(0.0,0.970378218671772,0.241590796032049));
#2664=AXIS2_PLACEMENT_3D('',#2661,#2662,#2663);
#2665=CYLINDRICAL_SURFACE('',#2664,0.015748031496063);
#2666=ORIENTED_EDGE('',*,*,#901,.T.);
#2667=CARTESIAN_POINT('',(0.15748031496063,0.153413106132727,-0.100891771886874));
#2668=VERTEX_POINT('',#2667);
#2669=CARTESIAN_POINT('',(-0.06990827004579,0.153413106132727,-0.100891771886874));
#2670=DIRECTION('',(1.0,0.0,0.0));
#2671=VECTOR('',#2670,0.22738858500642);
#2672=LINE('',#2669,#2671);
#2673=EDGE_CURVE('',#887,#2668,#2672,.T.);
#2674=ORIENTED_EDGE('',*,*,#2673,.T.);
#2675=CARTESIAN_POINT('',(0.15748031496063,0.167322834645669,-0.093508009384109));
#2676=DIRECTION('',(-1.0,0.0,0.0));
#2677=DIRECTION('',(0.0,-0.970378215071787,-0.241590810491817));
#2678=AXIS2_PLACEMENT_3D('',#2675,#2676,#2677);
#2679=CIRCLE('',#2678,0.015748031496063);
#2680=EDGE_CURVE('',#2668,#1326,#2679,.T.);
#2681=ORIENTED_EDGE('',*,*,#2680,.T.);
#2682=ORIENTED_EDGE('',*,*,#1331,.T.);
#2683=EDGE_LOOP('',(#2666,#2674,#2681,#2682));
#2684=FACE_OUTER_BOUND('',#2683,.T.);
#2685=ADVANCED_FACE('',(#2684),#2665,.T.);
#2686=CARTESIAN_POINT('',(-0.085708621515575,0.16366195945984,-0.095008375090811));
#2687=DIRECTION('',(0.0,0.883267760571816,0.468868918925587));
#2688=DIRECTION('',(0.0,-0.468868918925587,0.883267760571816));
#2689=AXIS2_PLACEMENT_3D('',#2686,#2687,#2688);
#2690=PLANE('',#2689);
#2691=ORIENTED_EDGE('',*,*,#876,.T.);
#2692=ORIENTED_EDGE('',*,*,#1125,.F.);
#2693=CARTESIAN_POINT('',(0.15748031496063,0.177165354330709,-0.12044643009143));
#2694=VERTEX_POINT('',#2693);
#2695=CARTESIAN_POINT('',(0.15748031496063,0.164304978263214,-0.096219711043222));
#2696=DIRECTION('',(0.0,0.468868918925587,-0.883267760571816));
#2697=VECTOR('',#2696,0.027428510503456);
#2698=LINE('',#2695,#2697);
#2699=EDGE_CURVE('',#1113,#2694,#2698,.T.);
#2700=ORIENTED_EDGE('',*,*,#2699,.T.);
#2701=CARTESIAN_POINT('',(0.15748031496063,0.177165354330709,-0.12044643009143));
#2702=DIRECTION('',(-1.0,0.0,0.0));
#2703=VECTOR('',#2702,0.209726313079724);
#2704=LINE('',#2701,#2703);
#2705=EDGE_CURVE('',#2694,#871,#2704,.T.);
#2706=ORIENTED_EDGE('',*,*,#2705,.T.);
#2707=EDGE_LOOP('',(#2691,#2692,#2700,#2706));
#2708=FACE_OUTER_BOUND('',#2707,.T.);
#2709=ADVANCED_FACE('',(#2708),#2690,.T.);
#2710=CARTESIAN_POINT('',(0.143700787401575,0.143700787401575,0.082677165354331));
#2711=DIRECTION('',(-1.0,0.0,0.0));
#2712=DIRECTION('',(0.0,-0.707106781186547,-0.707106781186548));
#2713=AXIS2_PLACEMENT_3D('',#2710,#2711,#2712);
#2714=CYLINDRICAL_SURFACE('',#2713,0.007874015748031);
#2715=CARTESIAN_POINT('',(-0.062992125984252,0.145669291338583,0.090301148319306));
#2716=VERTEX_POINT('',#2715);
#2717=CARTESIAN_POINT('',(-0.063385826771654,0.143700787401575,0.082677165354331));
#2718=DIRECTION('',(-0.98058067569092,0.196116135138184,-2.465190E-032));
#2719=DIRECTION('',(0.196116135138184,0.98058067569092,1.020622E-015));
#2720=AXIS2_PLACEMENT_3D('',#2717,#2718,#2719);
#2721=ELLIPSE('',#2720,0.00802995198991,0.007874015748031);
#2722=EDGE_CURVE('',#645,#2716,#2721,.T.);
#2723=ORIENTED_EDGE('',*,*,#2722,.F.);
#2724=ORIENTED_EDGE('',*,*,#813,.T.);
#2725=ORIENTED_EDGE('',*,*,#2411,.T.);
#2726=ORIENTED_EDGE('',*,*,#1504,.T.);
#2727=ORIENTED_EDGE('',*,*,#1667,.F.);
#2728=CARTESIAN_POINT('',(-0.062992125984252,0.145669291338583,0.090301148319306));
#2729=DIRECTION('',(1.0,0.0,0.0));
#2730=VECTOR('',#2729,0.003937007874016);
#2731=LINE('',#2728,#2730);
#2732=EDGE_CURVE('',#2716,#1655,#2731,.T.);
#2733=ORIENTED_EDGE('',*,*,#2732,.F.);
#2734=EDGE_LOOP('',(#2723,#2724,#2725,#2726,#2727,#2733));
#2735=FACE_OUTER_BOUND('',#2734,.T.);
#2736=ADVANCED_FACE('',(#2735),#2714,.F.);
#2737=CARTESIAN_POINT('',(0.147933070866142,0.143700787401575,0.082677165354331));
#2738=DIRECTION('',(-1.0,0.0,0.0));
#2739=DIRECTION('',(0.0,-0.707106781186547,-0.707106781186548));
#2740=AXIS2_PLACEMENT_3D('',#2737,#2738,#2739);
#2741=CYLINDRICAL_SURFACE('',#2740,0.007874015748031);
#2742=CARTESIAN_POINT('',(0.062992125984252,0.145669291338583,0.090301148319306));
#2743=VERTEX_POINT('',#2742);
#2744=CARTESIAN_POINT('',(0.059055118110236,0.145669291338583,0.090301148319306));
#2745=DIRECTION('',(1.0,0.0,0.0));
#2746=VECTOR('',#2745,0.003937007874016);
#2747=LINE('',#2744,#2746);
#2748=EDGE_CURVE('',#1847,#2743,#2747,.T.);
#2749=ORIENTED_EDGE('',*,*,#2748,.F.);
#2750=ORIENTED_EDGE('',*,*,#1878,.T.);
#2751=ORIENTED_EDGE('',*,*,#1404,.T.);
#2752=CARTESIAN_POINT('',(0.143700787401575,0.143700787401575,0.082677165354331));
#2753=DIRECTION('',(1.0,0.0,0.0));
#2754=DIRECTION('',(0.0,0.707106781186548,0.707106781186547));
#2755=AXIS2_PLACEMENT_3D('',#2752,#2753,#2754);
#2756=CIRCLE('',#2755,0.007874015748031);
#2757=EDGE_CURVE('',#1391,#514,#2756,.T.);
#2758=ORIENTED_EDGE('',*,*,#2757,.T.);
#2759=ORIENTED_EDGE('',*,*,#519,.T.);
#2760=CARTESIAN_POINT('',(0.063385826771654,0.143700787401575,0.082677165354331));
#2761=DIRECTION('',(0.98058067569092,0.196116135138184,-2.465190E-032));
#2762=DIRECTION('',(-0.196116135138184,0.98058067569092,1.020622E-015));
#2763=AXIS2_PLACEMENT_3D('',#2760,#2761,#2762);
#2764=ELLIPSE('',#2763,0.00802995198991,0.007874015748031);
#2765=EDGE_CURVE('',#2743,#504,#2764,.T.);
#2766=ORIENTED_EDGE('',*,*,#2765,.F.);
#2767=EDGE_LOOP('',(#2749,#2750,#2751,#2758,#2759,#2766));
#2768=FACE_OUTER_BOUND('',#2767,.T.);
#2769=ADVANCED_FACE('',(#2768),#2741,.F.);
#2770=CARTESIAN_POINT('',(-0.043307086614173,0.134055993883911,0.06025583464476));
#2771=DIRECTION('',(0.0,0.966177100512988,0.257879449441625));
#2772=DIRECTION('',(0.0,-0.257879449441625,0.966177100512988));
#2773=AXIS2_PLACEMENT_3D('',#2770,#2771,#2772);
#2774=PLANE('',#2773);
#2775=ORIENTED_EDGE('',*,*,#2210,.F.);
#2776=ORIENTED_EDGE('',*,*,#1742,.T.);
#2777=CARTESIAN_POINT('',(0.039370078740158,0.135427288588736,0.05511811023622));
#2778=DIRECTION('',(-1.0,0.0,0.0));
#2779=VECTOR('',#2778,0.078740157480315);
#2780=LINE('',#2777,#2779);
#2781=EDGE_CURVE('',#1794,#1729,#2780,.T.);
#2782=ORIENTED_EDGE('',*,*,#2781,.F.);
#2783=ORIENTED_EDGE('',*,*,#1799,.T.);
#2784=EDGE_LOOP('',(#2775,#2776,#2782,#2783));
#2785=FACE_OUTER_BOUND('',#2784,.T.);
#2786=ADVANCED_FACE('',(#2785),#2774,.T.);
#2787=CARTESIAN_POINT('',(-0.043307086614173,0.123445171003634,0.051919998953775));
#2788=DIRECTION('',(0.0,-0.257879449441624,0.966177100512988));
#2789=DIRECTION('',(1.0,0.0,0.0));
#2790=AXIS2_PLACEMENT_3D('',#2787,#2788,#2789);
#2791=PLANE('',#2790);
#2792=ORIENTED_EDGE('',*,*,#1734,.T.);
#2793=CARTESIAN_POINT('',(0.039370078740158,0.124015748031496,0.052072289967225));
#2794=DIRECTION('',(-1.0,0.0,0.0));
#2795=VECTOR('',#2794,0.078740157480315);
#2796=LINE('',#2793,#2795);
#2797=EDGE_CURVE('',#1802,#1721,#2796,.T.);
#2798=ORIENTED_EDGE('',*,*,#2797,.F.);
#2799=ORIENTED_EDGE('',*,*,#1807,.T.);
#2800=ORIENTED_EDGE('',*,*,#2781,.T.);
#2801=EDGE_LOOP('',(#2792,#2798,#2799,#2800));
#2802=FACE_OUTER_BOUND('',#2801,.T.);
#2803=ADVANCED_FACE('',(#2802),#2791,.T.);
#2804=CARTESIAN_POINT('',(0.043307086614174,0.122637795275591,0.057234959583696));
#2805=DIRECTION('',(0.0,-0.966177100512988,-0.257879449441624));
#2806=DIRECTION('',(0.0,0.257879449441624,-0.966177100512988));
#2807=AXIS2_PLACEMENT_3D('',#2804,#2805,#2806);
#2808=PLANE('',#2807);
#2809=ORIENTED_EDGE('',*,*,#1726,.T.);
#2810=ORIENTED_EDGE('',*,*,#1454,.T.);
#2811=ORIENTED_EDGE('',*,*,#1813,.T.);
#2812=ORIENTED_EDGE('',*,*,#2797,.T.);
#2813=EDGE_LOOP('',(#2809,#2810,#2811,#2812));
#2814=FACE_OUTER_BOUND('',#2813,.T.);
#2815=ADVANCED_FACE('',(#2814),#2808,.T.);
#2816=CARTESIAN_POINT('',(-0.043307086614173,-0.12263779527559,0.057234959583696));
#2817=DIRECTION('',(0.0,0.966177100512988,-0.257879449441624));
#2818=DIRECTION('',(0.0,0.257879449441624,0.966177100512988));
#2819=AXIS2_PLACEMENT_3D('',#2816,#2817,#2818);
#2820=PLANE('',#2819);
#2821=ORIENTED_EDGE('',*,*,#2189,.T.);
#2822=CARTESIAN_POINT('',(0.039370078740158,-0.124015748031496,0.052072289967225));
#2823=DIRECTION('',(-1.0,0.0,0.0));
#2824=VECTOR('',#2823,0.078740157480315);
#2825=LINE('',#2822,#2824);
#2826=EDGE_CURVE('',#2028,#2176,#2825,.T.);
#2827=ORIENTED_EDGE('',*,*,#2826,.F.);
#2828=ORIENTED_EDGE('',*,*,#2033,.T.);
#2829=ORIENTED_EDGE('',*,*,#2603,.T.);
#2830=EDGE_LOOP('',(#2821,#2827,#2828,#2829));
#2831=FACE_OUTER_BOUND('',#2830,.T.);
#2832=ADVANCED_FACE('',(#2831),#2820,.T.);
#2833=CARTESIAN_POINT('',(-0.043307086614173,-0.135997865616598,0.05527040124967));
#2834=DIRECTION('',(0.0,0.257879449441624,0.966177100512988));
#2835=DIRECTION('',(1.0,0.0,0.0));
#2836=AXIS2_PLACEMENT_3D('',#2833,#2834,#2835);
#2837=PLANE('',#2836);
#2838=ORIENTED_EDGE('',*,*,#2181,.T.);
#2839=CARTESIAN_POINT('',(0.039370078740158,-0.135427288588736,0.05511811023622));
#2840=DIRECTION('',(-1.0,0.0,0.0));
#2841=VECTOR('',#2840,0.078740157480315);
#2842=LINE('',#2839,#2841);
#2843=EDGE_CURVE('',#2036,#2168,#2842,.T.);
#2844=ORIENTED_EDGE('',*,*,#2843,.F.);
#2845=ORIENTED_EDGE('',*,*,#2041,.T.);
#2846=ORIENTED_EDGE('',*,*,#2826,.T.);
#2847=EDGE_LOOP('',(#2838,#2844,#2845,#2846));
#2848=FACE_OUTER_BOUND('',#2847,.T.);
#2849=ADVANCED_FACE('',(#2848),#2837,.T.);
#2850=CARTESIAN_POINT('',(0.043307086614174,-0.134055993883911,0.06025583464476));
#2851=DIRECTION('',(0.0,-0.966177100512988,0.257879449441625));
#2852=DIRECTION('',(0.0,-0.257879449441625,-0.966177100512988));
#2853=AXIS2_PLACEMENT_3D('',#2850,#2851,#2852);
#2854=PLANE('',#2853);
#2855=ORIENTED_EDGE('',*,*,#2234,.F.);
#2856=ORIENTED_EDGE('',*,*,#2049,.T.);
#2857=ORIENTED_EDGE('',*,*,#2843,.T.);
#2858=ORIENTED_EDGE('',*,*,#2173,.T.);
#2859=EDGE_LOOP('',(#2855,#2856,#2857,#2858));
#2860=FACE_OUTER_BOUND('',#2859,.T.);
#2861=ADVANCED_FACE('',(#2860),#2854,.T.);
#2862=CARTESIAN_POINT('',(0.051377952755906,0.150984251968504,-0.074803149606299));
#2863=DIRECTION('',(0.0,0.0,-1.0));
#2864=DIRECTION('',(-1.0,0.0,0.0));
#2865=AXIS2_PLACEMENT_3D('',#2862,#2863,#2864);
#2866=PLANE('',#2865);
#2867=ORIENTED_EDGE('',*,*,#1772,.F.);
#2868=ORIENTED_EDGE('',*,*,#1429,.F.);
#2869=ORIENTED_EDGE('',*,*,#1836,.F.);
#2870=ORIENTED_EDGE('',*,*,#1225,.F.);
#2871=EDGE_LOOP('',(#2867,#2868,#2869,#2870));
#2872=FACE_OUTER_BOUND('',#2871,.T.);
#2873=ADVANCED_FACE('',(#2872),#2866,.F.);
#2874=CARTESIAN_POINT('',(-0.047047244094488,0.150984251968504,-0.074803149606299));
#2875=DIRECTION('',(0.0,0.0,-1.0));
#2876=DIRECTION('',(-1.0,0.0,0.0));
#2877=AXIS2_PLACEMENT_3D('',#2874,#2875,#2876);
#2878=PLANE('',#2877);
#2879=ORIENTED_EDGE('',*,*,#1644,.F.);
#2880=ORIENTED_EDGE('',*,*,#1479,.F.);
#2881=ORIENTED_EDGE('',*,*,#1708,.F.);
#2882=ORIENTED_EDGE('',*,*,#1175,.F.);
#2883=EDGE_LOOP('',(#2879,#2880,#2881,#2882));
#2884=FACE_OUTER_BOUND('',#2883,.T.);
#2885=ADVANCED_FACE('',(#2884),#2878,.F.);
#2886=CARTESIAN_POINT('',(0.051377952755906,-0.163976377952756,-0.074803149606299));
#2887=DIRECTION('',(0.0,0.0,-1.0));
#2888=DIRECTION('',(-1.0,0.0,0.0));
#2889=AXIS2_PLACEMENT_3D('',#2886,#2887,#2888);
#2890=PLANE('',#2889);
#2891=ORIENTED_EDGE('',*,*,#1920,.F.);
#2892=ORIENTED_EDGE('',*,*,#2611,.F.);
#2893=ORIENTED_EDGE('',*,*,#2008,.F.);
#2894=ORIENTED_EDGE('',*,*,#2306,.F.);
#2895=EDGE_LOOP('',(#2891,#2892,#2893,#2894));
#2896=FACE_OUTER_BOUND('',#2895,.T.);
#2897=ADVANCED_FACE('',(#2896),#2890,.F.);
#2898=CARTESIAN_POINT('',(-0.047047244094488,-0.163976377952756,-0.074803149606299));
#2899=DIRECTION('',(0.0,0.0,-1.0));
#2900=DIRECTION('',(-1.0,0.0,0.0));
#2901=AXIS2_PLACEMENT_3D('',#2898,#2899,#2900);
#2902=PLANE('',#2901);
#2903=ORIENTED_EDGE('',*,*,#2097,.F.);
#2904=ORIENTED_EDGE('',*,*,#2317,.F.);
#2905=ORIENTED_EDGE('',*,*,#2139,.F.);
#2906=ORIENTED_EDGE('',*,*,#2595,.F.);
#2907=EDGE_LOOP('',(#2903,#2904,#2905,#2906));
#2908=FACE_OUTER_BOUND('',#2907,.T.);
#2909=ADVANCED_FACE('',(#2908),#2902,.F.);
#2910=CARTESIAN_POINT('',(-0.06496062992126,-0.151574803149606,0.102427687061094));
#2911=DIRECTION('',(0.0,1.0,0.0));
#2912=DIRECTION('',(0.0,0.0,1.0));
#2913=AXIS2_PLACEMENT_3D('',#2910,#2911,#2912);
#2914=PLANE('',#2913);
#2915=ORIENTED_EDGE('',*,*,#2358,.F.);
#2916=ORIENTED_EDGE('',*,*,#241,.T.);
#2917=ORIENTED_EDGE('',*,*,#362,.F.);
#2918=ORIENTED_EDGE('',*,*,#1965,.F.);
#2919=EDGE_LOOP('',(#2915,#2916,#2917,#2918));
#2920=FACE_OUTER_BOUND('',#2919,.T.);
#2921=ADVANCED_FACE('',(#2920),#2914,.F.);
#2922=CARTESIAN_POINT('',(0.297047244094488,-0.160087410188316,-0.051082677165354));
#2923=DIRECTION('',(-0.287347885566345,0.0,-0.957826285221152));
#2924=DIRECTION('',(-0.957826285221152,0.0,0.287347885566345));
#2925=AXIS2_PLACEMENT_3D('',#2922,#2923,#2924);
#2926=PLANE('',#2925);
#2927=CARTESIAN_POINT('',(0.296062992125984,-0.159448818897638,-0.050787401574803));
#2928=VERTEX_POINT('',#2927);
#2929=CARTESIAN_POINT('',(0.276976419634362,-0.159448818897638,-0.045061429827316));
#2930=VERTEX_POINT('',#2929);
#2931=CARTESIAN_POINT('',(0.296062992125984,-0.159448818897638,-0.050787401574803));
#2932=DIRECTION('',(-0.957826285221152,0.0,0.287347885566344));
#2933=VECTOR('',#2932,0.019926966701707);
#2934=LINE('',#2931,#2933);
#2935=EDGE_CURVE('',#2928,#2930,#2934,.T.);
#2936=ORIENTED_EDGE('',*,*,#2935,.F.);
#2937=CARTESIAN_POINT('',(0.296062992125984,-0.147637795275591,-0.050787401574803));
#2938=VERTEX_POINT('',#2937);
#2939=CARTESIAN_POINT('',(0.296062992125984,-0.147637795275591,-0.050787401574803));
#2940=DIRECTION('',(0.0,-1.0,0.0));
#2941=VECTOR('',#2940,0.011811023622047);
#2942=LINE('',#2939,#2941);
#2943=EDGE_CURVE('',#2938,#2928,#2942,.T.);
#2944=ORIENTED_EDGE('',*,*,#2943,.F.);
#2945=CARTESIAN_POINT('',(0.276377952755905,-0.147637795275591,-0.04488188976378));
#2946=VERTEX_POINT('',#2945);
#2947=CARTESIAN_POINT('',(0.276377952755905,-0.147637795275591,-0.04488188976378));
#2948=DIRECTION('',(0.957826285221152,0.0,-0.287347885566345));
#2949=VECTOR('',#2948,0.020551784466359);
#2950=LINE('',#2947,#2949);
#2951=EDGE_CURVE('',#2946,#2938,#2950,.T.);
#2952=ORIENTED_EDGE('',*,*,#2951,.F.);
#2953=CARTESIAN_POINT('',(0.276377952755906,-0.159494571382948,-0.04488188976378));
#2954=VERTEX_POINT('',#2953);
#2955=CARTESIAN_POINT('',(0.276377952755905,-0.159494571382948,-0.04488188976378));
#2956=DIRECTION('',(0.0,1.0,0.0));
#2957=VECTOR('',#2956,0.011856776107357);
#2958=LINE('',#2955,#2957);
#2959=EDGE_CURVE('',#2954,#2946,#2958,.T.);
#2960=ORIENTED_EDGE('',*,*,#2959,.F.);
#2961=CARTESIAN_POINT('',(0.276976419546908,-0.163385826771654,-0.04506142980108));
#2962=DIRECTION('',(0.287347885566345,9.244464E-033,0.957826285221152));
#2963=DIRECTION('',(0.957826285221152,8.307819E-017,-0.287347885566345));
#2964=AXIS2_PLACEMENT_3D('',#2961,#2962,#2963);
#2965=ELLIPSE('',#2964,0.004110356893272,0.003937007874016);
#2966=EDGE_CURVE('',#2930,#2954,#2965,.T.);
#2967=ORIENTED_EDGE('',*,*,#2966,.F.);
#2968=EDGE_LOOP('',(#2936,#2944,#2952,#2960,#2967));
#2969=FACE_OUTER_BOUND('',#2968,.T.);
#2970=ADVANCED_FACE('',(#2969),#2926,.F.);
#2971=CARTESIAN_POINT('',(0.297047244094488,0.147044956470223,-0.051082677165354));
#2972=DIRECTION('',(-0.287347885566345,0.0,-0.957826285221152));
#2973=DIRECTION('',(-0.957826285221152,0.0,0.287347885566345));
#2974=AXIS2_PLACEMENT_3D('',#2971,#2972,#2973);
#2975=PLANE('',#2974);
#2976=CARTESIAN_POINT('',(0.276976419546908,0.159448818897638,-0.04506142980108));
#2977=VERTEX_POINT('',#2976);
#2978=CARTESIAN_POINT('',(0.296062992125984,0.159448818897638,-0.050787401574803));
#2979=VERTEX_POINT('',#2978);
#2980=CARTESIAN_POINT('',(0.276976419546908,0.159448818897638,-0.04506142980108));
#2981=DIRECTION('',(0.957826285221152,-2.785730E-015,-0.287347885566344));
#2982=VECTOR('',#2981,0.019926966793012);
#2983=LINE('',#2980,#2982);
#2984=EDGE_CURVE('',#2977,#2979,#2983,.T.);
#2985=ORIENTED_EDGE('',*,*,#2984,.F.);
#2986=CARTESIAN_POINT('',(0.276377952755905,0.159494571382948,-0.04488188976378));
#2987=VERTEX_POINT('',#2986);
#2988=CARTESIAN_POINT('',(0.276976419546908,0.163385826771654,-0.04506142980108));
#2989=DIRECTION('',(0.287347885566345,0.0,0.957826285221152));
#2990=DIRECTION('',(0.957826285221152,0.0,-0.287347885566345));
#2991=AXIS2_PLACEMENT_3D('',#2988,#2989,#2990);
#2992=ELLIPSE('',#2991,0.004110356893272,0.003937007874016);
#2993=EDGE_CURVE('',#2987,#2977,#2992,.T.);
#2994=ORIENTED_EDGE('',*,*,#2993,.F.);
#2995=CARTESIAN_POINT('',(0.276377952755905,0.147637795275591,-0.04488188976378));
#2996=VERTEX_POINT('',#2995);
#2997=CARTESIAN_POINT('',(0.276377952755906,0.147637795275591,-0.04488188976378));
#2998=DIRECTION('',(0.0,1.0,0.0));
#2999=VECTOR('',#2998,0.011856776107357);
#3000=LINE('',#2997,#2999);
#3001=EDGE_CURVE('',#2996,#2987,#3000,.T.);
#3002=ORIENTED_EDGE('',*,*,#3001,.F.);
#3003=CARTESIAN_POINT('',(0.296062992125984,0.147637795275591,-0.050787401574803));
#3004=VERTEX_POINT('',#3003);
#3005=CARTESIAN_POINT('',(0.296062992125984,0.147637795275591,-0.050787401574803));
#3006=DIRECTION('',(-0.957826285221152,0.0,0.287347885566345));
#3007=VECTOR('',#3006,0.020551784466359);
#3008=LINE('',#3005,#3007);
#3009=EDGE_CURVE('',#3004,#2996,#3008,.T.);
#3010=ORIENTED_EDGE('',*,*,#3009,.F.);
#3011=CARTESIAN_POINT('',(0.296062992125984,0.159448818897638,-0.050787401574803));
#3012=DIRECTION('',(0.0,-1.0,0.0));
#3013=VECTOR('',#3012,0.011811023622047);
#3014=LINE('',#3011,#3013);
#3015=EDGE_CURVE('',#2979,#3004,#3014,.T.);
#3016=ORIENTED_EDGE('',*,*,#3015,.F.);
#3017=EDGE_LOOP('',(#2985,#2994,#3002,#3010,#3016));
#3018=FACE_OUTER_BOUND('',#3017,.T.);
#3019=ADVANCED_FACE('',(#3018),#2975,.F.);
#3020=CARTESIAN_POINT('',(0.275393700787402,-0.160087410188316,-0.076673228346457));
#3021=DIRECTION('',(-0.287347885566345,0.0,0.957826285221152));
#3022=DIRECTION('',(0.957826285221152,0.0,0.287347885566345));
#3023=AXIS2_PLACEMENT_3D('',#3020,#3021,#3022);
#3024=PLANE('',#3023);
#3025=CARTESIAN_POINT('',(0.296062992125984,-0.147637795275591,-0.070472440944882));
#3026=VERTEX_POINT('',#3025);
#3027=CARTESIAN_POINT('',(0.276377952755906,-0.147637795275591,-0.076377952755905));
#3028=VERTEX_POINT('',#3027);
#3029=CARTESIAN_POINT('',(0.296062992125984,-0.147637795275591,-0.070472440944882));
#3030=DIRECTION('',(-0.957826285221152,0.0,-0.287347885566343));
#3031=VECTOR('',#3030,0.020551784466358);
#3032=LINE('',#3029,#3031);
#3033=EDGE_CURVE('',#3026,#3028,#3032,.T.);
#3034=ORIENTED_EDGE('',*,*,#3033,.F.);
#3035=CARTESIAN_POINT('',(0.296062992125984,-0.159448818897638,-0.070472440944882));
#3036=VERTEX_POINT('',#3035);
#3037=CARTESIAN_POINT('',(0.296062992125984,-0.159448818897638,-0.070472440944882));
#3038=DIRECTION('',(0.0,1.0,0.0));
#3039=VECTOR('',#3038,0.011811023622047);
#3040=LINE('',#3037,#3039);
#3041=EDGE_CURVE('',#3036,#3026,#3040,.T.);
#3042=ORIENTED_EDGE('',*,*,#3041,.F.);
#3043=CARTESIAN_POINT('',(0.276976419546908,-0.159448818897638,-0.076198412718605));
#3044=VERTEX_POINT('',#3043);
#3045=CARTESIAN_POINT('',(0.276976419546908,-0.159448818897638,-0.076198412718605));
#3046=DIRECTION('',(0.957826285221152,2.785730E-015,0.287347885566344));
#3047=VECTOR('',#3046,0.019926966793012);
#3048=LINE('',#3045,#3047);
#3049=EDGE_CURVE('',#3044,#3036,#3048,.T.);
#3050=ORIENTED_EDGE('',*,*,#3049,.F.);
#3051=CARTESIAN_POINT('',(0.276377952755906,-0.159494571382948,-0.076377952755905));
#3052=VERTEX_POINT('',#3051);
#3053=CARTESIAN_POINT('',(0.276976419546908,-0.163385826771654,-0.076198412718605));
#3054=DIRECTION('',(0.287347885566345,9.244464E-033,-0.957826285221152));
#3055=DIRECTION('',(0.957826285221152,8.307819E-017,0.287347885566345));
#3056=AXIS2_PLACEMENT_3D('',#3053,#3054,#3055);
#3057=ELLIPSE('',#3056,0.004110356893272,0.003937007874016);
#3058=EDGE_CURVE('',#3052,#3044,#3057,.T.);
#3059=ORIENTED_EDGE('',*,*,#3058,.F.);
#3060=CARTESIAN_POINT('',(0.276377952755906,-0.147637795275591,-0.076377952755905));
#3061=DIRECTION('',(0.0,-1.0,0.0));
#3062=VECTOR('',#3061,0.011856776107357);
#3063=LINE('',#3060,#3062);
#3064=EDGE_CURVE('',#3028,#3052,#3063,.T.);
#3065=ORIENTED_EDGE('',*,*,#3064,.F.);
#3066=EDGE_LOOP('',(#3034,#3042,#3050,#3059,#3065));
#3067=FACE_OUTER_BOUND('',#3066,.T.);
#3068=ADVANCED_FACE('',(#3067),#3024,.F.);
#3069=CARTESIAN_POINT('',(0.275393700787402,0.147044956470223,-0.076673228346457));
#3070=DIRECTION('',(-0.287347885566345,0.0,0.957826285221152));
#3071=DIRECTION('',(0.957826285221152,0.0,0.287347885566345));
#3072=AXIS2_PLACEMENT_3D('',#3069,#3070,#3071);
#3073=PLANE('',#3072);
#3074=CARTESIAN_POINT('',(0.296062992125984,0.159448818897638,-0.070472440944882));
#3075=VERTEX_POINT('',#3074);
#3076=CARTESIAN_POINT('',(0.276976419634362,0.159448818897638,-0.076198412692369));
#3077=VERTEX_POINT('',#3076);
#3078=CARTESIAN_POINT('',(0.296062992125984,0.159448818897638,-0.070472440944882));
#3079=DIRECTION('',(-0.957826285221152,0.0,-0.287347885566344));
#3080=VECTOR('',#3079,0.019926966701707);
#3081=LINE('',#3078,#3080);
#3082=EDGE_CURVE('',#3075,#3077,#3081,.T.);
#3083=ORIENTED_EDGE('',*,*,#3082,.F.);
#3084=CARTESIAN_POINT('',(0.296062992125984,0.147637795275591,-0.070472440944882));
#3085=VERTEX_POINT('',#3084);
#3086=CARTESIAN_POINT('',(0.296062992125984,0.147637795275591,-0.070472440944882));
#3087=DIRECTION('',(0.0,1.0,0.0));
#3088=VECTOR('',#3087,0.011811023622047);
#3089=LINE('',#3086,#3088);
#3090=EDGE_CURVE('',#3085,#3075,#3089,.T.);
#3091=ORIENTED_EDGE('',*,*,#3090,.F.);
#3092=CARTESIAN_POINT('',(0.276377952755906,0.147637795275591,-0.076377952755906));
#3093=VERTEX_POINT('',#3092);
#3094=CARTESIAN_POINT('',(0.276377952755906,0.147637795275591,-0.076377952755906));
#3095=DIRECTION('',(0.957826285221151,0.0,0.287347885566345));
#3096=VECTOR('',#3095,0.020551784466359);
#3097=LINE('',#3094,#3096);
#3098=EDGE_CURVE('',#3093,#3085,#3097,.T.);
#3099=ORIENTED_EDGE('',*,*,#3098,.F.);
#3100=CARTESIAN_POINT('',(0.276377952755906,0.159494571382948,-0.076377952755905));
#3101=VERTEX_POINT('',#3100);
#3102=CARTESIAN_POINT('',(0.276377952755906,0.159494571382948,-0.076377952755906));
#3103=DIRECTION('',(0.0,-1.0,0.0));
#3104=VECTOR('',#3103,0.011856776107357);
#3105=LINE('',#3102,#3104);
#3106=EDGE_CURVE('',#3101,#3093,#3105,.T.);
#3107=ORIENTED_EDGE('',*,*,#3106,.F.);
#3108=CARTESIAN_POINT('',(0.276976419546908,0.163385826771654,-0.076198412718605));
#3109=DIRECTION('',(0.287347885566345,0.0,-0.957826285221152));
#3110=DIRECTION('',(0.957826285221152,0.0,0.287347885566345));
#3111=AXIS2_PLACEMENT_3D('',#3108,#3109,#3110);
#3112=ELLIPSE('',#3111,0.004110356893272,0.003937007874016);
#3113=EDGE_CURVE('',#3077,#3101,#3112,.T.);
#3114=ORIENTED_EDGE('',*,*,#3113,.F.);
#3115=EDGE_LOOP('',(#3083,#3091,#3099,#3107,#3114));
#3116=FACE_OUTER_BOUND('',#3115,.T.);
#3117=ADVANCED_FACE('',(#3116),#3073,.F.);
#3118=CARTESIAN_POINT('',(0.296062992125984,0.16003937007874,-0.049803149606299));
#3119=DIRECTION('',(1.0,0.0,0.0));
#3120=DIRECTION('',(0.0,0.0,-1.0));
#3121=AXIS2_PLACEMENT_3D('',#3118,#3119,#3120);
#3122=PLANE('',#3121);
#3123=ORIENTED_EDGE('',*,*,#3015,.T.);
#3124=CARTESIAN_POINT('',(0.296062992125984,0.147637795275591,-0.050787401574803));
#3125=DIRECTION('',(0.0,0.0,-1.0));
#3126=VECTOR('',#3125,0.019685039370079);
#3127=LINE('',#3124,#3126);
#3128=EDGE_CURVE('',#3004,#3085,#3127,.T.);
#3129=ORIENTED_EDGE('',*,*,#3128,.T.);
#3130=ORIENTED_EDGE('',*,*,#3090,.T.);
#3131=CARTESIAN_POINT('',(0.296062992125984,0.159448818897638,-0.050787401574803));
#3132=DIRECTION('',(0.0,0.0,-1.0));
#3133=VECTOR('',#3132,0.019685039370079);
#3134=LINE('',#3131,#3133);
#3135=EDGE_CURVE('',#2979,#3075,#3134,.T.);
#3136=ORIENTED_EDGE('',*,*,#3135,.F.);
#3137=EDGE_LOOP('',(#3123,#3129,#3130,#3136));
#3138=FACE_OUTER_BOUND('',#3137,.T.);
#3139=ADVANCED_FACE('',(#3138),#3122,.T.);
#3140=CARTESIAN_POINT('',(0.28232283464567,0.145669473092826,-0.076377952755906));
#3141=DIRECTION('',(0.0,0.0,-1.0));
#3142=DIRECTION('',(-1.0,0.0,0.0));
#3143=AXIS2_PLACEMENT_3D('',#3140,#3141,#3142);
#3144=PLANE('',#3143);
#3145=ORIENTED_EDGE('',*,*,#3106,.T.);
#3146=CARTESIAN_POINT('',(0.2748976169982,0.147637795275591,-0.076377952755905));
#3147=VERTEX_POINT('',#3146);
#3148=CARTESIAN_POINT('',(0.2748976169982,0.147637795275591,-0.076377952755905));
#3149=DIRECTION('',(1.0,0.0,0.0));
#3150=VECTOR('',#3149,0.001480335757706);
#3151=LINE('',#3148,#3150);
#3152=EDGE_CURVE('',#3147,#3093,#3151,.T.);
#3153=ORIENTED_EDGE('',*,*,#3152,.F.);
#3154=CARTESIAN_POINT('',(0.268732236349951,0.149808074400495,-0.076377952755905));
#3155=VERTEX_POINT('',#3154);
#3156=CARTESIAN_POINT('',(0.2748976169982,0.15748031496063,-0.076377952755905));
#3157=DIRECTION('',(0.0,0.0,1.0));
#3158=DIRECTION('',(0.0,-1.0,0.0));
#3159=AXIS2_PLACEMENT_3D('',#3156,#3157,#3158);
#3160=CIRCLE('',#3159,0.009842519685039);
#3161=EDGE_CURVE('',#3155,#3147,#3160,.T.);
#3162=ORIENTED_EDGE('',*,*,#3161,.F.);
#3163=CARTESIAN_POINT('',(0.241263803736831,0.171881592761038,-0.076377952755905));
#3164=VERTEX_POINT('',#3163);
#3165=CARTESIAN_POINT('',(0.241263803736831,0.171881592761038,-0.076377952755905));
#3166=DIRECTION('',(0.779499640909758,-0.626402673862076,0.0));
#3167=VECTOR('',#3166,0.035238544280869);
#3168=LINE('',#3165,#3167);
#3169=EDGE_CURVE('',#3164,#3155,#3168,.T.);
#3170=ORIENTED_EDGE('',*,*,#3169,.F.);
#3171=CARTESIAN_POINT('',(0.235695868728942,0.17123735626169,-0.076377952755905));
#3172=VERTEX_POINT('',#3171);
#3173=CARTESIAN_POINT('',(0.238797651477532,0.168812696536984,-0.076377952755905));
#3174=DIRECTION('',(0.0,0.0,-1.0));
#3175=DIRECTION('',(0.787852818141763,-0.615863570075453,0.0));
#3176=AXIS2_PLACEMENT_3D('',#3173,#3174,#3175);
#3177=CIRCLE('',#3176,0.003937007874016);
#3178=EDGE_CURVE('',#3172,#3164,#3177,.T.);
#3179=ORIENTED_EDGE('',*,*,#3178,.F.);
#3180=CARTESIAN_POINT('',(0.223281177044017,0.155355673522879,-0.076377952755905));
#3181=VERTEX_POINT('',#3180);
#3182=CARTESIAN_POINT('',(0.223281177044017,0.155355673522879,-0.076377952755905));
#3183=DIRECTION('',(0.615863570075451,0.787852818141764,0.0));
#3184=VECTOR('',#3183,0.020158184845069);
#3185=LINE('',#3182,#3184);
#3186=EDGE_CURVE('',#3181,#3172,#3185,.T.);
#3187=ORIENTED_EDGE('',*,*,#3186,.F.);
#3188=CARTESIAN_POINT('',(0.215526720172543,0.161417322834646,-0.076377952755905));
#3189=DIRECTION('',(0.0,0.0,1.0));
#3190=DIRECTION('',(0.787852818141764,-0.615863570075451,0.0));
#3191=AXIS2_PLACEMENT_3D('',#3188,#3189,#3190);
#3192=CIRCLE('',#3191,0.009842519685039);
#3193=EDGE_CURVE('',#1342,#3181,#3192,.T.);
#3194=ORIENTED_EDGE('',*,*,#3193,.F.);
#3195=ORIENTED_EDGE('',*,*,#1347,.F.);
#3196=CARTESIAN_POINT('',(0.15748031496063,0.163385826771654,-0.076377952755906));
#3197=DIRECTION('',(0.0,-1.0,0.0));
#3198=VECTOR('',#3197,0.011811023622048);
#3199=LINE('',#3196,#3198);
#3200=EDGE_CURVE('',#1302,#1334,#3199,.T.);
#3201=ORIENTED_EDGE('',*,*,#3200,.F.);
#3202=ORIENTED_EDGE('',*,*,#1307,.F.);
#3203=CARTESIAN_POINT('',(0.215749129805079,0.164898174920963,-0.076377952755905));
#3204=VERTEX_POINT('',#3203);
#3205=CARTESIAN_POINT('',(0.21264734705649,0.167322834645669,-0.076377952755905));
#3206=DIRECTION('',(0.0,0.0,-1.0));
#3207=DIRECTION('',(-0.787852818141765,0.615863570075451,0.0));
#3208=AXIS2_PLACEMENT_3D('',#3205,#3206,#3207);
#3209=CIRCLE('',#3208,0.003937007874016);
#3210=EDGE_CURVE('',#3204,#1294,#3209,.T.);
#3211=ORIENTED_EDGE('',*,*,#3210,.F.);
#3212=CARTESIAN_POINT('',(0.230076752467338,0.183227003642475,-0.076377952755905));
#3213=VERTEX_POINT('',#3212);
#3214=CARTESIAN_POINT('',(0.230076752467338,0.183227003642475,-0.076377952755905));
#3215=DIRECTION('',(-0.615863570075452,-0.787852818141764,0.0));
#3216=VECTOR('',#3215,0.023264280204954);
#3217=LINE('',#3214,#3216);
#3218=EDGE_CURVE('',#3213,#3204,#3217,.T.);
#3219=ORIENTED_EDGE('',*,*,#3218,.F.);
#3220=CARTESIAN_POINT('',(0.24399658998706,0.184837594890844,-0.076377952755905));
#3221=VERTEX_POINT('',#3220);
#3222=CARTESIAN_POINT('',(0.237831209338812,0.177165354330709,-0.076377952755905));
#3223=DIRECTION('',(0.0,0.0,1.0));
#3224=DIRECTION('',(-0.787852818141764,0.615863570075451,0.0));
#3225=AXIS2_PLACEMENT_3D('',#3222,#3223,#3224);
#3226=CIRCLE('',#3225,0.009842519685039);
#3227=EDGE_CURVE('',#3221,#3213,#3226,.T.);
#3228=ORIENTED_EDGE('',*,*,#3227,.F.);
#3229=CARTESIAN_POINT('',(0.274510267287609,0.160316930547599,-0.076377952755905));
#3230=VERTEX_POINT('',#3229);
#3231=CARTESIAN_POINT('',(0.274510267287609,0.160316930547599,-0.076377952755905));
#3232=DIRECTION('',(-0.779499640909758,0.626402673862076,0.0));
#3233=VECTOR('',#3232,0.039145210208097);
#3234=LINE('',#3231,#3233);
#3235=EDGE_CURVE('',#3230,#3221,#3234,.T.);
#3236=ORIENTED_EDGE('',*,*,#3235,.F.);
#3237=CARTESIAN_POINT('',(0.276976419546908,0.163385826771654,-0.076377952755905));
#3238=DIRECTION('',(0.0,0.0,-1.0));
#3239=DIRECTION('',(0.0,1.0,0.0));
#3240=AXIS2_PLACEMENT_3D('',#3237,#3238,#3239);
#3241=CIRCLE('',#3240,0.003937007874016);
#3242=EDGE_CURVE('',#3101,#3230,#3241,.T.);
#3243=ORIENTED_EDGE('',*,*,#3242,.F.);
#3244=EDGE_LOOP('',(#3145,#3153,#3162,#3170,#3179,#3187,#3194,#3195,#3201,#3202,#3211,#3219,#3228,#3236,#3243));
#3245=FACE_OUTER_BOUND('',#3244,.T.);
#3246=ADVANCED_FACE('',(#3245),#3144,.T.);
#3247=CARTESIAN_POINT('',(0.297121260882373,0.147637795275591,-0.043307086614173));
#3248=DIRECTION('',(0.0,-1.0,0.0));
#3249=DIRECTION('',(0.0,0.0,-1.0));
#3250=AXIS2_PLACEMENT_3D('',#3247,#3248,#3249);
#3251=PLANE('',#3250);
#3252=ORIENTED_EDGE('',*,*,#3009,.T.);
#3253=CARTESIAN_POINT('',(0.2748976169982,0.147637795275591,-0.04488188976378));
#3254=VERTEX_POINT('',#3253);
#3255=CARTESIAN_POINT('',(0.276377952755905,0.147637795275591,-0.04488188976378));
#3256=DIRECTION('',(-1.0,0.0,0.0));
#3257=VECTOR('',#3256,0.001480335757705);
#3258=LINE('',#3255,#3257);
#3259=EDGE_CURVE('',#2996,#3254,#3258,.T.);
#3260=ORIENTED_EDGE('',*,*,#3259,.T.);
#3261=CARTESIAN_POINT('',(0.2748976169982,0.147637795275591,-0.04488188976378));
#3262=DIRECTION('',(0.0,0.0,-1.0));
#3263=VECTOR('',#3262,0.031496062992125);
#3264=LINE('',#3261,#3263);
#3265=EDGE_CURVE('',#3254,#3147,#3264,.T.);
#3266=ORIENTED_EDGE('',*,*,#3265,.T.);
#3267=ORIENTED_EDGE('',*,*,#3152,.T.);
#3268=ORIENTED_EDGE('',*,*,#3098,.T.);
#3269=ORIENTED_EDGE('',*,*,#3128,.F.);
#3270=EDGE_LOOP('',(#3252,#3260,#3266,#3267,#3268,#3269));
#3271=FACE_OUTER_BOUND('',#3270,.T.);
#3272=ADVANCED_FACE('',(#3271),#3251,.T.);
#3273=CARTESIAN_POINT('',(0.297017320754938,-0.159448818897638,-0.043504580655204));
#3274=DIRECTION('',(0.0,-1.0,0.0));
#3275=DIRECTION('',(0.0,0.0,-1.0));
#3276=AXIS2_PLACEMENT_3D('',#3273,#3274,#3275);
#3277=PLANE('',#3276);
#3278=ORIENTED_EDGE('',*,*,#2935,.T.);
#3279=CARTESIAN_POINT('',(0.276976419546908,-0.159448818897638,-0.045061429827316));
#3280=DIRECTION('',(0.0,0.0,-1.0));
#3281=VECTOR('',#3280,0.031136982891289);
#3282=LINE('',#3279,#3281);
#3283=EDGE_CURVE('',#2930,#3044,#3282,.T.);
#3284=ORIENTED_EDGE('',*,*,#3283,.T.);
#3285=ORIENTED_EDGE('',*,*,#3049,.T.);
#3286=CARTESIAN_POINT('',(0.296062992125984,-0.159448818897638,-0.050787401574803));
#3287=DIRECTION('',(0.0,0.0,-1.0));
#3288=VECTOR('',#3287,0.019685039370079);
#3289=LINE('',#3286,#3288);
#3290=EDGE_CURVE('',#2928,#3036,#3289,.T.);
#3291=ORIENTED_EDGE('',*,*,#3290,.F.);
#3292=EDGE_LOOP('',(#3278,#3284,#3285,#3291));
#3293=FACE_OUTER_BOUND('',#3292,.T.);
#3294=ADVANCED_FACE('',(#3293),#3277,.T.);
#3295=CARTESIAN_POINT('',(0.28232283464567,-0.188972561113656,-0.076377952755905));
#3296=DIRECTION('',(0.0,0.0,-1.0));
#3297=DIRECTION('',(-1.0,0.0,0.0));
#3298=AXIS2_PLACEMENT_3D('',#3295,#3296,#3297);
#3299=PLANE('',#3298);
#3300=ORIENTED_EDGE('',*,*,#3064,.T.);
#3301=CARTESIAN_POINT('',(0.274510267287609,-0.160316930547599,-0.076377952755905));
#3302=VERTEX_POINT('',#3301);
#3303=CARTESIAN_POINT('',(0.276976419546908,-0.163385826771654,-0.076377952755905));
#3304=DIRECTION('',(0.0,0.0,-1.0));
#3305=DIRECTION('',(0.626402673862075,-0.779499640909759,0.0));
#3306=AXIS2_PLACEMENT_3D('',#3303,#3304,#3305);
#3307=CIRCLE('',#3306,0.003937007874016);
#3308=EDGE_CURVE('',#3302,#3052,#3307,.T.);
#3309=ORIENTED_EDGE('',*,*,#3308,.F.);
#3310=CARTESIAN_POINT('',(0.24399658998706,-0.184837594890844,-0.076377952755905));
#3311=VERTEX_POINT('',#3310);
#3312=CARTESIAN_POINT('',(0.24399658998706,-0.184837594890844,-0.076377952755905));
#3313=DIRECTION('',(0.779499640909759,0.626402673862075,0.0));
#3314=VECTOR('',#3313,0.039145210208097);
#3315=LINE('',#3312,#3314);
#3316=EDGE_CURVE('',#3311,#3302,#3315,.T.);
#3317=ORIENTED_EDGE('',*,*,#3316,.F.);
#3318=CARTESIAN_POINT('',(0.230076752467338,-0.183227003642475,-0.076377952755905));
#3319=VERTEX_POINT('',#3318);
#3320=CARTESIAN_POINT('',(0.237831209338812,-0.177165354330709,-0.076377952755905));
#3321=DIRECTION('',(0.0,0.0,1.0));
#3322=DIRECTION('',(0.626402673862075,-0.779499640909759,0.0));
#3323=AXIS2_PLACEMENT_3D('',#3320,#3321,#3322);
#3324=CIRCLE('',#3323,0.009842519685039);
#3325=EDGE_CURVE('',#3319,#3311,#3324,.T.);
#3326=ORIENTED_EDGE('',*,*,#3325,.F.);
#3327=CARTESIAN_POINT('',(0.215749129805079,-0.164898174920963,-0.076377952755905));
#3328=VERTEX_POINT('',#3327);
#3329=CARTESIAN_POINT('',(0.215749129805079,-0.164898174920963,-0.076377952755905));
#3330=DIRECTION('',(0.615863570075452,-0.787852818141764,0.0));
#3331=VECTOR('',#3330,0.023264280204954);
#3332=LINE('',#3329,#3331);
#3333=EDGE_CURVE('',#3328,#3319,#3332,.T.);
#3334=ORIENTED_EDGE('',*,*,#3333,.F.);
#3335=CARTESIAN_POINT('',(0.21264734705649,-0.167322834645669,-0.076377952755905));
#3336=DIRECTION('',(0.0,0.0,-1.0));
#3337=DIRECTION('',(0.0,-1.0,0.0));
#3338=AXIS2_PLACEMENT_3D('',#3335,#3336,#3337);
#3339=CIRCLE('',#3338,0.003937007874016);
#3340=EDGE_CURVE('',#2255,#3328,#3339,.T.);
#3341=ORIENTED_EDGE('',*,*,#3340,.F.);
#3342=ORIENTED_EDGE('',*,*,#2260,.F.);
#3343=CARTESIAN_POINT('',(0.15748031496063,-0.151574803149606,-0.076377952755905));
#3344=DIRECTION('',(0.0,-1.0,0.0));
#3345=VECTOR('',#3344,0.011811023622048);
#3346=LINE('',#3343,#3345);
#3347=EDGE_CURVE('',#2644,#2247,#3346,.T.);
#3348=ORIENTED_EDGE('',*,*,#3347,.F.);
#3349=ORIENTED_EDGE('',*,*,#2649,.F.);
#3350=CARTESIAN_POINT('',(0.223281177044017,-0.155355673522879,-0.076377952755905));
#3351=VERTEX_POINT('',#3350);
#3352=CARTESIAN_POINT('',(0.215526720172543,-0.161417322834646,-0.076377952755905));
#3353=DIRECTION('',(0.0,0.0,1.0));
#3354=DIRECTION('',(0.0,1.0,0.0));
#3355=AXIS2_PLACEMENT_3D('',#3352,#3353,#3354);
#3356=CIRCLE('',#3355,0.009842519685039);
#3357=EDGE_CURVE('',#3351,#2636,#3356,.T.);
#3358=ORIENTED_EDGE('',*,*,#3357,.F.);
#3359=CARTESIAN_POINT('',(0.235695868728942,-0.17123735626169,-0.076377952755905));
#3360=VERTEX_POINT('',#3359);
#3361=CARTESIAN_POINT('',(0.235695868728942,-0.17123735626169,-0.076377952755905));
#3362=DIRECTION('',(-0.615863570075451,0.787852818141764,0.0));
#3363=VECTOR('',#3362,0.02015818484507);
#3364=LINE('',#3361,#3363);
#3365=EDGE_CURVE('',#3360,#3351,#3364,.T.);
#3366=ORIENTED_EDGE('',*,*,#3365,.F.);
#3367=CARTESIAN_POINT('',(0.241263803736831,-0.171881592761038,-0.076377952755905));
#3368=VERTEX_POINT('',#3367);
#3369=CARTESIAN_POINT('',(0.238797651477532,-0.168812696536984,-0.076377952755905));
#3370=DIRECTION('',(0.0,0.0,-1.0));
#3371=DIRECTION('',(-0.626402673862077,0.779499640909757,0.0));
#3372=AXIS2_PLACEMENT_3D('',#3369,#3370,#3371);
#3373=CIRCLE('',#3372,0.003937007874016);
#3374=EDGE_CURVE('',#3368,#3360,#3373,.T.);
#3375=ORIENTED_EDGE('',*,*,#3374,.F.);
#3376=CARTESIAN_POINT('',(0.268732236349951,-0.149808074400495,-0.076377952755905));
#3377=VERTEX_POINT('',#3376);
#3378=CARTESIAN_POINT('',(0.268732236349951,-0.149808074400495,-0.076377952755905));
#3379=DIRECTION('',(-0.779499640909757,-0.626402673862077,0.0));
#3380=VECTOR('',#3379,0.035238544280869);
#3381=LINE('',#3378,#3380);
#3382=EDGE_CURVE('',#3377,#3368,#3381,.T.);
#3383=ORIENTED_EDGE('',*,*,#3382,.F.);
#3384=CARTESIAN_POINT('',(0.2748976169982,-0.147637795275591,-0.076377952755905));
#3385=VERTEX_POINT('',#3384);
#3386=CARTESIAN_POINT('',(0.2748976169982,-0.15748031496063,-0.076377952755905));
#3387=DIRECTION('',(0.0,0.0,1.0));
#3388=DIRECTION('',(-0.626402673862077,0.779499640909757,0.0));
#3389=AXIS2_PLACEMENT_3D('',#3386,#3387,#3388);
#3390=CIRCLE('',#3389,0.009842519685039);
#3391=EDGE_CURVE('',#3385,#3377,#3390,.T.);
#3392=ORIENTED_EDGE('',*,*,#3391,.F.);
#3393=CARTESIAN_POINT('',(0.276377952755906,-0.147637795275591,-0.076377952755905));
#3394=DIRECTION('',(-1.0,0.0,0.0));
#3395=VECTOR('',#3394,0.001480335757706);
#3396=LINE('',#3393,#3395);
#3397=EDGE_CURVE('',#3028,#3385,#3396,.T.);
#3398=ORIENTED_EDGE('',*,*,#3397,.F.);
#3399=EDGE_LOOP('',(#3300,#3309,#3317,#3326,#3334,#3341,#3342,#3348,#3349,#3358,#3366,#3375,#3383,#3392,#3398));
#3400=FACE_OUTER_BOUND('',#3399,.T.);
#3401=ADVANCED_FACE('',(#3400),#3299,.T.);
#3402=CARTESIAN_POINT('',(0.276976419546908,-0.163385826771654,-0.043307086614174));
#3403=DIRECTION('',(0.0,0.0,-1.0));
#3404=DIRECTION('',(0.626402673862075,-0.779499640909759,0.0));
#3405=AXIS2_PLACEMENT_3D('',#3402,#3403,#3404);
#3406=CYLINDRICAL_SURFACE('',#3405,0.003937007874016);
#3407=ORIENTED_EDGE('',*,*,#2966,.T.);
#3408=CARTESIAN_POINT('',(0.274510267287609,-0.160316930547599,-0.04488188976378));
#3409=VERTEX_POINT('',#3408);
#3410=CARTESIAN_POINT('',(0.276976419546908,-0.163385826771654,-0.04488188976378));
#3411=DIRECTION('',(0.0,0.0,1.0));
#3412=DIRECTION('',(0.626402673862075,-0.779499640909759,0.0));
#3413=AXIS2_PLACEMENT_3D('',#3410,#3411,#3412);
#3414=CIRCLE('',#3413,0.003937007874016);
#3415=EDGE_CURVE('',#2954,#3409,#3414,.T.);
#3416=ORIENTED_EDGE('',*,*,#3415,.T.);
#3417=CARTESIAN_POINT('',(0.274510267287609,-0.160316930547599,-0.04488188976378));
#3418=DIRECTION('',(0.0,0.0,-1.0));
#3419=VECTOR('',#3418,0.031496062992125);
#3420=LINE('',#3417,#3419);
#3421=EDGE_CURVE('',#3409,#3302,#3420,.T.);
#3422=ORIENTED_EDGE('',*,*,#3421,.T.);
#3423=ORIENTED_EDGE('',*,*,#3308,.T.);
#3424=ORIENTED_EDGE('',*,*,#3058,.T.);
#3425=ORIENTED_EDGE('',*,*,#3283,.F.);
#3426=EDGE_LOOP('',(#3407,#3416,#3422,#3423,#3424,#3425));
#3427=FACE_OUTER_BOUND('',#3426,.T.);
#3428=ADVANCED_FACE('',(#3427),#3406,.F.);
#3429=CARTESIAN_POINT('',(0.28232283464567,0.145669473092826,-0.04488188976378));
#3430=DIRECTION('',(0.0,0.0,-1.0));
#3431=DIRECTION('',(-1.0,0.0,0.0));
#3432=AXIS2_PLACEMENT_3D('',#3429,#3430,#3431);
#3433=PLANE('',#3432);
#3434=ORIENTED_EDGE('',*,*,#3001,.T.);
#3435=CARTESIAN_POINT('',(0.274510267287609,0.160316930547599,-0.04488188976378));
#3436=VERTEX_POINT('',#3435);
#3437=CARTESIAN_POINT('',(0.276976419546908,0.163385826771654,-0.04488188976378));
#3438=DIRECTION('',(0.0,0.0,1.0));
#3439=DIRECTION('',(0.0,1.0,0.0));
#3440=AXIS2_PLACEMENT_3D('',#3437,#3438,#3439);
#3441=CIRCLE('',#3440,0.003937007874016);
#3442=EDGE_CURVE('',#3436,#2987,#3441,.T.);
#3443=ORIENTED_EDGE('',*,*,#3442,.F.);
#3444=CARTESIAN_POINT('',(0.24399658998706,0.184837594890844,-0.04488188976378));
#3445=VERTEX_POINT('',#3444);
#3446=CARTESIAN_POINT('',(0.24399658998706,0.184837594890844,-0.04488188976378));
#3447=DIRECTION('',(0.779499640909758,-0.626402673862075,0.0));
#3448=VECTOR('',#3447,0.039145210208097);
#3449=LINE('',#3446,#3448);
#3450=EDGE_CURVE('',#3445,#3436,#3449,.T.);
#3451=ORIENTED_EDGE('',*,*,#3450,.F.);
#3452=CARTESIAN_POINT('',(0.230076752467338,0.183227003642475,-0.04488188976378));
#3453=VERTEX_POINT('',#3452);
#3454=CARTESIAN_POINT('',(0.237831209338812,0.177165354330709,-0.04488188976378));
#3455=DIRECTION('',(0.0,0.0,-1.0));
#3456=DIRECTION('',(-0.787852818141764,0.615863570075451,0.0));
#3457=AXIS2_PLACEMENT_3D('',#3454,#3455,#3456);
#3458=CIRCLE('',#3457,0.009842519685039);
#3459=EDGE_CURVE('',#3453,#3445,#3458,.T.);
#3460=ORIENTED_EDGE('',*,*,#3459,.F.);
#3461=CARTESIAN_POINT('',(0.215749129805079,0.164898174920963,-0.04488188976378));
#3462=VERTEX_POINT('',#3461);
#3463=CARTESIAN_POINT('',(0.215749129805079,0.164898174920963,-0.04488188976378));
#3464=DIRECTION('',(0.615863570075452,0.787852818141763,0.0));
#3465=VECTOR('',#3464,0.023264280204954);
#3466=LINE('',#3463,#3465);
#3467=EDGE_CURVE('',#3462,#3453,#3466,.T.);
#3468=ORIENTED_EDGE('',*,*,#3467,.F.);
#3469=CARTESIAN_POINT('',(0.21264734705649,0.167322834645669,-0.04488188976378));
#3470=DIRECTION('',(0.0,0.0,1.0));
#3471=DIRECTION('',(-0.787852818141765,0.615863570075451,0.0));
#3472=AXIS2_PLACEMENT_3D('',#3469,#3470,#3471);
#3473=CIRCLE('',#3472,0.003937007874016);
#3474=EDGE_CURVE('',#1286,#3462,#3473,.T.);
#3475=ORIENTED_EDGE('',*,*,#3474,.F.);
#3476=ORIENTED_EDGE('',*,*,#1291,.F.);
#3477=CARTESIAN_POINT('',(0.15748031496063,0.151574803149606,-0.04488188976378));
#3478=DIRECTION('',(0.0,1.0,0.0));
#3479=VECTOR('',#3478,0.011811023622048);
#3480=LINE('',#3477,#3479);
#3481=EDGE_CURVE('',#1358,#1278,#3480,.T.);
#3482=ORIENTED_EDGE('',*,*,#3481,.F.);
#3483=ORIENTED_EDGE('',*,*,#1363,.F.);
#3484=CARTESIAN_POINT('',(0.223281177044017,0.155355673522879,-0.04488188976378));
#3485=VERTEX_POINT('',#3484);
#3486=CARTESIAN_POINT('',(0.215526720172543,0.161417322834646,-0.04488188976378));
#3487=DIRECTION('',(0.0,0.0,-1.0));
#3488=DIRECTION('',(0.787852818141764,-0.615863570075451,0.0));
#3489=AXIS2_PLACEMENT_3D('',#3486,#3487,#3488);
#3490=CIRCLE('',#3489,0.009842519685039);
#3491=EDGE_CURVE('',#3485,#1350,#3490,.T.);
#3492=ORIENTED_EDGE('',*,*,#3491,.F.);
#3493=CARTESIAN_POINT('',(0.235695868728942,0.17123735626169,-0.04488188976378));
#3494=VERTEX_POINT('',#3493);
#3495=CARTESIAN_POINT('',(0.235695868728942,0.17123735626169,-0.04488188976378));
#3496=DIRECTION('',(-0.615863570075451,-0.787852818141764,0.0));
#3497=VECTOR('',#3496,0.020158184845069);
#3498=LINE('',#3495,#3497);
#3499=EDGE_CURVE('',#3494,#3485,#3498,.T.);
#3500=ORIENTED_EDGE('',*,*,#3499,.F.);
#3501=CARTESIAN_POINT('',(0.241263803736831,0.171881592761038,-0.04488188976378));
#3502=VERTEX_POINT('',#3501);
#3503=CARTESIAN_POINT('',(0.238797651477532,0.168812696536984,-0.04488188976378));
#3504=DIRECTION('',(0.0,0.0,1.0));
#3505=DIRECTION('',(0.787852818141763,-0.615863570075453,0.0));
#3506=AXIS2_PLACEMENT_3D('',#3503,#3504,#3505);
#3507=CIRCLE('',#3506,0.003937007874016);
#3508=EDGE_CURVE('',#3502,#3494,#3507,.T.);
#3509=ORIENTED_EDGE('',*,*,#3508,.F.);
#3510=CARTESIAN_POINT('',(0.268732236349951,0.149808074400495,-0.04488188976378));
#3511=VERTEX_POINT('',#3510);
#3512=CARTESIAN_POINT('',(0.268732236349951,0.149808074400495,-0.04488188976378));
#3513=DIRECTION('',(-0.779499640909758,0.626402673862076,0.0));
#3514=VECTOR('',#3513,0.035238544280869);
#3515=LINE('',#3512,#3514);
#3516=EDGE_CURVE('',#3511,#3502,#3515,.T.);
#3517=ORIENTED_EDGE('',*,*,#3516,.F.);
#3518=CARTESIAN_POINT('',(0.2748976169982,0.15748031496063,-0.04488188976378));
#3519=DIRECTION('',(0.0,0.0,-1.0));
#3520=DIRECTION('',(0.0,-1.0,0.0));
#3521=AXIS2_PLACEMENT_3D('',#3518,#3519,#3520);
#3522=CIRCLE('',#3521,0.009842519685039);
#3523=EDGE_CURVE('',#3254,#3511,#3522,.T.);
#3524=ORIENTED_EDGE('',*,*,#3523,.F.);
#3525=ORIENTED_EDGE('',*,*,#3259,.F.);
#3526=EDGE_LOOP('',(#3434,#3443,#3451,#3460,#3468,#3475,#3476,#3482,#3483,#3492,#3500,#3509,#3517,#3524,#3525));
#3527=FACE_OUTER_BOUND('',#3526,.T.);
#3528=ADVANCED_FACE('',(#3527),#3433,.F.);
#3529=CARTESIAN_POINT('',(0.215526720172543,0.161417322834646,-0.043307086614174));
#3530=DIRECTION('',(0.0,0.0,-1.0));
#3531=DIRECTION('',(-0.438255878411544,0.898850257294131,0.0));
#3532=AXIS2_PLACEMENT_3D('',#3529,#3530,#3531);
#3533=CYLINDRICAL_SURFACE('',#3532,0.009842519685039);
#3534=ORIENTED_EDGE('',*,*,#3193,.T.);
#3535=CARTESIAN_POINT('',(0.223281177044017,0.155355673522879,-0.04488188976378));
#3536=DIRECTION('',(0.0,0.0,-1.0));
#3537=VECTOR('',#3536,0.031496062992125);
#3538=LINE('',#3535,#3537);
#3539=EDGE_CURVE('',#3485,#3181,#3538,.T.);
#3540=ORIENTED_EDGE('',*,*,#3539,.F.);
#3541=ORIENTED_EDGE('',*,*,#3491,.T.);
#3542=ORIENTED_EDGE('',*,*,#1355,.T.);
#3543=EDGE_LOOP('',(#3534,#3540,#3541,#3542));
#3544=FACE_OUTER_BOUND('',#3543,.T.);
#3545=ADVANCED_FACE('',(#3544),#3533,.T.);
#3546=CARTESIAN_POINT('',(0.236316603313189,0.17203144039863,-0.043307086614174));
#3547=DIRECTION('',(0.787852818141764,-0.615863570075451,0.0));
#3548=DIRECTION('',(0.0,0.0,-1.0));
#3549=AXIS2_PLACEMENT_3D('',#3546,#3547,#3548);
#3550=PLANE('',#3549);
#3551=ORIENTED_EDGE('',*,*,#3186,.T.);
#3552=CARTESIAN_POINT('',(0.235695868728942,0.17123735626169,-0.04488188976378));
#3553=DIRECTION('',(0.0,0.0,-1.0));
#3554=VECTOR('',#3553,0.031496062992125);
#3555=LINE('',#3552,#3554);
#3556=EDGE_CURVE('',#3494,#3172,#3555,.T.);
#3557=ORIENTED_EDGE('',*,*,#3556,.F.);
#3558=ORIENTED_EDGE('',*,*,#3499,.T.);
#3559=ORIENTED_EDGE('',*,*,#3539,.T.);
#3560=EDGE_LOOP('',(#3551,#3557,#3558,#3559));
#3561=FACE_OUTER_BOUND('',#3560,.T.);
#3562=ADVANCED_FACE('',(#3561),#3550,.T.);
#3563=CARTESIAN_POINT('',(0.238797651477532,0.168812696536984,-0.043307086614174));
#3564=DIRECTION('',(0.0,0.0,-1.0));
#3565=DIRECTION('',(0.787852818141763,-0.615863570075453,0.0));
#3566=AXIS2_PLACEMENT_3D('',#3563,#3564,#3565);
#3567=CYLINDRICAL_SURFACE('',#3566,0.003937007874016);
#3568=ORIENTED_EDGE('',*,*,#3178,.T.);
#3569=CARTESIAN_POINT('',(0.241263803736831,0.171881592761038,-0.04488188976378));
#3570=DIRECTION('',(0.0,0.0,-1.0));
#3571=VECTOR('',#3570,0.031496062992125);
#3572=LINE('',#3569,#3571);
#3573=EDGE_CURVE('',#3502,#3164,#3572,.T.);
#3574=ORIENTED_EDGE('',*,*,#3573,.F.);
#3575=ORIENTED_EDGE('',*,*,#3508,.T.);
#3576=ORIENTED_EDGE('',*,*,#3556,.T.);
#3577=EDGE_LOOP('',(#3568,#3574,#3575,#3576));
#3578=FACE_OUTER_BOUND('',#3577,.T.);
#3579=ADVANCED_FACE('',(#3578),#3567,.F.);
#3580=CARTESIAN_POINT('',(0.270105657980607,0.148704398482467,-0.043307086614174));
#3581=DIRECTION('',(-0.626402673862077,-0.779499640909757,0.0));
#3582=DIRECTION('',(0.0,0.0,1.0));
#3583=AXIS2_PLACEMENT_3D('',#3580,#3581,#3582);
#3584=PLANE('',#3583);
#3585=ORIENTED_EDGE('',*,*,#3169,.T.);
#3586=CARTESIAN_POINT('',(0.268732236349951,0.149808074400495,-0.04488188976378));
#3587=DIRECTION('',(0.0,0.0,-1.0));
#3588=VECTOR('',#3587,0.031496062992125);
#3589=LINE('',#3586,#3588);
#3590=EDGE_CURVE('',#3511,#3155,#3589,.T.);
#3591=ORIENTED_EDGE('',*,*,#3590,.F.);
#3592=ORIENTED_EDGE('',*,*,#3516,.T.);
#3593=ORIENTED_EDGE('',*,*,#3573,.T.);
#3594=EDGE_LOOP('',(#3585,#3591,#3592,#3593));
#3595=FACE_OUTER_BOUND('',#3594,.T.);
#3596=ADVANCED_FACE('',(#3595),#3584,.T.);
#3597=CARTESIAN_POINT('',(0.2748976169982,0.15748031496063,-0.043307086614174));
#3598=DIRECTION('',(0.0,0.0,-1.0));
#3599=DIRECTION('',(0.332039424684982,0.943265508992493,0.0));
#3600=AXIS2_PLACEMENT_3D('',#3597,#3598,#3599);
#3601=CYLINDRICAL_SURFACE('',#3600,0.009842519685039);
#3602=ORIENTED_EDGE('',*,*,#3161,.T.);
#3603=ORIENTED_EDGE('',*,*,#3265,.F.);
#3604=ORIENTED_EDGE('',*,*,#3523,.T.);
#3605=ORIENTED_EDGE('',*,*,#3590,.T.);
#3606=EDGE_LOOP('',(#3602,#3603,#3604,#3605));
#3607=FACE_OUTER_BOUND('',#3606,.T.);
#3608=ADVANCED_FACE('',(#3607),#3601,.T.);
#3609=CARTESIAN_POINT('',(0.276022090917954,0.159448818897638,-0.043504580655204));
#3610=DIRECTION('',(0.0,1.0,0.0));
#3611=DIRECTION('',(0.0,0.0,1.0));
#3612=AXIS2_PLACEMENT_3D('',#3609,#3610,#3611);
#3613=PLANE('',#3612);
#3614=ORIENTED_EDGE('',*,*,#2984,.T.);
#3615=ORIENTED_EDGE('',*,*,#3135,.T.);
#3616=ORIENTED_EDGE('',*,*,#3082,.T.);
#3617=CARTESIAN_POINT('',(0.276976419546908,0.159448818897638,-0.04506142980108));
#3618=DIRECTION('',(0.0,0.0,-1.0));
#3619=VECTOR('',#3618,0.031136982891289);
#3620=LINE('',#3617,#3619);
#3621=EDGE_CURVE('',#2977,#3077,#3620,.T.);
#3622=ORIENTED_EDGE('',*,*,#3621,.F.);
#3623=EDGE_LOOP('',(#3614,#3615,#3616,#3622));
#3624=FACE_OUTER_BOUND('',#3623,.T.);
#3625=ADVANCED_FACE('',(#3624),#3613,.T.);
#3626=CARTESIAN_POINT('',(0.276976419546908,0.163385826771654,-0.043307086614173));
#3627=DIRECTION('',(0.0,0.0,-1.0));
#3628=DIRECTION('',(0.0,1.0,0.0));
#3629=AXIS2_PLACEMENT_3D('',#3626,#3627,#3628);
#3630=CYLINDRICAL_SURFACE('',#3629,0.003937007874016);
#3631=ORIENTED_EDGE('',*,*,#2993,.T.);
#3632=ORIENTED_EDGE('',*,*,#3621,.T.);
#3633=ORIENTED_EDGE('',*,*,#3113,.T.);
#3634=ORIENTED_EDGE('',*,*,#3242,.T.);
#3635=CARTESIAN_POINT('',(0.274510267287609,0.160316930547599,-0.04488188976378));
#3636=DIRECTION('',(0.0,0.0,-1.0));
#3637=VECTOR('',#3636,0.031496062992125);
#3638=LINE('',#3635,#3637);
#3639=EDGE_CURVE('',#3436,#3230,#3638,.T.);
#3640=ORIENTED_EDGE('',*,*,#3639,.F.);
#3641=ORIENTED_EDGE('',*,*,#3442,.T.);
#3642=EDGE_LOOP('',(#3631,#3632,#3633,#3634,#3640,#3641));
#3643=FACE_OUTER_BOUND('',#3642,.T.);
#3644=ADVANCED_FACE('',(#3643),#3630,.F.);
#3645=CARTESIAN_POINT('',(0.242470906122033,0.186063628108007,-0.043307086614174));
#3646=DIRECTION('',(0.626402673862076,0.779499640909758,0.0));
#3647=DIRECTION('',(0.0,0.0,-1.0));
#3648=AXIS2_PLACEMENT_3D('',#3645,#3646,#3647);
#3649=PLANE('',#3648);
#3650=ORIENTED_EDGE('',*,*,#3235,.T.);
#3651=CARTESIAN_POINT('',(0.24399658998706,0.184837594890844,-0.04488188976378));
#3652=DIRECTION('',(0.0,0.0,-1.0));
#3653=VECTOR('',#3652,0.031496062992125);
#3654=LINE('',#3651,#3653);
#3655=EDGE_CURVE('',#3445,#3221,#3654,.T.);
#3656=ORIENTED_EDGE('',*,*,#3655,.F.);
#3657=ORIENTED_EDGE('',*,*,#3450,.T.);
#3658=ORIENTED_EDGE('',*,*,#3639,.T.);
#3659=EDGE_LOOP('',(#3650,#3656,#3657,#3658));
#3660=FACE_OUTER_BOUND('',#3659,.T.);
#3661=ADVANCED_FACE('',(#3660),#3649,.T.);
#3662=CARTESIAN_POINT('',(0.237831209338812,0.177165354330709,-0.043307086614174));
#3663=DIRECTION('',(0.0,0.0,-1.0));
#3664=DIRECTION('',(0.114937931908967,-0.993372675187157,0.0));
#3665=AXIS2_PLACEMENT_3D('',#3662,#3663,#3664);
#3666=CYLINDRICAL_SURFACE('',#3665,0.009842519685039);
#3667=ORIENTED_EDGE('',*,*,#3227,.T.);
#3668=CARTESIAN_POINT('',(0.230076752467338,0.183227003642475,-0.04488188976378));
#3669=DIRECTION('',(0.0,0.0,-1.0));
#3670=VECTOR('',#3669,0.031496062992125);
#3671=LINE('',#3668,#3670);
#3672=EDGE_CURVE('',#3453,#3213,#3671,.T.);
#3673=ORIENTED_EDGE('',*,*,#3672,.F.);
#3674=ORIENTED_EDGE('',*,*,#3459,.T.);
#3675=ORIENTED_EDGE('',*,*,#3655,.T.);
#3676=EDGE_LOOP('',(#3667,#3673,#3674,#3675));
#3677=FACE_OUTER_BOUND('',#3676,.T.);
#3678=ADVANCED_FACE('',(#3677),#3666,.T.);
#3679=CARTESIAN_POINT('',(0.215032748671967,0.163981733484887,-0.043307086614174));
#3680=DIRECTION('',(-0.787852818141764,0.615863570075451,0.0));
#3681=DIRECTION('',(0.0,0.0,1.0));
#3682=AXIS2_PLACEMENT_3D('',#3679,#3680,#3681);
#3683=PLANE('',#3682);
#3684=ORIENTED_EDGE('',*,*,#3218,.T.);
#3685=CARTESIAN_POINT('',(0.215749129805079,0.164898174920963,-0.04488188976378));
#3686=DIRECTION('',(0.0,0.0,-1.0));
#3687=VECTOR('',#3686,0.031496062992125);
#3688=LINE('',#3685,#3687);
#3689=EDGE_CURVE('',#3462,#3204,#3688,.T.);
#3690=ORIENTED_EDGE('',*,*,#3689,.F.);
#3691=ORIENTED_EDGE('',*,*,#3467,.T.);
#3692=ORIENTED_EDGE('',*,*,#3672,.T.);
#3693=EDGE_LOOP('',(#3684,#3690,#3691,#3692));
#3694=FACE_OUTER_BOUND('',#3693,.T.);
#3695=ADVANCED_FACE('',(#3694),#3683,.T.);
#3696=CARTESIAN_POINT('',(0.21264734705649,0.167322834645669,-0.043307086614174));
#3697=DIRECTION('',(0.0,0.0,-1.0));
#3698=DIRECTION('',(-0.787852818141765,0.615863570075451,0.0));
#3699=AXIS2_PLACEMENT_3D('',#3696,#3697,#3698);
#3700=CYLINDRICAL_SURFACE('',#3699,0.003937007874016);
#3701=ORIENTED_EDGE('',*,*,#3210,.T.);
#3702=ORIENTED_EDGE('',*,*,#1299,.F.);
#3703=ORIENTED_EDGE('',*,*,#3474,.T.);
#3704=ORIENTED_EDGE('',*,*,#3689,.T.);
#3705=EDGE_LOOP('',(#3701,#3702,#3703,#3704));
#3706=FACE_OUTER_BOUND('',#3705,.T.);
#3707=ADVANCED_FACE('',(#3706),#3700,.F.);
#3708=CARTESIAN_POINT('',(0.282322834645669,-0.188972561113656,-0.04488188976378));
#3709=DIRECTION('',(0.0,0.0,-1.0));
#3710=DIRECTION('',(-1.0,0.0,0.0));
#3711=AXIS2_PLACEMENT_3D('',#3708,#3709,#3710);
#3712=PLANE('',#3711);
#3713=ORIENTED_EDGE('',*,*,#2959,.T.);
#3714=CARTESIAN_POINT('',(0.2748976169982,-0.147637795275591,-0.04488188976378));
#3715=VERTEX_POINT('',#3714);
#3716=CARTESIAN_POINT('',(0.2748976169982,-0.147637795275591,-0.04488188976378));
#3717=DIRECTION('',(1.0,0.0,0.0));
#3718=VECTOR('',#3717,0.001480335757705);
#3719=LINE('',#3716,#3718);
#3720=EDGE_CURVE('',#3715,#2946,#3719,.T.);
#3721=ORIENTED_EDGE('',*,*,#3720,.F.);
#3722=CARTESIAN_POINT('',(0.268732236349951,-0.149808074400495,-0.04488188976378));
#3723=VERTEX_POINT('',#3722);
#3724=CARTESIAN_POINT('',(0.2748976169982,-0.15748031496063,-0.04488188976378));
#3725=DIRECTION('',(0.0,0.0,-1.0));
#3726=DIRECTION('',(-0.626402673862077,0.779499640909757,0.0));
#3727=AXIS2_PLACEMENT_3D('',#3724,#3725,#3726);
#3728=CIRCLE('',#3727,0.009842519685039);
#3729=EDGE_CURVE('',#3723,#3715,#3728,.T.);
#3730=ORIENTED_EDGE('',*,*,#3729,.F.);
#3731=CARTESIAN_POINT('',(0.241263803736831,-0.171881592761038,-0.04488188976378));
#3732=VERTEX_POINT('',#3731);
#3733=CARTESIAN_POINT('',(0.241263803736831,-0.171881592761038,-0.04488188976378));
#3734=DIRECTION('',(0.779499640909758,0.626402673862076,0.0));
#3735=VECTOR('',#3734,0.035238544280869);
#3736=LINE('',#3733,#3735);
#3737=EDGE_CURVE('',#3732,#3723,#3736,.T.);
#3738=ORIENTED_EDGE('',*,*,#3737,.F.);
#3739=CARTESIAN_POINT('',(0.235695868728942,-0.17123735626169,-0.04488188976378));
#3740=VERTEX_POINT('',#3739);
#3741=CARTESIAN_POINT('',(0.238797651477532,-0.168812696536984,-0.04488188976378));
#3742=DIRECTION('',(0.0,0.0,1.0));
#3743=DIRECTION('',(-0.626402673862077,0.779499640909757,0.0));
#3744=AXIS2_PLACEMENT_3D('',#3741,#3742,#3743);
#3745=CIRCLE('',#3744,0.003937007874016);
#3746=EDGE_CURVE('',#3740,#3732,#3745,.T.);
#3747=ORIENTED_EDGE('',*,*,#3746,.F.);
#3748=CARTESIAN_POINT('',(0.223281177044017,-0.155355673522879,-0.04488188976378));
#3749=VERTEX_POINT('',#3748);
#3750=CARTESIAN_POINT('',(0.223281177044017,-0.155355673522879,-0.04488188976378));
#3751=DIRECTION('',(0.615863570075451,-0.787852818141764,0.0));
#3752=VECTOR('',#3751,0.02015818484507);
#3753=LINE('',#3750,#3752);
#3754=EDGE_CURVE('',#3749,#3740,#3753,.T.);
#3755=ORIENTED_EDGE('',*,*,#3754,.F.);
#3756=CARTESIAN_POINT('',(0.215526720172543,-0.161417322834646,-0.04488188976378));
#3757=DIRECTION('',(0.0,0.0,-1.0));
#3758=DIRECTION('',(0.0,1.0,0.0));
#3759=AXIS2_PLACEMENT_3D('',#3756,#3757,#3758);
#3760=CIRCLE('',#3759,0.009842519685039);
#3761=EDGE_CURVE('',#2628,#3749,#3760,.T.);
#3762=ORIENTED_EDGE('',*,*,#3761,.F.);
#3763=ORIENTED_EDGE('',*,*,#2633,.F.);
#3764=CARTESIAN_POINT('',(0.15748031496063,-0.163385826771654,-0.04488188976378));
#3765=DIRECTION('',(0.0,1.0,0.0));
#3766=VECTOR('',#3765,0.011811023622048);
#3767=LINE('',#3764,#3766);
#3768=EDGE_CURVE('',#2271,#2620,#3767,.T.);
#3769=ORIENTED_EDGE('',*,*,#3768,.F.);
#3770=ORIENTED_EDGE('',*,*,#2276,.F.);
#3771=CARTESIAN_POINT('',(0.215749129805079,-0.164898174920963,-0.04488188976378));
#3772=VERTEX_POINT('',#3771);
#3773=CARTESIAN_POINT('',(0.21264734705649,-0.167322834645669,-0.04488188976378));
#3774=DIRECTION('',(0.0,0.0,1.0));
#3775=DIRECTION('',(0.0,-1.0,0.0));
#3776=AXIS2_PLACEMENT_3D('',#3773,#3774,#3775);
#3777=CIRCLE('',#3776,0.003937007874016);
#3778=EDGE_CURVE('',#3772,#2263,#3777,.T.);
#3779=ORIENTED_EDGE('',*,*,#3778,.F.);
#3780=CARTESIAN_POINT('',(0.230076752467338,-0.183227003642475,-0.04488188976378));
#3781=VERTEX_POINT('',#3780);
#3782=CARTESIAN_POINT('',(0.230076752467338,-0.183227003642475,-0.04488188976378));
#3783=DIRECTION('',(-0.615863570075451,0.787852818141765,0.0));
#3784=VECTOR('',#3783,0.023264280204954);
#3785=LINE('',#3782,#3784);
#3786=EDGE_CURVE('',#3781,#3772,#3785,.T.);
#3787=ORIENTED_EDGE('',*,*,#3786,.F.);
#3788=CARTESIAN_POINT('',(0.24399658998706,-0.184837594890844,-0.04488188976378));
#3789=VERTEX_POINT('',#3788);
#3790=CARTESIAN_POINT('',(0.237831209338812,-0.177165354330709,-0.04488188976378));
#3791=DIRECTION('',(0.0,0.0,-1.0));
#3792=DIRECTION('',(0.626402673862075,-0.779499640909759,0.0));
#3793=AXIS2_PLACEMENT_3D('',#3790,#3791,#3792);
#3794=CIRCLE('',#3793,0.009842519685039);
#3795=EDGE_CURVE('',#3789,#3781,#3794,.T.);
#3796=ORIENTED_EDGE('',*,*,#3795,.F.);
#3797=CARTESIAN_POINT('',(0.274510267287609,-0.160316930547599,-0.04488188976378));
#3798=DIRECTION('',(-0.779499640909758,-0.626402673862076,0.0));
#3799=VECTOR('',#3798,0.039145210208097);
#3800=LINE('',#3797,#3799);
#3801=EDGE_CURVE('',#3409,#3789,#3800,.T.);
#3802=ORIENTED_EDGE('',*,*,#3801,.F.);
#3803=ORIENTED_EDGE('',*,*,#3415,.F.);
#3804=EDGE_LOOP('',(#3713,#3721,#3730,#3738,#3747,#3755,#3762,#3763,#3769,#3770,#3779,#3787,#3796,#3802,#3803));
#3805=FACE_OUTER_BOUND('',#3804,.T.);
#3806=ADVANCED_FACE('',(#3805),#3712,.F.);
#3807=CARTESIAN_POINT('',(0.21264734705649,-0.167322834645669,-0.043307086614174));
#3808=DIRECTION('',(0.0,0.0,-1.0));
#3809=DIRECTION('',(0.0,-1.0,0.0));
#3810=AXIS2_PLACEMENT_3D('',#3807,#3808,#3809);
#3811=CYLINDRICAL_SURFACE('',#3810,0.003937007874016);
#3812=ORIENTED_EDGE('',*,*,#3340,.T.);
#3813=CARTESIAN_POINT('',(0.215749129805079,-0.164898174920963,-0.04488188976378));
#3814=DIRECTION('',(0.0,0.0,-1.0));
#3815=VECTOR('',#3814,0.031496062992125);
#3816=LINE('',#3813,#3815);
#3817=EDGE_CURVE('',#3772,#3328,#3816,.T.);
#3818=ORIENTED_EDGE('',*,*,#3817,.F.);
#3819=ORIENTED_EDGE('',*,*,#3778,.T.);
#3820=ORIENTED_EDGE('',*,*,#2268,.T.);
#3821=EDGE_LOOP('',(#3812,#3818,#3819,#3820));
#3822=FACE_OUTER_BOUND('',#3821,.T.);
#3823=ADVANCED_FACE('',(#3822),#3811,.F.);
#3824=CARTESIAN_POINT('',(0.23079313360045,-0.184143445078551,-0.043307086614174));
#3825=DIRECTION('',(-0.787852818141764,-0.615863570075451,0.0));
#3826=DIRECTION('',(0.0,0.0,1.0));
#3827=AXIS2_PLACEMENT_3D('',#3824,#3825,#3826);
#3828=PLANE('',#3827);
#3829=ORIENTED_EDGE('',*,*,#3333,.T.);
#3830=CARTESIAN_POINT('',(0.230076752467338,-0.183227003642475,-0.04488188976378));
#3831=DIRECTION('',(0.0,0.0,-1.0));
#3832=VECTOR('',#3831,0.031496062992125);
#3833=LINE('',#3830,#3832);
#3834=EDGE_CURVE('',#3781,#3319,#3833,.T.);
#3835=ORIENTED_EDGE('',*,*,#3834,.F.);
#3836=ORIENTED_EDGE('',*,*,#3786,.T.);
#3837=ORIENTED_EDGE('',*,*,#3817,.T.);
#3838=EDGE_LOOP('',(#3829,#3835,#3836,#3837));
#3839=FACE_OUTER_BOUND('',#3838,.T.);
#3840=ADVANCED_FACE('',(#3839),#3828,.T.);
#3841=CARTESIAN_POINT('',(0.237831209338812,-0.177165354330709,-0.043307086614174));
#3842=DIRECTION('',(0.0,0.0,-1.0));
#3843=DIRECTION('',(0.114937931908956,0.993372675187159,0.0));
#3844=AXIS2_PLACEMENT_3D('',#3841,#3842,#3843);
#3845=CYLINDRICAL_SURFACE('',#3844,0.009842519685039);
#3846=ORIENTED_EDGE('',*,*,#3325,.T.);
#3847=CARTESIAN_POINT('',(0.24399658998706,-0.184837594890844,-0.04488188976378));
#3848=DIRECTION('',(0.0,0.0,-1.0));
#3849=VECTOR('',#3848,0.031496062992125);
#3850=LINE('',#3847,#3849);
#3851=EDGE_CURVE('',#3789,#3311,#3850,.T.);
#3852=ORIENTED_EDGE('',*,*,#3851,.F.);
#3853=ORIENTED_EDGE('',*,*,#3795,.T.);
#3854=ORIENTED_EDGE('',*,*,#3834,.T.);
#3855=EDGE_LOOP('',(#3846,#3852,#3853,#3854));
#3856=FACE_OUTER_BOUND('',#3855,.T.);
#3857=ADVANCED_FACE('',(#3856),#3845,.T.);
#3858=CARTESIAN_POINT('',(0.276035951152636,-0.159090897330436,-0.043307086614174));
#3859=DIRECTION('',(0.626402673862076,-0.779499640909758,0.0));
#3860=DIRECTION('',(0.0,0.0,-1.0));
#3861=AXIS2_PLACEMENT_3D('',#3858,#3859,#3860);
#3862=PLANE('',#3861);
#3863=ORIENTED_EDGE('',*,*,#3316,.T.);
#3864=ORIENTED_EDGE('',*,*,#3421,.F.);
#3865=ORIENTED_EDGE('',*,*,#3801,.T.);
#3866=ORIENTED_EDGE('',*,*,#3851,.T.);
#3867=EDGE_LOOP('',(#3863,#3864,#3865,#3866));
#3868=FACE_OUTER_BOUND('',#3867,.T.);
#3869=ADVANCED_FACE('',(#3868),#3862,.T.);
#3870=CARTESIAN_POINT('',(0.296062992125984,-0.147047244094489,-0.049803149606299));
#3871=DIRECTION('',(1.0,0.0,0.0));
#3872=DIRECTION('',(0.0,0.0,-1.0));
#3873=AXIS2_PLACEMENT_3D('',#3870,#3871,#3872);
#3874=PLANE('',#3873);
#3875=ORIENTED_EDGE('',*,*,#2943,.T.);
#3876=ORIENTED_EDGE('',*,*,#3290,.T.);
#3877=ORIENTED_EDGE('',*,*,#3041,.T.);
#3878=CARTESIAN_POINT('',(0.296062992125984,-0.147637795275591,-0.050787401574803));
#3879=DIRECTION('',(0.0,0.0,-1.0));
#3880=VECTOR('',#3879,0.019685039370079);
#3881=LINE('',#3878,#3880);
#3882=EDGE_CURVE('',#2938,#3026,#3881,.T.);
#3883=ORIENTED_EDGE('',*,*,#3882,.F.);
#3884=EDGE_LOOP('',(#3875,#3876,#3877,#3883));
#3885=FACE_OUTER_BOUND('',#3884,.T.);
#3886=ADVANCED_FACE('',(#3885),#3874,.T.);
#3887=CARTESIAN_POINT('',(0.273839348241811,-0.147637795275591,-0.043307086614174));
#3888=DIRECTION('',(0.0,1.0,0.0));
#3889=DIRECTION('',(0.0,0.0,1.0));
#3890=AXIS2_PLACEMENT_3D('',#3887,#3888,#3889);
#3891=PLANE('',#3890);
#3892=ORIENTED_EDGE('',*,*,#2951,.T.);
#3893=ORIENTED_EDGE('',*,*,#3882,.T.);
#3894=ORIENTED_EDGE('',*,*,#3033,.T.);
#3895=ORIENTED_EDGE('',*,*,#3397,.T.);
#3896=CARTESIAN_POINT('',(0.2748976169982,-0.147637795275591,-0.04488188976378));
#3897=DIRECTION('',(0.0,0.0,-1.0));
#3898=VECTOR('',#3897,0.031496062992125);
#3899=LINE('',#3896,#3898);
#3900=EDGE_CURVE('',#3715,#3385,#3899,.T.);
#3901=ORIENTED_EDGE('',*,*,#3900,.F.);
#3902=ORIENTED_EDGE('',*,*,#3720,.T.);
#3903=EDGE_LOOP('',(#3892,#3893,#3894,#3895,#3901,#3902));
#3904=FACE_OUTER_BOUND('',#3903,.T.);
#3905=ADVANCED_FACE('',(#3904),#3891,.T.);
#3906=CARTESIAN_POINT('',(0.2748976169982,-0.15748031496063,-0.043307086614174));
#3907=DIRECTION('',(0.0,0.0,-1.0));
#3908=DIRECTION('',(0.332039424684962,-0.9432655089925,0.0));
#3909=AXIS2_PLACEMENT_3D('',#3906,#3907,#3908);
#3910=CYLINDRICAL_SURFACE('',#3909,0.009842519685039);
#3911=ORIENTED_EDGE('',*,*,#3391,.T.);
#3912=CARTESIAN_POINT('',(0.268732236349951,-0.149808074400495,-0.04488188976378));
#3913=DIRECTION('',(0.0,0.0,-1.0));
#3914=VECTOR('',#3913,0.031496062992125);
#3915=LINE('',#3912,#3914);
#3916=EDGE_CURVE('',#3723,#3377,#3915,.T.);
#3917=ORIENTED_EDGE('',*,*,#3916,.F.);
#3918=ORIENTED_EDGE('',*,*,#3729,.T.);
#3919=ORIENTED_EDGE('',*,*,#3900,.T.);
#3920=EDGE_LOOP('',(#3911,#3917,#3918,#3919));
#3921=FACE_OUTER_BOUND('',#3920,.T.);
#3922=ADVANCED_FACE('',(#3921),#3910,.T.);
#3923=CARTESIAN_POINT('',(0.239890382106175,-0.172985268679066,-0.043307086614174));
#3924=DIRECTION('',(-0.626402673862077,0.779499640909757,0.0));
#3925=DIRECTION('',(0.0,0.0,1.0));
#3926=AXIS2_PLACEMENT_3D('',#3923,#3924,#3925);
#3927=PLANE('',#3926);
#3928=ORIENTED_EDGE('',*,*,#3382,.T.);
#3929=CARTESIAN_POINT('',(0.241263803736831,-0.171881592761038,-0.04488188976378));
#3930=DIRECTION('',(0.0,0.0,-1.0));
#3931=VECTOR('',#3930,0.031496062992125);
#3932=LINE('',#3929,#3931);
#3933=EDGE_CURVE('',#3732,#3368,#3932,.T.);
#3934=ORIENTED_EDGE('',*,*,#3933,.F.);
#3935=ORIENTED_EDGE('',*,*,#3737,.T.);
#3936=ORIENTED_EDGE('',*,*,#3916,.T.);
#3937=EDGE_LOOP('',(#3928,#3934,#3935,#3936));
#3938=FACE_OUTER_BOUND('',#3937,.T.);
#3939=ADVANCED_FACE('',(#3938),#3927,.T.);
#3940=CARTESIAN_POINT('',(0.238797651477532,-0.168812696536984,-0.043307086614174));
#3941=DIRECTION('',(0.0,0.0,-1.0));
#3942=DIRECTION('',(-0.626402673862077,0.779499640909757,0.0));
#3943=AXIS2_PLACEMENT_3D('',#3940,#3941,#3942);
#3944=CYLINDRICAL_SURFACE('',#3943,0.003937007874016);
#3945=ORIENTED_EDGE('',*,*,#3374,.T.);
#3946=CARTESIAN_POINT('',(0.235695868728942,-0.17123735626169,-0.04488188976378));
#3947=DIRECTION('',(0.0,0.0,-1.0));
#3948=VECTOR('',#3947,0.031496062992125);
#3949=LINE('',#3946,#3948);
#3950=EDGE_CURVE('',#3740,#3360,#3949,.T.);
#3951=ORIENTED_EDGE('',*,*,#3950,.F.);
#3952=ORIENTED_EDGE('',*,*,#3746,.T.);
#3953=ORIENTED_EDGE('',*,*,#3933,.T.);
#3954=EDGE_LOOP('',(#3945,#3951,#3952,#3953));
#3955=FACE_OUTER_BOUND('',#3954,.T.);
#3956=ADVANCED_FACE('',(#3955),#3944,.F.);
#3957=CARTESIAN_POINT('',(0.22266044245977,-0.154561589385939,-0.043307086614174));
#3958=DIRECTION('',(0.787852818141764,0.615863570075451,0.0));
#3959=DIRECTION('',(0.0,0.0,-1.0));
#3960=AXIS2_PLACEMENT_3D('',#3957,#3958,#3959);
#3961=PLANE('',#3960);
#3962=ORIENTED_EDGE('',*,*,#3365,.T.);
#3963=CARTESIAN_POINT('',(0.223281177044017,-0.155355673522879,-0.04488188976378));
#3964=DIRECTION('',(0.0,0.0,-1.0));
#3965=VECTOR('',#3964,0.031496062992125);
#3966=LINE('',#3963,#3965);
#3967=EDGE_CURVE('',#3749,#3351,#3966,.T.);
#3968=ORIENTED_EDGE('',*,*,#3967,.F.);
#3969=ORIENTED_EDGE('',*,*,#3754,.T.);
#3970=ORIENTED_EDGE('',*,*,#3950,.T.);
#3971=EDGE_LOOP('',(#3962,#3968,#3969,#3970));
#3972=FACE_OUTER_BOUND('',#3971,.T.);
#3973=ADVANCED_FACE('',(#3972),#3961,.T.);
#3974=CARTESIAN_POINT('',(0.215526720172543,-0.161417322834646,-0.043307086614174));
#3975=DIRECTION('',(0.0,0.0,-1.0));
#3976=DIRECTION('',(-0.438255878411517,-0.898850257294144,0.0));
#3977=AXIS2_PLACEMENT_3D('',#3974,#3975,#3976);
#3978=CYLINDRICAL_SURFACE('',#3977,0.009842519685039);
#3979=ORIENTED_EDGE('',*,*,#3357,.T.);
#3980=ORIENTED_EDGE('',*,*,#2641,.F.);
#3981=ORIENTED_EDGE('',*,*,#3761,.T.);
#3982=ORIENTED_EDGE('',*,*,#3967,.T.);
#3983=EDGE_LOOP('',(#3979,#3980,#3981,#3982));
#3984=FACE_OUTER_BOUND('',#3983,.T.);
#3985=ADVANCED_FACE('',(#3984),#3978,.T.);
#3986=CARTESIAN_POINT('',(0.15748031496063,0.150984251968504,-0.01015748031496));
#3987=DIRECTION('',(-1.0,0.0,0.0));
#3988=DIRECTION('',(0.0,0.0,1.0));
#3989=AXIS2_PLACEMENT_3D('',#3986,#3987,#3988);
#3990=PLANE('',#3989);
#3991=ORIENTED_EDGE('',*,*,#3481,.T.);
#3992=ORIENTED_EDGE('',*,*,#1283,.F.);
#3993=ORIENTED_EDGE('',*,*,#1621,.F.);
#3994=ORIENTED_EDGE('',*,*,#1371,.F.);
#3995=EDGE_LOOP('',(#3991,#3992,#3993,#3994));
#3996=FACE_OUTER_BOUND('',#3995,.T.);
#3997=ADVANCED_FACE('',(#3996),#3990,.F.);
#3998=CARTESIAN_POINT('',(0.15748031496063,0.150295275590551,-0.073897637795276));
#3999=DIRECTION('',(-1.0,0.0,0.0));
#4000=DIRECTION('',(0.0,0.0,1.0));
#4001=AXIS2_PLACEMENT_3D('',#3998,#3999,#4000);
#4002=PLANE('',#4001);
#4003=ORIENTED_EDGE('',*,*,#2680,.F.);
#4004=CARTESIAN_POINT('',(0.15748031496063,0.166733057946002,-0.125984251968504));
#4005=VERTEX_POINT('',#4004);
#4006=CARTESIAN_POINT('',(0.15748031496063,0.166733057946002,-0.125984251968504));
#4007=DIRECTION('',(0.0,-0.46886891892559,0.883267760571815));
#4008=VECTOR('',#4007,0.028408690095725);
#4009=LINE('',#4006,#4008);
#4010=EDGE_CURVE('',#4005,#2668,#4009,.T.);
#4011=ORIENTED_EDGE('',*,*,#4010,.F.);
#4012=CARTESIAN_POINT('',(0.15748031496063,0.177165354330709,-0.12044643009143));
#4013=DIRECTION('',(0.0,-0.883267760571818,-0.468868918925584));
#4014=VECTOR('',#4013,0.011811023622048);
#4015=LINE('',#4012,#4014);
#4016=EDGE_CURVE('',#2694,#4005,#4015,.T.);
#4017=ORIENTED_EDGE('',*,*,#4016,.F.);
#4018=ORIENTED_EDGE('',*,*,#2699,.F.);
#4019=ORIENTED_EDGE('',*,*,#1119,.F.);
#4020=ORIENTED_EDGE('',*,*,#1313,.F.);
#4021=ORIENTED_EDGE('',*,*,#3200,.T.);
#4022=ORIENTED_EDGE('',*,*,#1339,.F.);
#4023=EDGE_LOOP('',(#4003,#4011,#4017,#4018,#4019,#4020,#4021,#4022));
#4024=FACE_OUTER_BOUND('',#4023,.T.);
#4025=ADVANCED_FACE('',(#4024),#4002,.F.);
#4026=CARTESIAN_POINT('',(0.15748031496063,-0.163976377952756,-0.01015748031496));
#4027=DIRECTION('',(-1.0,0.0,0.0));
#4028=DIRECTION('',(0.0,0.0,1.0));
#4029=AXIS2_PLACEMENT_3D('',#4026,#4027,#4028);
#4030=PLANE('',#4029);
#4031=ORIENTED_EDGE('',*,*,#3768,.T.);
#4032=ORIENTED_EDGE('',*,*,#2625,.F.);
#4033=ORIENTED_EDGE('',*,*,#1577,.F.);
#4034=ORIENTED_EDGE('',*,*,#2282,.F.);
#4035=EDGE_LOOP('',(#4031,#4032,#4033,#4034));
#4036=FACE_OUTER_BOUND('',#4035,.T.);
#4037=ADVANCED_FACE('',(#4036),#4030,.F.);
#4038=CARTESIAN_POINT('',(0.15748031496063,-0.178444881889764,-0.073897637795275));
#4039=DIRECTION('',(-1.0,0.0,0.0));
#4040=DIRECTION('',(0.0,0.0,1.0));
#4041=AXIS2_PLACEMENT_3D('',#4038,#4039,#4040);
#4042=PLANE('',#4041);
#4043=ORIENTED_EDGE('',*,*,#2575,.F.);
#4044=ORIENTED_EDGE('',*,*,#2655,.F.);
#4045=ORIENTED_EDGE('',*,*,#3347,.T.);
#4046=ORIENTED_EDGE('',*,*,#2252,.F.);
#4047=ORIENTED_EDGE('',*,*,#1015,.F.);
#4048=ORIENTED_EDGE('',*,*,#1044,.F.);
#4049=ORIENTED_EDGE('',*,*,#1068,.F.);
#4050=ORIENTED_EDGE('',*,*,#1092,.F.);
#4051=EDGE_LOOP('',(#4043,#4044,#4045,#4046,#4047,#4048,#4049,#4050));
#4052=FACE_OUTER_BOUND('',#4051,.T.);
#4053=ADVANCED_FACE('',(#4052),#4042,.F.);
#4054=CARTESIAN_POINT('',(0.158169291338583,-0.049212598425197,0.102952755905511));
#4055=DIRECTION('',(0.0,-1.0,0.0));
#4056=DIRECTION('',(0.0,0.0,-1.0));
#4057=AXIS2_PLACEMENT_3D('',#4054,#4055,#4056);
#4058=PLANE('',#4057);
#4059=CARTESIAN_POINT('',(0.15748031496063,-0.049212598425197,0.090551181102362));
#4060=DIRECTION('',(0.0,0.0,1.0));
#4061=VECTOR('',#4060,0.011811023622047);
#4062=LINE('',#4059,#4061);
#4063=EDGE_CURVE('',#482,#2439,#4062,.T.);
#4064=ORIENTED_EDGE('',*,*,#4063,.T.);
#4065=ORIENTED_EDGE('',*,*,#2444,.F.);
#4066=ORIENTED_EDGE('',*,*,#2509,.F.);
#4067=CARTESIAN_POINT('',(0.145669291338583,-0.049212598425197,0.090551181102362));
#4068=DIRECTION('',(-1.0,0.0,0.0));
#4069=VECTOR('',#4068,0.001968503937008);
#4070=LINE('',#4067,#4069);
#4071=EDGE_CURVE('',#466,#2498,#4070,.T.);
#4072=ORIENTED_EDGE('',*,*,#4071,.F.);
#4073=ORIENTED_EDGE('',*,*,#493,.T.);
#4074=EDGE_LOOP('',(#4064,#4065,#4066,#4072,#4073));
#4075=FACE_OUTER_BOUND('',#4074,.T.);
#4076=ADVANCED_FACE('',(#4075),#4058,.T.);
#4077=CARTESIAN_POINT('',(0.143011811023622,0.049212598425197,0.102952755905511));
#4078=DIRECTION('',(0.0,1.0,0.0));
#4079=DIRECTION('',(0.0,0.0,1.0));
#4080=AXIS2_PLACEMENT_3D('',#4077,#4078,#4079);
#4081=PLANE('',#4080);
#4082=CARTESIAN_POINT('',(0.15748031496063,0.049212598425197,0.102362204724409));
#4083=DIRECTION('',(0.0,0.0,-1.0));
#4084=VECTOR('',#4083,0.011811023622047);
#4085=LINE('',#4082,#4084);
#4086=EDGE_CURVE('',#2447,#474,#4085,.T.);
#4087=ORIENTED_EDGE('',*,*,#4086,.T.);
#4088=ORIENTED_EDGE('',*,*,#479,.F.);
#4089=CARTESIAN_POINT('',(0.143700787401575,0.049212598425197,0.090551181102362));
#4090=VERTEX_POINT('',#4089);
#4091=CARTESIAN_POINT('',(0.143700787401575,0.049212598425197,0.090551181102362));
#4092=DIRECTION('',(1.0,0.0,0.0));
#4093=VECTOR('',#4092,0.001968503937008);
#4094=LINE('',#4091,#4093);
#4095=EDGE_CURVE('',#4090,#464,#4094,.T.);
#4096=ORIENTED_EDGE('',*,*,#4095,.F.);
#4097=CARTESIAN_POINT('',(0.143700787401575,0.049212598425197,0.102362204724409));
#4098=DIRECTION('',(0.0,0.0,-1.0));
#4099=VECTOR('',#4098,0.011811023622047);
#4100=LINE('',#4097,#4099);
#4101=EDGE_CURVE('',#2455,#4090,#4100,.T.);
#4102=ORIENTED_EDGE('',*,*,#4101,.F.);
#4103=ORIENTED_EDGE('',*,*,#2460,.T.);
#4104=EDGE_LOOP('',(#4087,#4088,#4096,#4102,#4103));
#4105=FACE_OUTER_BOUND('',#4104,.T.);
#4106=ADVANCED_FACE('',(#4105),#4081,.T.);
#4107=CARTESIAN_POINT('',(0.15748031496063,-0.054133858267717,0.102952755905511));
#4108=DIRECTION('',(-1.0,0.0,0.0));
#4109=DIRECTION('',(0.0,0.0,1.0));
#4110=AXIS2_PLACEMENT_3D('',#4107,#4108,#4109);
#4111=PLANE('',#4110);
#4112=ORIENTED_EDGE('',*,*,#487,.F.);
#4113=ORIENTED_EDGE('',*,*,#4086,.F.);
#4114=ORIENTED_EDGE('',*,*,#2452,.F.);
#4115=ORIENTED_EDGE('',*,*,#4063,.F.);
#4116=EDGE_LOOP('',(#4112,#4113,#4114,#4115));
#4117=FACE_OUTER_BOUND('',#4116,.T.);
#4118=ADVANCED_FACE('',(#4117),#4111,.F.);
#4119=CARTESIAN_POINT('',(0.168849744210951,0.152747108542063,-0.099637147882792));
#4120=DIRECTION('',(0.0,-0.883267760571816,-0.468868918925588));
#4121=DIRECTION('',(0.0,0.468868918925588,-0.883267760571816));
#4122=AXIS2_PLACEMENT_3D('',#4119,#4120,#4121);
#4123=PLANE('',#4122);
#4124=ORIENTED_EDGE('',*,*,#892,.T.);
#4125=CARTESIAN_POINT('',(0.15748031496063,0.166733057946002,-0.125984251968504));
#4126=DIRECTION('',(-1.0,0.0,0.0));
#4127=VECTOR('',#4126,0.204724409448819);
#4128=LINE('',#4125,#4127);
#4129=EDGE_CURVE('',#4005,#879,#4128,.T.);
#4130=ORIENTED_EDGE('',*,*,#4129,.F.);
#4131=ORIENTED_EDGE('',*,*,#4010,.T.);
#4132=ORIENTED_EDGE('',*,*,#2673,.F.);
#4133=EDGE_LOOP('',(#4124,#4130,#4131,#4132));
#4134=FACE_OUTER_BOUND('',#4133,.T.);
#4135=ADVANCED_FACE('',(#4134),#4123,.T.);
#4136=CARTESIAN_POINT('',(0.167966630614616,0.166211443126767,-0.126261143062358));
#4137=DIRECTION('',(0.0,0.468868918925585,-0.883267760571817));
#4138=DIRECTION('',(-1.0,0.0,0.0));
#4139=AXIS2_PLACEMENT_3D('',#4136,#4137,#4138);
#4140=PLANE('',#4139);
#4141=ORIENTED_EDGE('',*,*,#884,.T.);
#4142=ORIENTED_EDGE('',*,*,#2705,.F.);
#4143=ORIENTED_EDGE('',*,*,#4016,.T.);
#4144=ORIENTED_EDGE('',*,*,#4129,.T.);
#4145=EDGE_LOOP('',(#4141,#4142,#4143,#4144));
#4146=FACE_OUTER_BOUND('',#4145,.T.);
#4147=ADVANCED_FACE('',(#4146),#4140,.T.);
#4148=CARTESIAN_POINT('',(0.143700787401575,0.043503937007874,0.10767716535433));
#4149=DIRECTION('',(-1.0,0.0,0.0));
#4150=DIRECTION('',(0.0,0.0,1.0));
#4151=AXIS2_PLACEMENT_3D('',#4148,#4149,#4150);
#4152=PLANE('',#4151);
#4153=ORIENTED_EDGE('',*,*,#1605,.F.);
#4154=ORIENTED_EDGE('',*,*,#1258,.F.);
#4155=ORIENTED_EDGE('',*,*,#2529,.F.);
#4156=ORIENTED_EDGE('',*,*,#2468,.F.);
#4157=ORIENTED_EDGE('',*,*,#4101,.T.);
#4158=CARTESIAN_POINT('',(0.143700787401575,0.059055118110236,0.090551181102362));
#4159=DIRECTION('',(0.0,-1.0,0.0));
#4160=VECTOR('',#4159,0.009842519685039);
#4161=LINE('',#4158,#4160);
#4162=EDGE_CURVE('',#522,#4090,#4161,.T.);
#4163=ORIENTED_EDGE('',*,*,#4162,.F.);
#4164=ORIENTED_EDGE('',*,*,#527,.F.);
#4165=ORIENTED_EDGE('',*,*,#2757,.F.);
#4166=ORIENTED_EDGE('',*,*,#1396,.F.);
#4167=EDGE_LOOP('',(#4153,#4154,#4155,#4156,#4157,#4163,#4164,#4165,#4166));
#4168=FACE_OUTER_BOUND('',#4167,.T.);
#4169=ADVANCED_FACE('',(#4168),#4152,.F.);
#4170=CARTESIAN_POINT('',(-0.062826924561609,0.146495298451799,0.091141732283464));
#4171=DIRECTION('',(-0.98058067569092,0.196116135138184,0.0));
#4172=DIRECTION('',(0.0,0.0,1.0));
#4173=AXIS2_PLACEMENT_3D('',#4170,#4171,#4172);
#4174=PLANE('',#4173);
#4175=ORIENTED_EDGE('',*,*,#2722,.T.);
#4176=CARTESIAN_POINT('',(-0.062992125984252,0.145669291338583,0.078740157480315));
#4177=VERTEX_POINT('',#4176);
#4178=CARTESIAN_POINT('',(-0.062992125984252,0.145669291338583,0.078740157480315));
#4179=DIRECTION('',(0.0,0.0,1.0));
#4180=VECTOR('',#4179,0.011560990838991);
#4181=LINE('',#4178,#4180);
#4182=EDGE_CURVE('',#4177,#2716,#4181,.T.);
#4183=ORIENTED_EDGE('',*,*,#4182,.F.);
#4184=CARTESIAN_POINT('',(-0.063779527559055,0.141732283464567,0.078740157480315));
#4185=VERTEX_POINT('',#4184);
#4186=CARTESIAN_POINT('',(-0.062992125984252,0.145669291338583,0.078740157480315));
#4187=DIRECTION('',(-0.196116135138182,-0.980580675690921,0.0));
#4188=VECTOR('',#4187,0.004014975994955);
#4189=LINE('',#4186,#4188);
#4190=EDGE_CURVE('',#4177,#4185,#4189,.T.);
#4191=ORIENTED_EDGE('',*,*,#4190,.T.);
#4192=CARTESIAN_POINT('',(-0.066296154437117,0.129149149074259,0.078740157480315));
#4193=VERTEX_POINT('',#4192);
#4194=CARTESIAN_POINT('',(-0.066296154437117,0.129149149074259,0.078740157480315));
#4195=DIRECTION('',(0.196116135138184,0.98058067569092,0.0));
#4196=VECTOR('',#4195,0.012832329559668);
#4197=LINE('',#4194,#4196);
#4198=EDGE_CURVE('',#4193,#4185,#4197,.T.);
#4199=ORIENTED_EDGE('',*,*,#4198,.F.);
#4200=CARTESIAN_POINT('',(-0.066296154437117,0.129149149074259,0.090551181102362));
#4201=DIRECTION('',(0.0,0.0,-1.0));
#4202=VECTOR('',#4201,0.011811023622047);
#4203=LINE('',#4200,#4202);
#4204=EDGE_CURVE('',#643,#4193,#4203,.T.);
#4205=ORIENTED_EDGE('',*,*,#4204,.F.);
#4206=ORIENTED_EDGE('',*,*,#650,.T.);
#4207=EDGE_LOOP('',(#4175,#4183,#4191,#4199,#4205,#4206));
#4208=FACE_OUTER_BOUND('',#4207,.T.);
#4209=ADVANCED_FACE('',(#4208),#4174,.T.);
#4210=CARTESIAN_POINT('',(-0.06646135585976,-0.128323141961043,0.091141732283464));
#4211=DIRECTION('',(-0.98058067569092,-0.196116135138184,0.0));
#4212=DIRECTION('',(0.0,0.0,1.0));
#4213=AXIS2_PLACEMENT_3D('',#4210,#4211,#4212);
#4214=PLANE('',#4213);
#4215=ORIENTED_EDGE('',*,*,#169,.T.);
#4216=ORIENTED_EDGE('',*,*,#798,.T.);
#4217=CARTESIAN_POINT('',(-0.066296154437117,-0.129149149074259,0.078740157480315));
#4218=VERTEX_POINT('',#4217);
#4219=CARTESIAN_POINT('',(-0.066296154437117,-0.129149149074259,0.078740157480315));
#4220=DIRECTION('',(0.0,0.0,1.0));
#4221=VECTOR('',#4220,0.011811023622047);
#4222=LINE('',#4219,#4221);
#4223=EDGE_CURVE('',#4218,#786,#4222,.T.);
#4224=ORIENTED_EDGE('',*,*,#4223,.F.);
#4225=CARTESIAN_POINT('',(-0.063779527559055,-0.141732283464567,0.078740157480315));
#4226=VERTEX_POINT('',#4225);
#4227=CARTESIAN_POINT('',(-0.063779527559055,-0.141732283464567,0.078740157480315));
#4228=DIRECTION('',(-0.196116135138184,0.98058067569092,0.0));
#4229=VECTOR('',#4228,0.012832329559668);
#4230=LINE('',#4227,#4229);
#4231=EDGE_CURVE('',#4226,#4218,#4230,.T.);
#4232=ORIENTED_EDGE('',*,*,#4231,.F.);
#4233=CARTESIAN_POINT('',(-0.062992125984252,-0.145669291338583,0.078740157480315));
#4234=VERTEX_POINT('',#4233);
#4235=CARTESIAN_POINT('',(-0.063779527559055,-0.141732283464567,0.078740157480315));
#4236=DIRECTION('',(0.196116135138185,-0.98058067569092,0.0));
#4237=VECTOR('',#4236,0.004014975994955);
#4238=LINE('',#4235,#4237);
#4239=EDGE_CURVE('',#4226,#4234,#4238,.T.);
#4240=ORIENTED_EDGE('',*,*,#4239,.T.);
#4241=CARTESIAN_POINT('',(-0.062992125984252,-0.145669291338583,0.078740157480315));
#4242=DIRECTION('',(0.0,0.0,1.0));
#4243=VECTOR('',#4242,0.011560990838991);
#4244=LINE('',#4241,#4243);
#4245=EDGE_CURVE('',#4234,#161,#4244,.T.);
#4246=ORIENTED_EDGE('',*,*,#4245,.T.);
#4247=EDGE_LOOP('',(#4215,#4216,#4224,#4232,#4240,#4246));
#4248=FACE_OUTER_BOUND('',#4247,.T.);
#4249=ADVANCED_FACE('',(#4248),#4214,.T.);
#4250=CARTESIAN_POINT('',(0.069291338582677,0.145669291338583,0.091141732283464));
#4251=DIRECTION('',(0.0,1.0,0.0));
#4252=DIRECTION('',(0.0,0.0,1.0));
#4253=AXIS2_PLACEMENT_3D('',#4250,#4251,#4252);
#4254=PLANE('',#4253);
#4255=ORIENTED_EDGE('',*,*,#2732,.T.);
#4256=ORIENTED_EDGE('',*,*,#1660,.T.);
#4257=ORIENTED_EDGE('',*,*,#610,.T.);
#4258=ORIENTED_EDGE('',*,*,#1852,.T.);
#4259=ORIENTED_EDGE('',*,*,#2748,.T.);
#4260=CARTESIAN_POINT('',(0.062992125984252,0.145669291338583,0.078740157480315));
#4261=VERTEX_POINT('',#4260);
#4262=CARTESIAN_POINT('',(0.062992125984252,0.145669291338583,0.078740157480315));
#4263=DIRECTION('',(0.0,0.0,1.0));
#4264=VECTOR('',#4263,0.011560990838991);
#4265=LINE('',#4262,#4264);
#4266=EDGE_CURVE('',#4261,#2743,#4265,.T.);
#4267=ORIENTED_EDGE('',*,*,#4266,.F.);
#4268=CARTESIAN_POINT('',(0.062992125984252,0.145669291338583,0.078740157480315));
#4269=DIRECTION('',(-1.0,0.0,0.0));
#4270=VECTOR('',#4269,0.125984251968504);
#4271=LINE('',#4268,#4270);
#4272=EDGE_CURVE('',#4261,#4177,#4271,.T.);
#4273=ORIENTED_EDGE('',*,*,#4272,.T.);
#4274=ORIENTED_EDGE('',*,*,#4182,.T.);
#4275=EDGE_LOOP('',(#4255,#4256,#4257,#4258,#4259,#4267,#4273,#4274));
#4276=FACE_OUTER_BOUND('',#4275,.T.);
#4277=ADVANCED_FACE('',(#4276),#4254,.T.);
#4278=CARTESIAN_POINT('',(0.062826924561609,0.146495298451799,0.078149606299213));
#4279=DIRECTION('',(0.98058067569092,0.196116135138184,0.0));
#4280=DIRECTION('',(0.0,0.0,-1.0));
#4281=AXIS2_PLACEMENT_3D('',#4278,#4279,#4280);
#4282=PLANE('',#4281);
#4283=ORIENTED_EDGE('',*,*,#2765,.T.);
#4284=ORIENTED_EDGE('',*,*,#511,.T.);
#4285=CARTESIAN_POINT('',(0.066296154437117,0.129149149074259,0.078740157480315));
#4286=VERTEX_POINT('',#4285);
#4287=CARTESIAN_POINT('',(0.066296154437117,0.129149149074259,0.078740157480315));
#4288=DIRECTION('',(0.0,0.0,1.0));
#4289=VECTOR('',#4288,0.011811023622047);
#4290=LINE('',#4287,#4289);
#4291=EDGE_CURVE('',#4286,#506,#4290,.T.);
#4292=ORIENTED_EDGE('',*,*,#4291,.F.);
#4293=CARTESIAN_POINT('',(0.063779527559055,0.141732283464567,0.078740157480315));
#4294=VERTEX_POINT('',#4293);
#4295=CARTESIAN_POINT('',(0.063779527559055,0.141732283464567,0.078740157480315));
#4296=DIRECTION('',(0.196116135138184,-0.98058067569092,0.0));
#4297=VECTOR('',#4296,0.012832329559668);
#4298=LINE('',#4295,#4297);
#4299=EDGE_CURVE('',#4294,#4286,#4298,.T.);
#4300=ORIENTED_EDGE('',*,*,#4299,.F.);
#4301=CARTESIAN_POINT('',(0.063779527559055,0.141732283464567,0.078740157480315));
#4302=DIRECTION('',(-0.196116135138182,0.980580675690921,0.0));
#4303=VECTOR('',#4302,0.004014975994955);
#4304=LINE('',#4301,#4303);
#4305=EDGE_CURVE('',#4294,#4261,#4304,.T.);
#4306=ORIENTED_EDGE('',*,*,#4305,.T.);
#4307=ORIENTED_EDGE('',*,*,#4266,.T.);
#4308=EDGE_LOOP('',(#4283,#4284,#4292,#4300,#4306,#4307));
#4309=FACE_OUTER_BOUND('',#4308,.T.);
#4310=ADVANCED_FACE('',(#4309),#4282,.T.);
#4311=CARTESIAN_POINT('',(0.145767716535433,0.059547244094488,0.090551181102362));
#4312=DIRECTION('',(0.0,0.0,1.0));
#4313=DIRECTION('',(1.0,0.0,0.0));
#4314=AXIS2_PLACEMENT_3D('',#4311,#4312,#4313);
#4315=PLANE('',#4314);
#4316=ORIENTED_EDGE('',*,*,#4162,.T.);
#4317=ORIENTED_EDGE('',*,*,#4095,.T.);
#4318=CARTESIAN_POINT('',(0.145669291338583,0.059055118110236,0.090551181102362));
#4319=VERTEX_POINT('',#4318);
#4320=CARTESIAN_POINT('',(0.145669291338583,0.059055118110236,0.090551181102362));
#4321=DIRECTION('',(0.0,-1.0,0.0));
#4322=VECTOR('',#4321,0.009842519685039);
#4323=LINE('',#4320,#4322);
#4324=EDGE_CURVE('',#4319,#464,#4323,.T.);
#4325=ORIENTED_EDGE('',*,*,#4324,.F.);
#4326=CARTESIAN_POINT('',(0.143700787401575,0.059055118110236,0.090551181102362));
#4327=DIRECTION('',(1.0,0.0,0.0));
#4328=VECTOR('',#4327,0.001968503937008);
#4329=LINE('',#4326,#4328);
#4330=EDGE_CURVE('',#522,#4319,#4329,.T.);
#4331=ORIENTED_EDGE('',*,*,#4330,.F.);
#4332=EDGE_LOOP('',(#4316,#4317,#4325,#4331));
#4333=FACE_OUTER_BOUND('',#4332,.T.);
#4334=ADVANCED_FACE('',(#4333),#4315,.T.);
#4335=CARTESIAN_POINT('',(0.145767716535433,-0.048720472440945,0.090551181102362));
#4336=DIRECTION('',(0.0,0.0,1.0));
#4337=DIRECTION('',(1.0,0.0,0.0));
#4338=AXIS2_PLACEMENT_3D('',#4335,#4336,#4337);
#4339=PLANE('',#4338);
#4340=ORIENTED_EDGE('',*,*,#2503,.T.);
#4341=CARTESIAN_POINT('',(0.145669291338583,-0.059055118110236,0.090551181102362));
#4342=VERTEX_POINT('',#4341);
#4343=CARTESIAN_POINT('',(0.145669291338583,-0.059055118110236,0.090551181102362));
#4344=DIRECTION('',(-1.0,0.0,0.0));
#4345=VECTOR('',#4344,0.001968503937008);
#4346=LINE('',#4343,#4345);
#4347=EDGE_CURVE('',#4342,#441,#4346,.T.);
#4348=ORIENTED_EDGE('',*,*,#4347,.F.);
#4349=CARTESIAN_POINT('',(0.145669291338583,-0.049212598425197,0.090551181102362));
#4350=DIRECTION('',(0.0,-1.0,0.0));
#4351=VECTOR('',#4350,0.009842519685039);
#4352=LINE('',#4349,#4351);
#4353=EDGE_CURVE('',#466,#4342,#4352,.T.);
#4354=ORIENTED_EDGE('',*,*,#4353,.F.);
#4355=ORIENTED_EDGE('',*,*,#4071,.T.);
#4356=EDGE_LOOP('',(#4340,#4348,#4354,#4355));
#4357=FACE_OUTER_BOUND('',#4356,.T.);
#4358=ADVANCED_FACE('',(#4357),#4339,.T.);
#4359=CARTESIAN_POINT('',(-0.067125984251968,-0.067125984251968,0.124015748031496));
#4360=DIRECTION('',(0.0,0.0,1.0));
#4361=DIRECTION('',(1.0,0.0,0.0));
#4362=AXIS2_PLACEMENT_3D('',#4359,#4360,#4361);
#4363=PLANE('',#4362);
#4364=CARTESIAN_POINT('',(-0.061023622047244,3.711390E-017,0.124015748031496));
#4365=VERTEX_POINT('',#4364);
#4366=CARTESIAN_POINT('',(2.673262E-017,5.953362E-017,0.124015748031496));
#4367=DIRECTION('',(0.0,0.0,1.0));
#4368=DIRECTION('',(1.0,0.0,0.0));
#4369=AXIS2_PLACEMENT_3D('',#4366,#4367,#4368);
#4370=CIRCLE('',#4369,0.061023622047244);
#4371=EDGE_CURVE('',#4365,#4365,#4370,.T.);
#4372=ORIENTED_EDGE('',*,*,#4371,.T.);
#4373=EDGE_LOOP('',(#4372));
#4374=FACE_OUTER_BOUND('',#4373,.T.);
#4375=CARTESIAN_POINT('',(0.059055118110236,6.016224E-017,0.124015748031496));
#4376=VERTEX_POINT('',#4375);
#4377=CARTESIAN_POINT('',(3.675736E-017,8.185874E-017,0.124015748031496));
#4378=DIRECTION('',(0.0,0.0,-1.0));
#4379=DIRECTION('',(-1.0,0.0,0.0));
#4380=AXIS2_PLACEMENT_3D('',#4377,#4378,#4379);
#4381=CIRCLE('',#4380,0.059055118110236);
#4382=EDGE_CURVE('',#4376,#4376,#4381,.T.);
#4383=ORIENTED_EDGE('',*,*,#4382,.T.);
#4384=EDGE_LOOP('',(#4383));
#4385=FACE_BOUND('',#4384,.T.);
#4386=ADVANCED_FACE('',(#4374,#4385),#4363,.T.);
#4387=CARTESIAN_POINT('',(3.675736E-017,8.185874E-017,0.386220472440945));
#4388=DIRECTION('',(0.0,0.0,-1.0));
#4389=DIRECTION('',(1.0,0.0,0.0));
#4390=AXIS2_PLACEMENT_3D('',#4387,#4388,#4389);
#4391=CYLINDRICAL_SURFACE('',#4390,0.039370078740157);
#4392=CARTESIAN_POINT('',(0.039370078740157,9.632307E-017,0.377952755905512));
#4393=VERTEX_POINT('',#4392);
#4394=CARTESIAN_POINT('',(3.675736E-017,8.185874E-017,0.377952755905512));
#4395=DIRECTION('',(0.0,0.0,1.0));
#4396=DIRECTION('',(-1.0,0.0,0.0));
#4397=AXIS2_PLACEMENT_3D('',#4394,#4395,#4396);
#4398=CIRCLE('',#4397,0.039370078740157);
#4399=EDGE_CURVE('',#4393,#4393,#4398,.T.);
#4400=ORIENTED_EDGE('',*,*,#4399,.F.);
#4401=EDGE_LOOP('',(#4400));
#4402=FACE_OUTER_BOUND('',#4401,.T.);
#4403=CARTESIAN_POINT('',(0.039370078740157,9.632307E-017,0.385826771653544));
#4404=VERTEX_POINT('',#4403);
#4405=CARTESIAN_POINT('',(3.675736E-017,8.185874E-017,0.385826771653544));
#4406=DIRECTION('',(0.0,0.0,-1.0));
#4407=DIRECTION('',(-1.0,0.0,0.0));
#4408=AXIS2_PLACEMENT_3D('',#4405,#4406,#4407);
#4409=CIRCLE('',#4408,0.039370078740157);
#4410=EDGE_CURVE('',#4404,#4404,#4409,.T.);
#4411=ORIENTED_EDGE('',*,*,#4410,.F.);
#4412=EDGE_LOOP('',(#4411));
#4413=FACE_BOUND('',#4412,.T.);
#4414=ADVANCED_FACE('',(#4402,#4413),#4391,.F.);
#4415=CARTESIAN_POINT('',(0.043307086614174,-0.043307086614173,0.377952755905512));
#4416=DIRECTION('',(0.0,0.0,-1.0));
#4417=DIRECTION('',(-1.0,0.0,0.0));
#4418=AXIS2_PLACEMENT_3D('',#4415,#4416,#4417);
#4419=PLANE('',#4418);
#4420=ORIENTED_EDGE('',*,*,#4399,.T.);
#4421=EDGE_LOOP('',(#4420));
#4422=FACE_OUTER_BOUND('',#4421,.T.);
#4423=ADVANCED_FACE('',(#4422),#4419,.F.);
#4424=CARTESIAN_POINT('',(3.675736E-017,8.185874E-017,0.110925196850394));
#4425=DIRECTION('',(0.0,0.0,1.0));
#4426=DIRECTION('',(1.0,0.0,0.0));
#4427=AXIS2_PLACEMENT_3D('',#4424,#4425,#4426);
#4428=CYLINDRICAL_SURFACE('',#4427,0.059055118110236);
#4429=CARTESIAN_POINT('',(0.059055118110236,6.016224E-017,0.385826771653544));
#4430=VERTEX_POINT('',#4429);
#4431=CARTESIAN_POINT('',(3.675736E-017,8.185874E-017,0.385826771653544));
#4432=DIRECTION('',(0.0,0.0,-1.0));
#4433=DIRECTION('',(-1.0,0.0,0.0));
#4434=AXIS2_PLACEMENT_3D('',#4431,#4432,#4433);
#4435=CIRCLE('',#4434,0.059055118110236);
#4436=EDGE_CURVE('',#4430,#4430,#4435,.T.);
#4437=ORIENTED_EDGE('',*,*,#4436,.T.);
#4438=EDGE_LOOP('',(#4437));
#4439=FACE_OUTER_BOUND('',#4438,.T.);
#4440=ORIENTED_EDGE('',*,*,#4382,.F.);
#4441=EDGE_LOOP('',(#4440));
#4442=FACE_BOUND('',#4441,.T.);
#4443=ADVANCED_FACE('',(#4439,#4442),#4428,.T.);
#4444=CARTESIAN_POINT('',(0.06496062992126,-0.06496062992126,0.385826771653544));
#4445=DIRECTION('',(0.0,0.0,-1.0));
#4446=DIRECTION('',(-1.0,0.0,0.0));
#4447=AXIS2_PLACEMENT_3D('',#4444,#4445,#4446);
#4448=PLANE('',#4447);
#4449=ORIENTED_EDGE('',*,*,#4436,.F.);
#4450=EDGE_LOOP('',(#4449));
#4451=FACE_OUTER_BOUND('',#4450,.T.);
#4452=ORIENTED_EDGE('',*,*,#4410,.T.);
#4453=EDGE_LOOP('',(#4452));
#4454=FACE_BOUND('',#4453,.T.);
#4455=ADVANCED_FACE('',(#4451,#4454),#4448,.F.);
#4456=CARTESIAN_POINT('',(0.128918969158608,0.137795275590551,0.094806886159123));
#4457=DIRECTION('',(0.0,1.0,0.0));
#4458=DIRECTION('',(0.0,0.0,1.0));
#4459=AXIS2_PLACEMENT_3D('',#4456,#4457,#4458);
#4460=PLANE('',#4459);
#4461=CARTESIAN_POINT('',(0.080545794154175,0.137795275590551,0.054140906657331));
#4462=VERTEX_POINT('',#4461);
#4463=CARTESIAN_POINT('',(0.078346456692913,0.137795275590551,0.040944881889764));
#4464=VERTEX_POINT('',#4463);
#4465=CARTESIAN_POINT('',(0.080545794154175,0.137795275590551,0.054140906657331));
#4466=DIRECTION('',(-0.164398987305357,0.0,-0.986393923832144));
#4467=VECTOR('',#4466,0.013378047500841);
#4468=LINE('',#4465,#4467);
#4469=EDGE_CURVE('',#4462,#4464,#4468,.T.);
#4470=ORIENTED_EDGE('',*,*,#4469,.F.);
#4471=CARTESIAN_POINT('',(0.083141866097441,0.137795275590551,0.05511811023622));
#4472=VERTEX_POINT('',#4471);
#4473=CARTESIAN_POINT('',(0.083141866097441,0.137795275590551,0.051181102362205));
#4474=DIRECTION('',(0.0,1.0,0.0));
#4475=DIRECTION('',(-0.894427190999916,0.0,0.447213595499957));
#4476=AXIS2_PLACEMENT_3D('',#4473,#4474,#4475);
#4477=CIRCLE('',#4476,0.003937007874016);
#4478=EDGE_CURVE('',#4462,#4472,#4477,.T.);
#4479=ORIENTED_EDGE('',*,*,#4478,.T.);
#4480=CARTESIAN_POINT('',(0.090551181102362,0.137795275590551,0.05511811023622));
#4481=VERTEX_POINT('',#4480);
#4482=CARTESIAN_POINT('',(0.083141866097441,0.137795275590551,0.05511811023622));
#4483=DIRECTION('',(1.0,0.0,0.0));
#4484=VECTOR('',#4483,0.007409315004921);
#4485=LINE('',#4482,#4484);
#4486=EDGE_CURVE('',#4472,#4481,#4485,.T.);
#4487=ORIENTED_EDGE('',*,*,#4486,.T.);
#4488=CARTESIAN_POINT('',(0.094488188976378,0.137795275590551,0.059055118110236));
#4489=VERTEX_POINT('',#4488);
#4490=CARTESIAN_POINT('',(0.090551181102362,0.137795275590551,0.059055118110236));
#4491=DIRECTION('',(0.0,-1.0,0.0));
#4492=DIRECTION('',(-1.0,0.0,0.0));
#4493=AXIS2_PLACEMENT_3D('',#4490,#4491,#4492);
#4494=CIRCLE('',#4493,0.003937007874016);
#4495=EDGE_CURVE('',#4481,#4489,#4494,.T.);
#4496=ORIENTED_EDGE('',*,*,#4495,.T.);
#4497=CARTESIAN_POINT('',(0.094488188976378,0.137795275590551,0.062992125984252));
#4498=VERTEX_POINT('',#4497);
#4499=CARTESIAN_POINT('',(0.094488188976378,0.137795275590551,0.059055118110236));
#4500=DIRECTION('',(0.0,0.0,1.0));
#4501=VECTOR('',#4500,0.003937007874016);
#4502=LINE('',#4499,#4501);
#4503=EDGE_CURVE('',#4489,#4498,#4502,.T.);
#4504=ORIENTED_EDGE('',*,*,#4503,.T.);
#4505=CARTESIAN_POINT('',(0.090551181102362,0.137795275590551,0.066929133858268));
#4506=VERTEX_POINT('',#4505);
#4507=CARTESIAN_POINT('',(0.090551181102362,0.137795275590551,0.062992125984252));
#4508=DIRECTION('',(0.0,-1.0,0.0));
#4509=DIRECTION('',(0.0,0.0,-1.0));
#4510=AXIS2_PLACEMENT_3D('',#4507,#4508,#4509);
#4511=CIRCLE('',#4510,0.003937007874016);
#4512=EDGE_CURVE('',#4498,#4506,#4511,.T.);
#4513=ORIENTED_EDGE('',*,*,#4512,.T.);
#4514=CARTESIAN_POINT('',(0.086614173228346,0.137795275590551,0.066929133858268));
#4515=VERTEX_POINT('',#4514);
#4516=CARTESIAN_POINT('',(0.090551181102362,0.137795275590551,0.066929133858268));
#4517=DIRECTION('',(-1.0,0.0,0.0));
#4518=VECTOR('',#4517,0.003937007874016);
#4519=LINE('',#4516,#4518);
#4520=EDGE_CURVE('',#4506,#4515,#4519,.T.);
#4521=ORIENTED_EDGE('',*,*,#4520,.T.);
#4522=CARTESIAN_POINT('',(0.082677165354331,0.137795275590551,0.070866141732283));
#4523=VERTEX_POINT('',#4522);
#4524=CARTESIAN_POINT('',(0.086614173228346,0.137795275590551,0.070866141732283));
#4525=DIRECTION('',(0.0,1.0,0.0));
#4526=DIRECTION('',(0.0,0.0,-1.0));
#4527=AXIS2_PLACEMENT_3D('',#4524,#4525,#4526);
#4528=CIRCLE('',#4527,0.003937007874016);
#4529=EDGE_CURVE('',#4515,#4523,#4528,.T.);
#4530=ORIENTED_EDGE('',*,*,#4529,.T.);
#4531=CARTESIAN_POINT('',(0.082677165354331,0.137795275590551,0.070866141732283));
#4532=DIRECTION('',(0.0,0.0,1.0));
#4533=VECTOR('',#4532,0.019685039370079);
#4534=LINE('',#4531,#4533);
#4535=EDGE_CURVE('',#4523,#555,#4534,.T.);
#4536=ORIENTED_EDGE('',*,*,#4535,.T.);
#4537=ORIENTED_EDGE('',*,*,#560,.T.);
#4538=CARTESIAN_POINT('',(0.125984251968504,0.137795275590551,0.068897637795276));
#4539=VERTEX_POINT('',#4538);
#4540=CARTESIAN_POINT('',(0.125984251968504,0.137795275590551,0.068897637795276));
#4541=DIRECTION('',(0.0,0.0,1.0));
#4542=VECTOR('',#4541,0.021653543307086);
#4543=LINE('',#4540,#4542);
#4544=EDGE_CURVE('',#4539,#547,#4543,.T.);
#4545=ORIENTED_EDGE('',*,*,#4544,.F.);
#4546=CARTESIAN_POINT('',(0.124382769920044,0.137795275590551,0.068897637795276));
#4547=VERTEX_POINT('',#4546);
#4548=CARTESIAN_POINT('',(0.125984251968504,0.137795275590551,0.068897637795276));
#4549=DIRECTION('',(-1.0,0.0,0.0));
#4550=VECTOR('',#4549,0.00160148204846);
#4551=LINE('',#4548,#4550);
#4552=EDGE_CURVE('',#4539,#4547,#4551,.T.);
#4553=ORIENTED_EDGE('',*,*,#4552,.T.);
#4554=CARTESIAN_POINT('',(0.120927630770283,0.137795275590551,0.066847967849626));
#4555=VERTEX_POINT('',#4554);
#4556=CARTESIAN_POINT('',(0.124382769920044,0.137795275590551,0.06496062992126));
#4557=DIRECTION('',(0.0,-1.0,0.0));
#4558=DIRECTION('',(0.877605344039362,0.0,-0.479383833804972));
#4559=AXIS2_PLACEMENT_3D('',#4556,#4557,#4558);
#4560=CIRCLE('',#4559,0.003937007874016);
#4561=EDGE_CURVE('',#4547,#4555,#4560,.T.);
#4562=ORIENTED_EDGE('',*,*,#4561,.T.);
#4563=CARTESIAN_POINT('',(0.088501511156713,0.137795275590551,0.007485649280272));
#4564=VERTEX_POINT('',#4563);
#4565=CARTESIAN_POINT('',(0.120927630770283,0.137795275590551,0.066847967849626));
#4566=DIRECTION('',(-0.479383833804972,0.0,-0.877605344039362));
#4567=VECTOR('',#4566,0.067641245546804);
#4568=LINE('',#4565,#4567);
#4569=EDGE_CURVE('',#4555,#4564,#4568,.T.);
#4570=ORIENTED_EDGE('',*,*,#4569,.T.);
#4571=CARTESIAN_POINT('',(0.083159034078585,0.137795275590551,0.005917848058877));
#4572=VERTEX_POINT('',#4571);
#4573=CARTESIAN_POINT('',(0.085046372006951,0.137795275590551,0.009372987208638));
#4574=DIRECTION('',(0.0,1.0,0.0));
#4575=DIRECTION('',(0.877605344039362,0.0,-0.479383833804973));
#4576=AXIS2_PLACEMENT_3D('',#4573,#4574,#4575);
#4577=CIRCLE('',#4576,0.003937007874016);
#4578=EDGE_CURVE('',#4564,#4572,#4577,.T.);
#4579=ORIENTED_EDGE('',*,*,#4578,.T.);
#4580=CARTESIAN_POINT('',(0.06933847747954,0.137795275590551,0.013467199772341));
#4581=VERTEX_POINT('',#4580);
#4582=CARTESIAN_POINT('',(0.083159034078585,0.137795275590551,0.005917848058877));
#4583=DIRECTION('',(-0.877605344039362,0.0,0.479383833804972));
#4584=VECTOR('',#4583,0.015748031496063);
#4585=LINE('',#4582,#4584);
#4586=EDGE_CURVE('',#4572,#4581,#4585,.T.);
#4587=ORIENTED_EDGE('',*,*,#4586,.T.);
#4588=CARTESIAN_POINT('',(0.067770676258145,0.137795275590551,0.018809676850468));
#4589=VERTEX_POINT('',#4588);
#4590=CARTESIAN_POINT('',(0.071225815407906,0.137795275590551,0.016922338922102));
#4591=DIRECTION('',(0.0,1.0,0.0));
#4592=DIRECTION('',(-0.479383833804972,0.0,-0.877605344039362));
#4593=AXIS2_PLACEMENT_3D('',#4590,#4591,#4592);
#4594=CIRCLE('',#4593,0.003937007874016);
#4595=EDGE_CURVE('',#4581,#4589,#4594,.T.);
#4596=ORIENTED_EDGE('',*,*,#4595,.T.);
#4597=CARTESIAN_POINT('',(0.070601683150694,0.137795275590551,0.02399238557511));
#4598=VERTEX_POINT('',#4597);
#4599=CARTESIAN_POINT('',(0.067770676258145,0.137795275590551,0.018809676850468));
#4600=DIRECTION('',(0.479383833804969,0.0,0.877605344039364));
#4601=VECTOR('',#4600,0.005905511811024);
#4602=LINE('',#4599,#4601);
#4603=EDGE_CURVE('',#4589,#4598,#4602,.T.);
#4604=ORIENTED_EDGE('',*,*,#4603,.T.);
#4605=CARTESIAN_POINT('',(0.075944160228821,0.137795275590551,0.025560186796506));
#4606=VERTEX_POINT('',#4605);
#4607=CARTESIAN_POINT('',(0.074056822300455,0.137795275590551,0.022105047646744));
#4608=DIRECTION('',(0.0,1.0,0.0));
#4609=DIRECTION('',(-0.877605344039362,0.0,0.479383833804972));
#4610=AXIS2_PLACEMENT_3D('',#4607,#4608,#4609);
#4611=CIRCLE('',#4610,0.003937007874016);
#4612=EDGE_CURVE('',#4598,#4606,#4611,.T.);
#4613=ORIENTED_EDGE('',*,*,#4612,.T.);
#4614=CARTESIAN_POINT('',(0.076553351329304,0.137795275590551,0.025227421770343));
#4615=VERTEX_POINT('',#4614);
#4616=CARTESIAN_POINT('',(0.075944160228821,0.137795275590551,0.025560186796506));
#4617=DIRECTION('',(0.877605344039353,0.0,-0.479383833804989));
#4618=VECTOR('',#4617,0.000694151539323);
#4619=LINE('',#4616,#4618);
#4620=EDGE_CURVE('',#4606,#4615,#4619,.T.);
#4621=ORIENTED_EDGE('',*,*,#4620,.T.);
#4622=CARTESIAN_POINT('',(0.081895828407431,0.137795275590551,0.026795222991739));
#4623=VERTEX_POINT('',#4622);
#4624=CARTESIAN_POINT('',(0.07844068925767,0.137795275590551,0.028682560920105));
#4625=DIRECTION('',(0.0,-1.0,0.0));
#4626=DIRECTION('',(-0.877605344039362,0.0,0.479383833804972));
#4627=AXIS2_PLACEMENT_3D('',#4624,#4625,#4626);
#4628=CIRCLE('',#4627,0.003937007874016);
#4629=EDGE_CURVE('',#4615,#4623,#4628,.T.);
#4630=ORIENTED_EDGE('',*,*,#4629,.T.);
#4631=CARTESIAN_POINT('',(0.084886106624527,0.137795275590551,0.03226950885294));
#4632=VERTEX_POINT('',#4631);
#4633=CARTESIAN_POINT('',(0.081895828407431,0.137795275590551,0.026795222991739));
#4634=DIRECTION('',(0.479383833804971,0.0,0.877605344039362));
#4635=VECTOR('',#4634,0.006237753562444);
#4636=LINE('',#4633,#4635);
#4637=EDGE_CURVE('',#4623,#4632,#4636,.T.);
#4638=ORIENTED_EDGE('',*,*,#4637,.T.);
#4639=CARTESIAN_POINT('',(0.083614826515022,0.137795275590551,0.037432635341691));
#4640=VERTEX_POINT('',#4639);
#4641=CARTESIAN_POINT('',(0.081430967474765,0.137795275590551,0.034156846781306));
#4642=DIRECTION('',(0.0,-1.0,0.0));
#4643=DIRECTION('',(-0.554700196225229,0.0,-0.832050294337844));
#4644=AXIS2_PLACEMENT_3D('',#4641,#4642,#4643);
#4645=CIRCLE('',#4644,0.003937007874016);
#4646=EDGE_CURVE('',#4632,#4640,#4645,.T.);
#4647=ORIENTED_EDGE('',*,*,#4646,.T.);
#4648=CARTESIAN_POINT('',(0.083614826515022,0.137795275590551,0.037432635341691));
#4649=DIRECTION('',(-0.832050294337844,0.0,0.554700196225228));
#4650=VECTOR('',#4649,0.006331792510574);
#4651=LINE('',#4648,#4650);
#4652=EDGE_CURVE('',#4640,#4464,#4651,.T.);
#4653=ORIENTED_EDGE('',*,*,#4652,.T.);
#4654=EDGE_LOOP('',(#4470,#4479,#4487,#4496,#4504,#4513,#4521,#4530,#4536,#4537,#4545,#4553,#4562,#4570,#4579,#4587,#4596,#4604,#4613,#4621,#4630,#4638,#4647,#4653));
#4655=FACE_OUTER_BOUND('',#4654,.T.);
#4656=ADVANCED_FACE('',(#4655),#4460,.T.);
#4657=CARTESIAN_POINT('',(0.083141866097441,0.138385826771653,0.051181102362205));
#4658=DIRECTION('',(0.0,-1.0,0.0));
#4659=DIRECTION('',(-0.894427190999916,0.0,0.447213595499957));
#4660=AXIS2_PLACEMENT_3D('',#4657,#4658,#4659);
#4661=CYLINDRICAL_SURFACE('',#4660,0.003937007874016);
#4662=CARTESIAN_POINT('',(0.080545794154175,0.125984251968504,0.054140906657331));
#4663=VERTEX_POINT('',#4662);
#4664=CARTESIAN_POINT('',(0.080545794154175,0.125984251968504,0.054140906657331));
#4665=DIRECTION('',(0.0,1.0,0.0));
#4666=VECTOR('',#4665,0.011811023622047);
#4667=LINE('',#4664,#4666);
#4668=EDGE_CURVE('',#4663,#4462,#4667,.T.);
#4669=ORIENTED_EDGE('',*,*,#4668,.F.);
#4670=CARTESIAN_POINT('',(0.083141866097441,0.125984251968504,0.05511811023622));
#4671=VERTEX_POINT('',#4670);
#4672=CARTESIAN_POINT('',(0.083141866097441,0.125984251968504,0.051181102362205));
#4673=DIRECTION('',(0.0,1.0,0.0));
#4674=DIRECTION('',(-0.894427190999916,0.0,0.447213595499957));
#4675=AXIS2_PLACEMENT_3D('',#4672,#4673,#4674);
#4676=CIRCLE('',#4675,0.003937007874016);
#4677=EDGE_CURVE('',#4663,#4671,#4676,.T.);
#4678=ORIENTED_EDGE('',*,*,#4677,.T.);
#4679=CARTESIAN_POINT('',(0.083141866097441,0.137795275590551,0.05511811023622));
#4680=DIRECTION('',(0.0,-1.0,0.0));
#4681=VECTOR('',#4680,0.011811023622047);
#4682=LINE('',#4679,#4681);
#4683=EDGE_CURVE('',#4472,#4671,#4682,.T.);
#4684=ORIENTED_EDGE('',*,*,#4683,.F.);
#4685=ORIENTED_EDGE('',*,*,#4478,.F.);
#4686=EDGE_LOOP('',(#4669,#4678,#4684,#4685));
#4687=FACE_OUTER_BOUND('',#4686,.T.);
#4688=ADVANCED_FACE('',(#4687),#4661,.T.);
#4689=CARTESIAN_POINT('',(-0.064355190976315,0.125984251968504,0.001771926091493));
#4690=DIRECTION('',(0.0,-1.0,0.0));
#4691=DIRECTION('',(0.0,0.0,-1.0));
#4692=AXIS2_PLACEMENT_3D('',#4689,#4690,#4691);
#4693=PLANE('',#4692);
#4694=CARTESIAN_POINT('',(-0.080545794154175,0.125984251968504,0.054140906657331));
#4695=VERTEX_POINT('',#4694);
#4696=CARTESIAN_POINT('',(-0.078346456692913,0.125984251968504,0.040944881889764));
#4697=VERTEX_POINT('',#4696);
#4698=CARTESIAN_POINT('',(-0.080545794154175,0.125984251968504,0.054140906657331));
#4699=DIRECTION('',(0.164398987305358,0.0,-0.986393923832144));
#4700=VECTOR('',#4699,0.013378047500841);
#4701=LINE('',#4698,#4700);
#4702=EDGE_CURVE('',#4695,#4697,#4701,.T.);
#4703=ORIENTED_EDGE('',*,*,#4702,.F.);
#4704=CARTESIAN_POINT('',(-0.083141866097441,0.125984251968504,0.05511811023622));
#4705=VERTEX_POINT('',#4704);
#4706=CARTESIAN_POINT('',(-0.083141866097441,0.125984251968504,0.051181102362205));
#4707=DIRECTION('',(0.0,-1.0,0.0));
#4708=DIRECTION('',(0.894427190999916,0.0,0.447213595499957));
#4709=AXIS2_PLACEMENT_3D('',#4706,#4707,#4708);
#4710=CIRCLE('',#4709,0.003937007874016);
#4711=EDGE_CURVE('',#4695,#4705,#4710,.T.);
#4712=ORIENTED_EDGE('',*,*,#4711,.T.);
#4713=CARTESIAN_POINT('',(-0.090551181102362,0.125984251968504,0.05511811023622));
#4714=VERTEX_POINT('',#4713);
#4715=CARTESIAN_POINT('',(-0.083141866097441,0.125984251968504,0.05511811023622));
#4716=DIRECTION('',(-1.0,0.0,0.0));
#4717=VECTOR('',#4716,0.007409315004921);
#4718=LINE('',#4715,#4717);
#4719=EDGE_CURVE('',#4705,#4714,#4718,.T.);
#4720=ORIENTED_EDGE('',*,*,#4719,.T.);
#4721=CARTESIAN_POINT('',(-0.094488188976378,0.125984251968504,0.059055118110236));
#4722=VERTEX_POINT('',#4721);
#4723=CARTESIAN_POINT('',(-0.090551181102362,0.125984251968504,0.059055118110236));
#4724=DIRECTION('',(0.0,1.0,0.0));
#4725=DIRECTION('',(1.0,0.0,0.0));
#4726=AXIS2_PLACEMENT_3D('',#4723,#4724,#4725);
#4727=CIRCLE('',#4726,0.003937007874016);
#4728=EDGE_CURVE('',#4714,#4722,#4727,.T.);
#4729=ORIENTED_EDGE('',*,*,#4728,.T.);
#4730=CARTESIAN_POINT('',(-0.094488188976378,0.125984251968504,0.062992125984252));
#4731=VERTEX_POINT('',#4730);
#4732=CARTESIAN_POINT('',(-0.094488188976378,0.125984251968504,0.059055118110236));
#4733=DIRECTION('',(0.0,0.0,1.0));
#4734=VECTOR('',#4733,0.003937007874016);
#4735=LINE('',#4732,#4734);
#4736=EDGE_CURVE('',#4722,#4731,#4735,.T.);
#4737=ORIENTED_EDGE('',*,*,#4736,.T.);
#4738=CARTESIAN_POINT('',(-0.090551181102362,0.125984251968504,0.066929133858268));
#4739=VERTEX_POINT('',#4738);
#4740=CARTESIAN_POINT('',(-0.090551181102362,0.125984251968504,0.062992125984252));
#4741=DIRECTION('',(0.0,1.0,0.0));
#4742=DIRECTION('',(0.0,0.0,-1.0));
#4743=AXIS2_PLACEMENT_3D('',#4740,#4741,#4742);
#4744=CIRCLE('',#4743,0.003937007874016);
#4745=EDGE_CURVE('',#4731,#4739,#4744,.T.);
#4746=ORIENTED_EDGE('',*,*,#4745,.T.);
#4747=CARTESIAN_POINT('',(-0.086614173228346,0.125984251968504,0.066929133858268));
#4748=VERTEX_POINT('',#4747);
#4749=CARTESIAN_POINT('',(-0.090551181102362,0.125984251968504,0.066929133858268));
#4750=DIRECTION('',(1.0,0.0,0.0));
#4751=VECTOR('',#4750,0.003937007874016);
#4752=LINE('',#4749,#4751);
#4753=EDGE_CURVE('',#4739,#4748,#4752,.T.);
#4754=ORIENTED_EDGE('',*,*,#4753,.T.);
#4755=CARTESIAN_POINT('',(-0.082677165354331,0.125984251968504,0.070866141732283));
#4756=VERTEX_POINT('',#4755);
#4757=CARTESIAN_POINT('',(-0.086614173228346,0.125984251968504,0.070866141732283));
#4758=DIRECTION('',(0.0,-1.0,0.0));
#4759=DIRECTION('',(0.0,0.0,-1.0));
#4760=AXIS2_PLACEMENT_3D('',#4757,#4758,#4759);
#4761=CIRCLE('',#4760,0.003937007874016);
#4762=EDGE_CURVE('',#4748,#4756,#4761,.T.);
#4763=ORIENTED_EDGE('',*,*,#4762,.T.);
#4764=CARTESIAN_POINT('',(-0.082677165354331,0.125984251968504,0.078740157480315));
#4765=VERTEX_POINT('',#4764);
#4766=CARTESIAN_POINT('',(-0.082677165354331,0.125984251968504,0.070866141732283));
#4767=DIRECTION('',(0.0,0.0,1.0));
#4768=VECTOR('',#4767,0.007874015748032);
#4769=LINE('',#4766,#4768);
#4770=EDGE_CURVE('',#4756,#4765,#4769,.T.);
#4771=ORIENTED_EDGE('',*,*,#4770,.T.);
#4772=CARTESIAN_POINT('',(-0.125984251968504,0.125984251968504,0.078740157480315));
#4773=VERTEX_POINT('',#4772);
#4774=CARTESIAN_POINT('',(-0.125984251968504,0.125984251968504,0.078740157480315));
#4775=DIRECTION('',(1.0,0.0,0.0));
#4776=VECTOR('',#4775,0.043307086614173);
#4777=LINE('',#4774,#4776);
#4778=EDGE_CURVE('',#4773,#4765,#4777,.T.);
#4779=ORIENTED_EDGE('',*,*,#4778,.F.);
#4780=CARTESIAN_POINT('',(-0.125984251968504,0.125984251968504,0.068897637795276));
#4781=VERTEX_POINT('',#4780);
#4782=CARTESIAN_POINT('',(-0.125984251968504,0.125984251968504,0.078740157480315));
#4783=DIRECTION('',(0.0,0.0,-1.0));
#4784=VECTOR('',#4783,0.009842519685039);
#4785=LINE('',#4782,#4784);
#4786=EDGE_CURVE('',#4773,#4781,#4785,.T.);
#4787=ORIENTED_EDGE('',*,*,#4786,.T.);
#4788=CARTESIAN_POINT('',(-0.124382769920044,0.125984251968504,0.068897637795276));
#4789=VERTEX_POINT('',#4788);
#4790=CARTESIAN_POINT('',(-0.125984251968504,0.125984251968504,0.068897637795276));
#4791=DIRECTION('',(1.0,0.0,0.0));
#4792=VECTOR('',#4791,0.00160148204846);
#4793=LINE('',#4790,#4792);
#4794=EDGE_CURVE('',#4781,#4789,#4793,.T.);
#4795=ORIENTED_EDGE('',*,*,#4794,.T.);
#4796=CARTESIAN_POINT('',(-0.120927630770283,0.125984251968504,0.066847967849626));
#4797=VERTEX_POINT('',#4796);
#4798=CARTESIAN_POINT('',(-0.124382769920044,0.125984251968504,0.06496062992126));
#4799=DIRECTION('',(0.0,1.0,0.0));
#4800=DIRECTION('',(-0.877605344039362,0.0,-0.479383833804972));
#4801=AXIS2_PLACEMENT_3D('',#4798,#4799,#4800);
#4802=CIRCLE('',#4801,0.003937007874016);
#4803=EDGE_CURVE('',#4789,#4797,#4802,.T.);
#4804=ORIENTED_EDGE('',*,*,#4803,.T.);
#4805=CARTESIAN_POINT('',(-0.088501511156712,0.125984251968504,0.007485649280272));
#4806=VERTEX_POINT('',#4805);
#4807=CARTESIAN_POINT('',(-0.120927630770283,0.125984251968504,0.066847967849626));
#4808=DIRECTION('',(0.479383833804972,0.0,-0.877605344039362));
#4809=VECTOR('',#4808,0.067641245546804);
#4810=LINE('',#4807,#4809);
#4811=EDGE_CURVE('',#4797,#4806,#4810,.T.);
#4812=ORIENTED_EDGE('',*,*,#4811,.T.);
#4813=CARTESIAN_POINT('',(-0.083159034078585,0.125984251968504,0.005917848058877));
#4814=VERTEX_POINT('',#4813);
#4815=CARTESIAN_POINT('',(-0.085046372006951,0.125984251968504,0.009372987208638));
#4816=DIRECTION('',(0.0,-1.0,0.0));
#4817=DIRECTION('',(-0.877605344039362,0.0,-0.479383833804973));
#4818=AXIS2_PLACEMENT_3D('',#4815,#4816,#4817);
#4819=CIRCLE('',#4818,0.003937007874016);
#4820=EDGE_CURVE('',#4806,#4814,#4819,.T.);
#4821=ORIENTED_EDGE('',*,*,#4820,.T.);
#4822=CARTESIAN_POINT('',(-0.06933847747954,0.125984251968504,0.013467199772341));
#4823=VERTEX_POINT('',#4822);
#4824=CARTESIAN_POINT('',(-0.083159034078585,0.125984251968504,0.005917848058877));
#4825=DIRECTION('',(0.877605344039362,0.0,0.479383833804972));
#4826=VECTOR('',#4825,0.015748031496063);
#4827=LINE('',#4824,#4826);
#4828=EDGE_CURVE('',#4814,#4823,#4827,.T.);
#4829=ORIENTED_EDGE('',*,*,#4828,.T.);
#4830=CARTESIAN_POINT('',(-0.067770676258145,0.125984251968504,0.018809676850468));
#4831=VERTEX_POINT('',#4830);
#4832=CARTESIAN_POINT('',(-0.071225815407906,0.125984251968504,0.016922338922102));
#4833=DIRECTION('',(0.0,-1.0,0.0));
#4834=DIRECTION('',(0.479383833804972,0.0,-0.877605344039362));
#4835=AXIS2_PLACEMENT_3D('',#4832,#4833,#4834);
#4836=CIRCLE('',#4835,0.003937007874016);
#4837=EDGE_CURVE('',#4823,#4831,#4836,.T.);
#4838=ORIENTED_EDGE('',*,*,#4837,.T.);
#4839=CARTESIAN_POINT('',(-0.070601683150694,0.125984251968504,0.02399238557511));
#4840=VERTEX_POINT('',#4839);
#4841=CARTESIAN_POINT('',(-0.067770676258145,0.125984251968504,0.018809676850468));
#4842=DIRECTION('',(-0.479383833804969,0.0,0.877605344039364));
#4843=VECTOR('',#4842,0.005905511811024);
#4844=LINE('',#4841,#4843);
#4845=EDGE_CURVE('',#4831,#4840,#4844,.T.);
#4846=ORIENTED_EDGE('',*,*,#4845,.T.);
#4847=CARTESIAN_POINT('',(-0.075944160228821,0.125984251968504,0.025560186796506));
#4848=VERTEX_POINT('',#4847);
#4849=CARTESIAN_POINT('',(-0.074056822300455,0.125984251968504,0.022105047646744));
#4850=DIRECTION('',(0.0,-1.0,0.0));
#4851=DIRECTION('',(0.877605344039362,0.0,0.479383833804972));
#4852=AXIS2_PLACEMENT_3D('',#4849,#4850,#4851);
#4853=CIRCLE('',#4852,0.003937007874016);
#4854=EDGE_CURVE('',#4840,#4848,#4853,.T.);
#4855=ORIENTED_EDGE('',*,*,#4854,.T.);
#4856=CARTESIAN_POINT('',(-0.076553351329304,0.125984251968504,0.025227421770343));
#4857=VERTEX_POINT('',#4856);
#4858=CARTESIAN_POINT('',(-0.075944160228821,0.125984251968504,0.025560186796506));
#4859=DIRECTION('',(-0.877605344039353,0.0,-0.479383833804989));
#4860=VECTOR('',#4859,0.000694151539323);
#4861=LINE('',#4858,#4860);
#4862=EDGE_CURVE('',#4848,#4857,#4861,.T.);
#4863=ORIENTED_EDGE('',*,*,#4862,.T.);
#4864=CARTESIAN_POINT('',(-0.081895828407431,0.125984251968504,0.026795222991739));
#4865=VERTEX_POINT('',#4864);
#4866=CARTESIAN_POINT('',(-0.07844068925767,0.125984251968504,0.028682560920105));
#4867=DIRECTION('',(0.0,1.0,0.0));
#4868=DIRECTION('',(0.877605344039362,0.0,0.479383833804972));
#4869=AXIS2_PLACEMENT_3D('',#4866,#4867,#4868);
#4870=CIRCLE('',#4869,0.003937007874016);
#4871=EDGE_CURVE('',#4857,#4865,#4870,.T.);
#4872=ORIENTED_EDGE('',*,*,#4871,.T.);
#4873=CARTESIAN_POINT('',(-0.084886106624526,0.125984251968504,0.03226950885294));
#4874=VERTEX_POINT('',#4873);
#4875=CARTESIAN_POINT('',(-0.081895828407431,0.125984251968504,0.026795222991739));
#4876=DIRECTION('',(-0.479383833804971,0.0,0.877605344039362));
#4877=VECTOR('',#4876,0.006237753562444);
#4878=LINE('',#4875,#4877);
#4879=EDGE_CURVE('',#4865,#4874,#4878,.T.);
#4880=ORIENTED_EDGE('',*,*,#4879,.T.);
#4881=CARTESIAN_POINT('',(-0.083614826515022,0.125984251968504,0.037432635341691));
#4882=VERTEX_POINT('',#4881);
#4883=CARTESIAN_POINT('',(-0.081430967474765,0.125984251968504,0.034156846781306));
#4884=DIRECTION('',(0.0,1.0,0.0));
#4885=DIRECTION('',(0.554700196225229,0.0,-0.832050294337844));
#4886=AXIS2_PLACEMENT_3D('',#4883,#4884,#4885);
#4887=CIRCLE('',#4886,0.003937007874016);
#4888=EDGE_CURVE('',#4874,#4882,#4887,.T.);
#4889=ORIENTED_EDGE('',*,*,#4888,.T.);
#4890=CARTESIAN_POINT('',(-0.083614826515022,0.125984251968504,0.037432635341691));
#4891=DIRECTION('',(0.832050294337844,0.0,0.554700196225228));
#4892=VECTOR('',#4891,0.006331792510574);
#4893=LINE('',#4890,#4892);
#4894=EDGE_CURVE('',#4882,#4697,#4893,.T.);
#4895=ORIENTED_EDGE('',*,*,#4894,.T.);
#4896=EDGE_LOOP('',(#4703,#4712,#4720,#4729,#4737,#4746,#4754,#4763,#4771,#4779,#4787,#4795,#4804,#4812,#4821,#4829,#4838,#4846,#4855,#4863,#4872,#4880,#4889,#4895));
#4897=FACE_OUTER_BOUND('',#4896,.T.);
#4898=ADVANCED_FACE('',(#4897),#4693,.T.);
#4899=CARTESIAN_POINT('',(-0.083141866097441,0.125393700787402,0.051181102362205));
#4900=DIRECTION('',(0.0,1.0,0.0));
#4901=DIRECTION('',(0.894427190999916,0.0,0.447213595499957));
#4902=AXIS2_PLACEMENT_3D('',#4899,#4900,#4901);
#4903=CYLINDRICAL_SURFACE('',#4902,0.003937007874016);
#4904=CARTESIAN_POINT('',(-0.080545794154175,0.137795275590551,0.054140906657331));
#4905=VERTEX_POINT('',#4904);
#4906=CARTESIAN_POINT('',(-0.080545794154175,0.137795275590551,0.054140906657331));
#4907=DIRECTION('',(0.0,-1.0,0.0));
#4908=VECTOR('',#4907,0.011811023622047);
#4909=LINE('',#4906,#4908);
#4910=EDGE_CURVE('',#4905,#4695,#4909,.T.);
#4911=ORIENTED_EDGE('',*,*,#4910,.F.);
#4912=CARTESIAN_POINT('',(-0.083141866097441,0.137795275590551,0.05511811023622));
#4913=VERTEX_POINT('',#4912);
#4914=CARTESIAN_POINT('',(-0.083141866097441,0.137795275590551,0.051181102362205));
#4915=DIRECTION('',(0.0,-1.0,0.0));
#4916=DIRECTION('',(0.894427190999916,0.0,0.447213595499957));
#4917=AXIS2_PLACEMENT_3D('',#4914,#4915,#4916);
#4918=CIRCLE('',#4917,0.003937007874016);
#4919=EDGE_CURVE('',#4905,#4913,#4918,.T.);
#4920=ORIENTED_EDGE('',*,*,#4919,.T.);
#4921=CARTESIAN_POINT('',(-0.083141866097441,0.137795275590551,0.05511811023622));
#4922=DIRECTION('',(0.0,-1.0,0.0));
#4923=VECTOR('',#4922,0.011811023622047);
#4924=LINE('',#4921,#4923);
#4925=EDGE_CURVE('',#4913,#4705,#4924,.T.);
#4926=ORIENTED_EDGE('',*,*,#4925,.T.);
#4927=ORIENTED_EDGE('',*,*,#4711,.F.);
#4928=EDGE_LOOP('',(#4911,#4920,#4926,#4927));
#4929=FACE_OUTER_BOUND('',#4928,.T.);
#4930=ADVANCED_FACE('',(#4929),#4903,.T.);
#4931=CARTESIAN_POINT('',(0.128918969158608,-0.125984251968504,0.082405311355973));
#4932=DIRECTION('',(0.0,1.0,0.0));
#4933=DIRECTION('',(0.0,0.0,1.0));
#4934=AXIS2_PLACEMENT_3D('',#4931,#4932,#4933);
#4935=PLANE('',#4934);
#4936=CARTESIAN_POINT('',(0.080545794154175,-0.125984251968504,0.054140906657331));
#4937=VERTEX_POINT('',#4936);
#4938=CARTESIAN_POINT('',(0.078346456692913,-0.125984251968504,0.040944881889764));
#4939=VERTEX_POINT('',#4938);
#4940=CARTESIAN_POINT('',(0.080545794154175,-0.125984251968504,0.054140906657331));
#4941=DIRECTION('',(-0.164398987305357,0.0,-0.986393923832144));
#4942=VECTOR('',#4941,0.013378047500841);
#4943=LINE('',#4940,#4942);
#4944=EDGE_CURVE('',#4937,#4939,#4943,.T.);
#4945=ORIENTED_EDGE('',*,*,#4944,.F.);
#4946=CARTESIAN_POINT('',(0.083141866097441,-0.125984251968504,0.05511811023622));
#4947=VERTEX_POINT('',#4946);
#4948=CARTESIAN_POINT('',(0.083141866097441,-0.125984251968504,0.051181102362205));
#4949=DIRECTION('',(0.0,1.0,0.0));
#4950=DIRECTION('',(-0.894427190999916,0.0,0.447213595499957));
#4951=AXIS2_PLACEMENT_3D('',#4948,#4949,#4950);
#4952=CIRCLE('',#4951,0.003937007874016);
#4953=EDGE_CURVE('',#4937,#4947,#4952,.T.);
#4954=ORIENTED_EDGE('',*,*,#4953,.T.);
#4955=CARTESIAN_POINT('',(0.090551181102362,-0.125984251968504,0.05511811023622));
#4956=VERTEX_POINT('',#4955);
#4957=CARTESIAN_POINT('',(0.083141866097441,-0.125984251968504,0.05511811023622));
#4958=DIRECTION('',(1.0,0.0,0.0));
#4959=VECTOR('',#4958,0.007409315004921);
#4960=LINE('',#4957,#4959);
#4961=EDGE_CURVE('',#4947,#4956,#4960,.T.);
#4962=ORIENTED_EDGE('',*,*,#4961,.T.);
#4963=CARTESIAN_POINT('',(0.094488188976378,-0.125984251968504,0.059055118110236));
#4964=VERTEX_POINT('',#4963);
#4965=CARTESIAN_POINT('',(0.090551181102362,-0.125984251968504,0.059055118110236));
#4966=DIRECTION('',(0.0,-1.0,0.0));
#4967=DIRECTION('',(-1.0,0.0,0.0));
#4968=AXIS2_PLACEMENT_3D('',#4965,#4966,#4967);
#4969=CIRCLE('',#4968,0.003937007874016);
#4970=EDGE_CURVE('',#4956,#4964,#4969,.T.);
#4971=ORIENTED_EDGE('',*,*,#4970,.T.);
#4972=CARTESIAN_POINT('',(0.094488188976378,-0.125984251968504,0.062992125984252));
#4973=VERTEX_POINT('',#4972);
#4974=CARTESIAN_POINT('',(0.094488188976378,-0.125984251968504,0.059055118110236));
#4975=DIRECTION('',(0.0,0.0,1.0));
#4976=VECTOR('',#4975,0.003937007874016);
#4977=LINE('',#4974,#4976);
#4978=EDGE_CURVE('',#4964,#4973,#4977,.T.);
#4979=ORIENTED_EDGE('',*,*,#4978,.T.);
#4980=CARTESIAN_POINT('',(0.090551181102362,-0.125984251968504,0.066929133858268));
#4981=VERTEX_POINT('',#4980);
#4982=CARTESIAN_POINT('',(0.090551181102362,-0.125984251968504,0.062992125984252));
#4983=DIRECTION('',(0.0,-1.0,0.0));
#4984=DIRECTION('',(0.0,0.0,-1.0));
#4985=AXIS2_PLACEMENT_3D('',#4982,#4983,#4984);
#4986=CIRCLE('',#4985,0.003937007874016);
#4987=EDGE_CURVE('',#4973,#4981,#4986,.T.);
#4988=ORIENTED_EDGE('',*,*,#4987,.T.);
#4989=CARTESIAN_POINT('',(0.086614173228346,-0.125984251968504,0.066929133858268));
#4990=VERTEX_POINT('',#4989);
#4991=CARTESIAN_POINT('',(0.090551181102362,-0.125984251968504,0.066929133858268));
#4992=DIRECTION('',(-1.0,0.0,0.0));
#4993=VECTOR('',#4992,0.003937007874016);
#4994=LINE('',#4991,#4993);
#4995=EDGE_CURVE('',#4981,#4990,#4994,.T.);
#4996=ORIENTED_EDGE('',*,*,#4995,.T.);
#4997=CARTESIAN_POINT('',(0.082677165354331,-0.125984251968504,0.070866141732283));
#4998=VERTEX_POINT('',#4997);
#4999=CARTESIAN_POINT('',(0.086614173228346,-0.125984251968504,0.070866141732283));
#5000=DIRECTION('',(0.0,1.0,0.0));
#5001=DIRECTION('',(0.0,0.0,-1.0));
#5002=AXIS2_PLACEMENT_3D('',#4999,#5000,#5001);
#5003=CIRCLE('',#5002,0.003937007874016);
#5004=EDGE_CURVE('',#4990,#4998,#5003,.T.);
#5005=ORIENTED_EDGE('',*,*,#5004,.T.);
#5006=CARTESIAN_POINT('',(0.082677165354331,-0.125984251968504,0.078740157480315));
#5007=VERTEX_POINT('',#5006);
#5008=CARTESIAN_POINT('',(0.082677165354331,-0.125984251968504,0.070866141732283));
#5009=DIRECTION('',(0.0,0.0,1.0));
#5010=VECTOR('',#5009,0.007874015748032);
#5011=LINE('',#5008,#5010);
#5012=EDGE_CURVE('',#4998,#5007,#5011,.T.);
#5013=ORIENTED_EDGE('',*,*,#5012,.T.);
#5014=CARTESIAN_POINT('',(0.125984251968504,-0.125984251968504,0.078740157480315));
#5015=VERTEX_POINT('',#5014);
#5016=CARTESIAN_POINT('',(0.125984251968504,-0.125984251968504,0.078740157480315));
#5017=DIRECTION('',(-1.0,0.0,0.0));
#5018=VECTOR('',#5017,0.043307086614173);
#5019=LINE('',#5016,#5018);
#5020=EDGE_CURVE('',#5015,#5007,#5019,.T.);
#5021=ORIENTED_EDGE('',*,*,#5020,.F.);
#5022=CARTESIAN_POINT('',(0.125984251968504,-0.125984251968504,0.068897637795276));
#5023=VERTEX_POINT('',#5022);
#5024=CARTESIAN_POINT('',(0.125984251968504,-0.125984251968504,0.078740157480315));
#5025=DIRECTION('',(0.0,0.0,-1.0));
#5026=VECTOR('',#5025,0.009842519685039);
#5027=LINE('',#5024,#5026);
#5028=EDGE_CURVE('',#5015,#5023,#5027,.T.);
#5029=ORIENTED_EDGE('',*,*,#5028,.T.);
#5030=CARTESIAN_POINT('',(0.124382769920044,-0.125984251968504,0.068897637795276));
#5031=VERTEX_POINT('',#5030);
#5032=CARTESIAN_POINT('',(0.125984251968504,-0.125984251968504,0.068897637795276));
#5033=DIRECTION('',(-1.0,0.0,0.0));
#5034=VECTOR('',#5033,0.00160148204846);
#5035=LINE('',#5032,#5034);
#5036=EDGE_CURVE('',#5023,#5031,#5035,.T.);
#5037=ORIENTED_EDGE('',*,*,#5036,.T.);
#5038=CARTESIAN_POINT('',(0.120927630770283,-0.125984251968504,0.066847967849626));
#5039=VERTEX_POINT('',#5038);
#5040=CARTESIAN_POINT('',(0.124382769920044,-0.125984251968504,0.06496062992126));
#5041=DIRECTION('',(0.0,-1.0,0.0));
#5042=DIRECTION('',(0.877605344039362,0.0,-0.479383833804972));
#5043=AXIS2_PLACEMENT_3D('',#5040,#5041,#5042);
#5044=CIRCLE('',#5043,0.003937007874016);
#5045=EDGE_CURVE('',#5031,#5039,#5044,.T.);
#5046=ORIENTED_EDGE('',*,*,#5045,.T.);
#5047=CARTESIAN_POINT('',(0.088501511156713,-0.125984251968504,0.007485649280272));
#5048=VERTEX_POINT('',#5047);
#5049=CARTESIAN_POINT('',(0.120927630770283,-0.125984251968504,0.066847967849626));
#5050=DIRECTION('',(-0.479383833804972,0.0,-0.877605344039362));
#5051=VECTOR('',#5050,0.067641245546804);
#5052=LINE('',#5049,#5051);
#5053=EDGE_CURVE('',#5039,#5048,#5052,.T.);
#5054=ORIENTED_EDGE('',*,*,#5053,.T.);
#5055=CARTESIAN_POINT('',(0.083159034078585,-0.125984251968504,0.005917848058877));
#5056=VERTEX_POINT('',#5055);
#5057=CARTESIAN_POINT('',(0.085046372006951,-0.125984251968504,0.009372987208638));
#5058=DIRECTION('',(0.0,1.0,0.0));
#5059=DIRECTION('',(0.877605344039362,0.0,-0.479383833804973));
#5060=AXIS2_PLACEMENT_3D('',#5057,#5058,#5059);
#5061=CIRCLE('',#5060,0.003937007874016);
#5062=EDGE_CURVE('',#5048,#5056,#5061,.T.);
#5063=ORIENTED_EDGE('',*,*,#5062,.T.);
#5064=CARTESIAN_POINT('',(0.06933847747954,-0.125984251968504,0.013467199772341));
#5065=VERTEX_POINT('',#5064);
#5066=CARTESIAN_POINT('',(0.083159034078585,-0.125984251968504,0.005917848058877));
#5067=DIRECTION('',(-0.877605344039362,0.0,0.479383833804972));
#5068=VECTOR('',#5067,0.015748031496063);
#5069=LINE('',#5066,#5068);
#5070=EDGE_CURVE('',#5056,#5065,#5069,.T.);
#5071=ORIENTED_EDGE('',*,*,#5070,.T.);
#5072=CARTESIAN_POINT('',(0.067770676258145,-0.125984251968504,0.018809676850468));
#5073=VERTEX_POINT('',#5072);
#5074=CARTESIAN_POINT('',(0.071225815407906,-0.125984251968504,0.016922338922102));
#5075=DIRECTION('',(0.0,1.0,0.0));
#5076=DIRECTION('',(-0.479383833804972,0.0,-0.877605344039362));
#5077=AXIS2_PLACEMENT_3D('',#5074,#5075,#5076);
#5078=CIRCLE('',#5077,0.003937007874016);
#5079=EDGE_CURVE('',#5065,#5073,#5078,.T.);
#5080=ORIENTED_EDGE('',*,*,#5079,.T.);
#5081=CARTESIAN_POINT('',(0.070601683150694,-0.125984251968504,0.02399238557511));
#5082=VERTEX_POINT('',#5081);
#5083=CARTESIAN_POINT('',(0.067770676258145,-0.125984251968504,0.018809676850468));
#5084=DIRECTION('',(0.479383833804969,0.0,0.877605344039364));
#5085=VECTOR('',#5084,0.005905511811024);
#5086=LINE('',#5083,#5085);
#5087=EDGE_CURVE('',#5073,#5082,#5086,.T.);
#5088=ORIENTED_EDGE('',*,*,#5087,.T.);
#5089=CARTESIAN_POINT('',(0.075944160228821,-0.125984251968504,0.025560186796506));
#5090=VERTEX_POINT('',#5089);
#5091=CARTESIAN_POINT('',(0.074056822300455,-0.125984251968504,0.022105047646744));
#5092=DIRECTION('',(0.0,1.0,0.0));
#5093=DIRECTION('',(-0.877605344039362,0.0,0.479383833804972));
#5094=AXIS2_PLACEMENT_3D('',#5091,#5092,#5093);
#5095=CIRCLE('',#5094,0.003937007874016);
#5096=EDGE_CURVE('',#5082,#5090,#5095,.T.);
#5097=ORIENTED_EDGE('',*,*,#5096,.T.);
#5098=CARTESIAN_POINT('',(0.076553351329304,-0.125984251968504,0.025227421770343));
#5099=VERTEX_POINT('',#5098);
#5100=CARTESIAN_POINT('',(0.075944160228821,-0.125984251968504,0.025560186796506));
#5101=DIRECTION('',(0.877605344039353,0.0,-0.479383833804989));
#5102=VECTOR('',#5101,0.000694151539323);
#5103=LINE('',#5100,#5102);
#5104=EDGE_CURVE('',#5090,#5099,#5103,.T.);
#5105=ORIENTED_EDGE('',*,*,#5104,.T.);
#5106=CARTESIAN_POINT('',(0.081895828407431,-0.125984251968504,0.026795222991739));
#5107=VERTEX_POINT('',#5106);
#5108=CARTESIAN_POINT('',(0.07844068925767,-0.125984251968504,0.028682560920105));
#5109=DIRECTION('',(0.0,-1.0,0.0));
#5110=DIRECTION('',(-0.877605344039362,0.0,0.479383833804972));
#5111=AXIS2_PLACEMENT_3D('',#5108,#5109,#5110);
#5112=CIRCLE('',#5111,0.003937007874016);
#5113=EDGE_CURVE('',#5099,#5107,#5112,.T.);
#5114=ORIENTED_EDGE('',*,*,#5113,.T.);
#5115=CARTESIAN_POINT('',(0.084886106624527,-0.125984251968504,0.03226950885294));
#5116=VERTEX_POINT('',#5115);
#5117=CARTESIAN_POINT('',(0.081895828407431,-0.125984251968504,0.026795222991739));
#5118=DIRECTION('',(0.479383833804971,0.0,0.877605344039362));
#5119=VECTOR('',#5118,0.006237753562444);
#5120=LINE('',#5117,#5119);
#5121=EDGE_CURVE('',#5107,#5116,#5120,.T.);
#5122=ORIENTED_EDGE('',*,*,#5121,.T.);
#5123=CARTESIAN_POINT('',(0.083614826515022,-0.125984251968504,0.037432635341691));
#5124=VERTEX_POINT('',#5123);
#5125=CARTESIAN_POINT('',(0.081430967474765,-0.125984251968504,0.034156846781306));
#5126=DIRECTION('',(0.0,-1.0,0.0));
#5127=DIRECTION('',(-0.554700196225229,0.0,-0.832050294337844));
#5128=AXIS2_PLACEMENT_3D('',#5125,#5126,#5127);
#5129=CIRCLE('',#5128,0.003937007874016);
#5130=EDGE_CURVE('',#5116,#5124,#5129,.T.);
#5131=ORIENTED_EDGE('',*,*,#5130,.T.);
#5132=CARTESIAN_POINT('',(0.083614826515022,-0.125984251968504,0.037432635341691));
#5133=DIRECTION('',(-0.832050294337844,0.0,0.554700196225228));
#5134=VECTOR('',#5133,0.006331792510574);
#5135=LINE('',#5132,#5134);
#5136=EDGE_CURVE('',#5124,#4939,#5135,.T.);
#5137=ORIENTED_EDGE('',*,*,#5136,.T.);
#5138=EDGE_LOOP('',(#4945,#4954,#4962,#4971,#4979,#4988,#4996,#5005,#5013,#5021,#5029,#5037,#5046,#5054,#5063,#5071,#5080,#5088,#5097,#5105,#5114,#5122,#5131,#5137));
#5139=FACE_OUTER_BOUND('',#5138,.T.);
#5140=ADVANCED_FACE('',(#5139),#4935,.T.);
#5141=CARTESIAN_POINT('',(0.083141866097441,-0.125393700787402,0.051181102362205));
#5142=DIRECTION('',(0.0,-1.0,0.0));
#5143=DIRECTION('',(-0.894427190999916,0.0,0.447213595499957));
#5144=AXIS2_PLACEMENT_3D('',#5141,#5142,#5143);
#5145=CYLINDRICAL_SURFACE('',#5144,0.003937007874016);
#5146=CARTESIAN_POINT('',(0.080545794154175,-0.137795275590551,0.054140906657331));
#5147=VERTEX_POINT('',#5146);
#5148=CARTESIAN_POINT('',(0.080545794154175,-0.137795275590551,0.054140906657331));
#5149=DIRECTION('',(0.0,1.0,0.0));
#5150=VECTOR('',#5149,0.011811023622047);
#5151=LINE('',#5148,#5150);
#5152=EDGE_CURVE('',#5147,#4937,#5151,.T.);
#5153=ORIENTED_EDGE('',*,*,#5152,.F.);
#5154=CARTESIAN_POINT('',(0.083141866097441,-0.137795275590551,0.05511811023622));
#5155=VERTEX_POINT('',#5154);
#5156=CARTESIAN_POINT('',(0.083141866097441,-0.137795275590551,0.051181102362205));
#5157=DIRECTION('',(0.0,1.0,0.0));
#5158=DIRECTION('',(-0.894427190999916,0.0,0.447213595499957));
#5159=AXIS2_PLACEMENT_3D('',#5156,#5157,#5158);
#5160=CIRCLE('',#5159,0.003937007874016);
#5161=EDGE_CURVE('',#5147,#5155,#5160,.T.);
#5162=ORIENTED_EDGE('',*,*,#5161,.T.);
#5163=CARTESIAN_POINT('',(0.083141866097441,-0.137795275590551,0.05511811023622));
#5164=DIRECTION('',(0.0,1.0,0.0));
#5165=VECTOR('',#5164,0.011811023622047);
#5166=LINE('',#5163,#5165);
#5167=EDGE_CURVE('',#5155,#4947,#5166,.T.);
#5168=ORIENTED_EDGE('',*,*,#5167,.T.);
#5169=ORIENTED_EDGE('',*,*,#4953,.F.);
#5170=EDGE_LOOP('',(#5153,#5162,#5168,#5169));
#5171=FACE_OUTER_BOUND('',#5170,.T.);
#5172=ADVANCED_FACE('',(#5171),#5145,.T.);
#5173=CARTESIAN_POINT('',(-0.064355190976315,-0.137795275590551,0.001181374910391));
#5174=DIRECTION('',(0.0,-1.0,0.0));
#5175=DIRECTION('',(0.0,0.0,-1.0));
#5176=AXIS2_PLACEMENT_3D('',#5173,#5174,#5175);
#5177=PLANE('',#5176);
#5178=CARTESIAN_POINT('',(-0.080545794154175,-0.137795275590551,0.054140906657331));
#5179=VERTEX_POINT('',#5178);
#5180=CARTESIAN_POINT('',(-0.078346456692913,-0.137795275590551,0.040944881889764));
#5181=VERTEX_POINT('',#5180);
#5182=CARTESIAN_POINT('',(-0.080545794154175,-0.137795275590551,0.054140906657331));
#5183=DIRECTION('',(0.164398987305358,0.0,-0.986393923832144));
#5184=VECTOR('',#5183,0.013378047500841);
#5185=LINE('',#5182,#5184);
#5186=EDGE_CURVE('',#5179,#5181,#5185,.T.);
#5187=ORIENTED_EDGE('',*,*,#5186,.F.);
#5188=CARTESIAN_POINT('',(-0.083141866097441,-0.137795275590551,0.05511811023622));
#5189=VERTEX_POINT('',#5188);
#5190=CARTESIAN_POINT('',(-0.083141866097441,-0.137795275590551,0.051181102362205));
#5191=DIRECTION('',(0.0,-1.0,0.0));
#5192=DIRECTION('',(0.894427190999916,0.0,0.447213595499957));
#5193=AXIS2_PLACEMENT_3D('',#5190,#5191,#5192);
#5194=CIRCLE('',#5193,0.003937007874016);
#5195=EDGE_CURVE('',#5179,#5189,#5194,.T.);
#5196=ORIENTED_EDGE('',*,*,#5195,.T.);
#5197=CARTESIAN_POINT('',(-0.090551181102362,-0.137795275590551,0.05511811023622));
#5198=VERTEX_POINT('',#5197);
#5199=CARTESIAN_POINT('',(-0.083141866097441,-0.137795275590551,0.05511811023622));
#5200=DIRECTION('',(-1.0,0.0,0.0));
#5201=VECTOR('',#5200,0.007409315004921);
#5202=LINE('',#5199,#5201);
#5203=EDGE_CURVE('',#5189,#5198,#5202,.T.);
#5204=ORIENTED_EDGE('',*,*,#5203,.T.);
#5205=CARTESIAN_POINT('',(-0.094488188976378,-0.137795275590551,0.059055118110236));
#5206=VERTEX_POINT('',#5205);
#5207=CARTESIAN_POINT('',(-0.090551181102362,-0.137795275590551,0.059055118110236));
#5208=DIRECTION('',(0.0,1.0,0.0));
#5209=DIRECTION('',(1.0,0.0,0.0));
#5210=AXIS2_PLACEMENT_3D('',#5207,#5208,#5209);
#5211=CIRCLE('',#5210,0.003937007874016);
#5212=EDGE_CURVE('',#5198,#5206,#5211,.T.);
#5213=ORIENTED_EDGE('',*,*,#5212,.T.);
#5214=CARTESIAN_POINT('',(-0.094488188976378,-0.137795275590551,0.062992125984252));
#5215=VERTEX_POINT('',#5214);
#5216=CARTESIAN_POINT('',(-0.094488188976378,-0.137795275590551,0.059055118110236));
#5217=DIRECTION('',(0.0,0.0,1.0));
#5218=VECTOR('',#5217,0.003937007874016);
#5219=LINE('',#5216,#5218);
#5220=EDGE_CURVE('',#5206,#5215,#5219,.T.);
#5221=ORIENTED_EDGE('',*,*,#5220,.T.);
#5222=CARTESIAN_POINT('',(-0.090551181102362,-0.137795275590551,0.066929133858268));
#5223=VERTEX_POINT('',#5222);
#5224=CARTESIAN_POINT('',(-0.090551181102362,-0.137795275590551,0.062992125984252));
#5225=DIRECTION('',(0.0,1.0,0.0));
#5226=DIRECTION('',(0.0,0.0,-1.0));
#5227=AXIS2_PLACEMENT_3D('',#5224,#5225,#5226);
#5228=CIRCLE('',#5227,0.003937007874016);
#5229=EDGE_CURVE('',#5215,#5223,#5228,.T.);
#5230=ORIENTED_EDGE('',*,*,#5229,.T.);
#5231=CARTESIAN_POINT('',(-0.086614173228346,-0.137795275590551,0.066929133858268));
#5232=VERTEX_POINT('',#5231);
#5233=CARTESIAN_POINT('',(-0.090551181102362,-0.137795275590551,0.066929133858268));
#5234=DIRECTION('',(1.0,0.0,0.0));
#5235=VECTOR('',#5234,0.003937007874016);
#5236=LINE('',#5233,#5235);
#5237=EDGE_CURVE('',#5223,#5232,#5236,.T.);
#5238=ORIENTED_EDGE('',*,*,#5237,.T.);
#5239=CARTESIAN_POINT('',(-0.082677165354331,-0.137795275590551,0.070866141732283));
#5240=VERTEX_POINT('',#5239);
#5241=CARTESIAN_POINT('',(-0.086614173228346,-0.137795275590551,0.070866141732283));
#5242=DIRECTION('',(0.0,-1.0,0.0));
#5243=DIRECTION('',(0.0,0.0,-1.0));
#5244=AXIS2_PLACEMENT_3D('',#5241,#5242,#5243);
#5245=CIRCLE('',#5244,0.003937007874016);
#5246=EDGE_CURVE('',#5232,#5240,#5245,.T.);
#5247=ORIENTED_EDGE('',*,*,#5246,.T.);
#5248=CARTESIAN_POINT('',(-0.082677165354331,-0.137795275590551,0.070866141732283));
#5249=DIRECTION('',(0.0,0.0,1.0));
#5250=VECTOR('',#5249,0.019685039370079);
#5251=LINE('',#5248,#5250);
#5252=EDGE_CURVE('',#5240,#753,#5251,.T.);
#5253=ORIENTED_EDGE('',*,*,#5252,.T.);
#5254=ORIENTED_EDGE('',*,*,#758,.T.);
#5255=CARTESIAN_POINT('',(-0.125984251968504,-0.137795275590551,0.068897637795276));
#5256=VERTEX_POINT('',#5255);
#5257=CARTESIAN_POINT('',(-0.125984251968504,-0.137795275590551,0.068897637795276));
#5258=DIRECTION('',(0.0,0.0,1.0));
#5259=VECTOR('',#5258,0.021653543307086);
#5260=LINE('',#5257,#5259);
#5261=EDGE_CURVE('',#5256,#745,#5260,.T.);
#5262=ORIENTED_EDGE('',*,*,#5261,.F.);
#5263=CARTESIAN_POINT('',(-0.124382769920044,-0.137795275590551,0.068897637795276));
#5264=VERTEX_POINT('',#5263);
#5265=CARTESIAN_POINT('',(-0.125984251968504,-0.137795275590551,0.068897637795276));
#5266=DIRECTION('',(1.0,0.0,0.0));
#5267=VECTOR('',#5266,0.00160148204846);
#5268=LINE('',#5265,#5267);
#5269=EDGE_CURVE('',#5256,#5264,#5268,.T.);
#5270=ORIENTED_EDGE('',*,*,#5269,.T.);
#5271=CARTESIAN_POINT('',(-0.120927630770283,-0.137795275590551,0.066847967849626));
#5272=VERTEX_POINT('',#5271);
#5273=CARTESIAN_POINT('',(-0.124382769920044,-0.137795275590551,0.06496062992126));
#5274=DIRECTION('',(0.0,1.0,0.0));
#5275=DIRECTION('',(-0.877605344039362,0.0,-0.479383833804972));
#5276=AXIS2_PLACEMENT_3D('',#5273,#5274,#5275);
#5277=CIRCLE('',#5276,0.003937007874016);
#5278=EDGE_CURVE('',#5264,#5272,#5277,.T.);
#5279=ORIENTED_EDGE('',*,*,#5278,.T.);
#5280=CARTESIAN_POINT('',(-0.088501511156712,-0.137795275590551,0.007485649280272));
#5281=VERTEX_POINT('',#5280);
#5282=CARTESIAN_POINT('',(-0.120927630770283,-0.137795275590551,0.066847967849626));
#5283=DIRECTION('',(0.479383833804972,0.0,-0.877605344039362));
#5284=VECTOR('',#5283,0.067641245546804);
#5285=LINE('',#5282,#5284);
#5286=EDGE_CURVE('',#5272,#5281,#5285,.T.);
#5287=ORIENTED_EDGE('',*,*,#5286,.T.);
#5288=CARTESIAN_POINT('',(-0.083159034078585,-0.137795275590551,0.005917848058877));
#5289=VERTEX_POINT('',#5288);
#5290=CARTESIAN_POINT('',(-0.085046372006951,-0.137795275590551,0.009372987208638));
#5291=DIRECTION('',(0.0,-1.0,0.0));
#5292=DIRECTION('',(-0.877605344039362,0.0,-0.479383833804973));
#5293=AXIS2_PLACEMENT_3D('',#5290,#5291,#5292);
#5294=CIRCLE('',#5293,0.003937007874016);
#5295=EDGE_CURVE('',#5281,#5289,#5294,.T.);
#5296=ORIENTED_EDGE('',*,*,#5295,.T.);
#5297=CARTESIAN_POINT('',(-0.06933847747954,-0.137795275590551,0.013467199772341));
#5298=VERTEX_POINT('',#5297);
#5299=CARTESIAN_POINT('',(-0.083159034078585,-0.137795275590551,0.005917848058877));
#5300=DIRECTION('',(0.877605344039362,0.0,0.479383833804972));
#5301=VECTOR('',#5300,0.015748031496063);
#5302=LINE('',#5299,#5301);
#5303=EDGE_CURVE('',#5289,#5298,#5302,.T.);
#5304=ORIENTED_EDGE('',*,*,#5303,.T.);
#5305=CARTESIAN_POINT('',(-0.067770676258145,-0.137795275590551,0.018809676850468));
#5306=VERTEX_POINT('',#5305);
#5307=CARTESIAN_POINT('',(-0.071225815407906,-0.137795275590551,0.016922338922102));
#5308=DIRECTION('',(0.0,-1.0,0.0));
#5309=DIRECTION('',(0.479383833804972,0.0,-0.877605344039362));
#5310=AXIS2_PLACEMENT_3D('',#5307,#5308,#5309);
#5311=CIRCLE('',#5310,0.003937007874016);
#5312=EDGE_CURVE('',#5298,#5306,#5311,.T.);
#5313=ORIENTED_EDGE('',*,*,#5312,.T.);
#5314=CARTESIAN_POINT('',(-0.070601683150694,-0.137795275590551,0.02399238557511));
#5315=VERTEX_POINT('',#5314);
#5316=CARTESIAN_POINT('',(-0.067770676258145,-0.137795275590551,0.018809676850468));
#5317=DIRECTION('',(-0.479383833804969,0.0,0.877605344039364));
#5318=VECTOR('',#5317,0.005905511811024);
#5319=LINE('',#5316,#5318);
#5320=EDGE_CURVE('',#5306,#5315,#5319,.T.);
#5321=ORIENTED_EDGE('',*,*,#5320,.T.);
#5322=CARTESIAN_POINT('',(-0.075944160228821,-0.137795275590551,0.025560186796506));
#5323=VERTEX_POINT('',#5322);
#5324=CARTESIAN_POINT('',(-0.074056822300455,-0.137795275590551,0.022105047646744));
#5325=DIRECTION('',(0.0,-1.0,0.0));
#5326=DIRECTION('',(0.877605344039362,0.0,0.479383833804972));
#5327=AXIS2_PLACEMENT_3D('',#5324,#5325,#5326);
#5328=CIRCLE('',#5327,0.003937007874016);
#5329=EDGE_CURVE('',#5315,#5323,#5328,.T.);
#5330=ORIENTED_EDGE('',*,*,#5329,.T.);
#5331=CARTESIAN_POINT('',(-0.076553351329304,-0.137795275590551,0.025227421770343));
#5332=VERTEX_POINT('',#5331);
#5333=CARTESIAN_POINT('',(-0.075944160228821,-0.137795275590551,0.025560186796506));
#5334=DIRECTION('',(-0.877605344039353,0.0,-0.479383833804989));
#5335=VECTOR('',#5334,0.000694151539323);
#5336=LINE('',#5333,#5335);
#5337=EDGE_CURVE('',#5323,#5332,#5336,.T.);
#5338=ORIENTED_EDGE('',*,*,#5337,.T.);
#5339=CARTESIAN_POINT('',(-0.081895828407431,-0.137795275590551,0.026795222991739));
#5340=VERTEX_POINT('',#5339);
#5341=CARTESIAN_POINT('',(-0.07844068925767,-0.137795275590551,0.028682560920105));
#5342=DIRECTION('',(0.0,1.0,0.0));
#5343=DIRECTION('',(0.877605344039362,0.0,0.479383833804972));
#5344=AXIS2_PLACEMENT_3D('',#5341,#5342,#5343);
#5345=CIRCLE('',#5344,0.003937007874016);
#5346=EDGE_CURVE('',#5332,#5340,#5345,.T.);
#5347=ORIENTED_EDGE('',*,*,#5346,.T.);
#5348=CARTESIAN_POINT('',(-0.084886106624526,-0.137795275590551,0.03226950885294));
#5349=VERTEX_POINT('',#5348);
#5350=CARTESIAN_POINT('',(-0.081895828407431,-0.137795275590551,0.026795222991739));
#5351=DIRECTION('',(-0.479383833804971,0.0,0.877605344039362));
#5352=VECTOR('',#5351,0.006237753562444);
#5353=LINE('',#5350,#5352);
#5354=EDGE_CURVE('',#5340,#5349,#5353,.T.);
#5355=ORIENTED_EDGE('',*,*,#5354,.T.);
#5356=CARTESIAN_POINT('',(-0.083614826515022,-0.137795275590551,0.037432635341691));
#5357=VERTEX_POINT('',#5356);
#5358=CARTESIAN_POINT('',(-0.081430967474765,-0.137795275590551,0.034156846781306));
#5359=DIRECTION('',(0.0,1.0,0.0));
#5360=DIRECTION('',(0.554700196225229,0.0,-0.832050294337844));
#5361=AXIS2_PLACEMENT_3D('',#5358,#5359,#5360);
#5362=CIRCLE('',#5361,0.003937007874016);
#5363=EDGE_CURVE('',#5349,#5357,#5362,.T.);
#5364=ORIENTED_EDGE('',*,*,#5363,.T.);
#5365=CARTESIAN_POINT('',(-0.083614826515022,-0.137795275590551,0.037432635341691));
#5366=DIRECTION('',(0.832050294337844,0.0,0.554700196225228));
#5367=VECTOR('',#5366,0.006331792510574);
#5368=LINE('',#5365,#5367);
#5369=EDGE_CURVE('',#5357,#5181,#5368,.T.);
#5370=ORIENTED_EDGE('',*,*,#5369,.T.);
#5371=EDGE_LOOP('',(#5187,#5196,#5204,#5213,#5221,#5230,#5238,#5247,#5253,#5254,#5262,#5270,#5279,#5287,#5296,#5304,#5313,#5321,#5330,#5338,#5347,#5355,#5364,#5370));
#5372=FACE_OUTER_BOUND('',#5371,.T.);
#5373=ADVANCED_FACE('',(#5372),#5177,.T.);
#5374=CARTESIAN_POINT('',(-0.083141866097441,-0.138385826771653,0.051181102362205));
#5375=DIRECTION('',(0.0,1.0,0.0));
#5376=DIRECTION('',(0.894427190999916,0.0,0.447213595499957));
#5377=AXIS2_PLACEMENT_3D('',#5374,#5375,#5376);
#5378=CYLINDRICAL_SURFACE('',#5377,0.003937007874016);
#5379=CARTESIAN_POINT('',(-0.080545794154175,-0.125984251968504,0.054140906657331));
#5380=VERTEX_POINT('',#5379);
#5381=CARTESIAN_POINT('',(-0.080545794154175,-0.125984251968504,0.054140906657331));
#5382=DIRECTION('',(0.0,-1.0,0.0));
#5383=VECTOR('',#5382,0.011811023622047);
#5384=LINE('',#5381,#5383);
#5385=EDGE_CURVE('',#5380,#5179,#5384,.T.);
#5386=ORIENTED_EDGE('',*,*,#5385,.F.);
#5387=CARTESIAN_POINT('',(-0.083141866097441,-0.125984251968504,0.05511811023622));
#5388=VERTEX_POINT('',#5387);
#5389=CARTESIAN_POINT('',(-0.083141866097441,-0.125984251968504,0.051181102362205));
#5390=DIRECTION('',(0.0,-1.0,0.0));
#5391=DIRECTION('',(0.894427190999916,0.0,0.447213595499957));
#5392=AXIS2_PLACEMENT_3D('',#5389,#5390,#5391);
#5393=CIRCLE('',#5392,0.003937007874016);
#5394=EDGE_CURVE('',#5380,#5388,#5393,.T.);
#5395=ORIENTED_EDGE('',*,*,#5394,.T.);
#5396=CARTESIAN_POINT('',(-0.083141866097441,-0.137795275590551,0.05511811023622));
#5397=DIRECTION('',(0.0,1.0,0.0));
#5398=VECTOR('',#5397,0.011811023622047);
#5399=LINE('',#5396,#5398);
#5400=EDGE_CURVE('',#5189,#5388,#5399,.T.);
#5401=ORIENTED_EDGE('',*,*,#5400,.F.);
#5402=ORIENTED_EDGE('',*,*,#5195,.F.);
#5403=EDGE_LOOP('',(#5386,#5395,#5401,#5402));
#5404=FACE_OUTER_BOUND('',#5403,.T.);
#5405=ADVANCED_FACE('',(#5404),#5378,.T.);
#5406=CARTESIAN_POINT('',(-0.068110236220472,0.132874015748032,0.078740157480315));
#5407=DIRECTION('',(0.0,0.0,1.0));
#5408=DIRECTION('',(1.0,0.0,0.0));
#5409=AXIS2_PLACEMENT_3D('',#5406,#5407,#5408);
#5410=PLANE('',#5409);
#5411=CARTESIAN_POINT('',(-0.070866141732283,0.125984251968504,0.078740157480315));
#5412=VERTEX_POINT('',#5411);
#5413=CARTESIAN_POINT('',(-0.070866141732283,0.124015748031496,0.078740157480315));
#5414=VERTEX_POINT('',#5413);
#5415=CARTESIAN_POINT('',(-0.070866141732283,0.125984251968504,0.078740157480315));
#5416=DIRECTION('',(0.0,-1.0,0.0));
#5417=VECTOR('',#5416,0.001968503937008);
#5418=LINE('',#5415,#5417);
#5419=EDGE_CURVE('',#5412,#5414,#5418,.T.);
#5420=ORIENTED_EDGE('',*,*,#5419,.T.);
#5421=CARTESIAN_POINT('',(-0.124015748031496,0.124015748031496,0.078740157480315));
#5422=VERTEX_POINT('',#5421);
#5423=CARTESIAN_POINT('',(-0.070866141732283,0.124015748031496,0.078740157480315));
#5424=DIRECTION('',(-1.0,0.0,0.0));
#5425=VECTOR('',#5424,0.053149606299213);
#5426=LINE('',#5423,#5425);
#5427=EDGE_CURVE('',#5414,#5422,#5426,.T.);
#5428=ORIENTED_EDGE('',*,*,#5427,.T.);
#5429=CARTESIAN_POINT('',(-0.124015748031496,0.070866141732283,0.078740157480315));
#5430=VERTEX_POINT('',#5429);
#5431=CARTESIAN_POINT('',(-0.124015748031496,0.124015748031496,0.078740157480315));
#5432=DIRECTION('',(0.0,-1.0,0.0));
#5433=VECTOR('',#5432,0.053149606299213);
#5434=LINE('',#5431,#5433);
#5435=EDGE_CURVE('',#5422,#5430,#5434,.T.);
#5436=ORIENTED_EDGE('',*,*,#5435,.T.);
#5437=CARTESIAN_POINT('',(-0.125984251968504,0.070866141732283,0.078740157480315));
#5438=VERTEX_POINT('',#5437);
#5439=CARTESIAN_POINT('',(-0.124015748031496,0.070866141732283,0.078740157480315));
#5440=DIRECTION('',(-1.0,0.0,0.0));
#5441=VECTOR('',#5440,0.001968503937008);
#5442=LINE('',#5439,#5441);
#5443=EDGE_CURVE('',#5430,#5438,#5442,.T.);
#5444=ORIENTED_EDGE('',*,*,#5443,.T.);
#5445=CARTESIAN_POINT('',(-0.125984251968504,0.125984251968504,0.078740157480315));
#5446=DIRECTION('',(0.0,-1.0,0.0));
#5447=VECTOR('',#5446,0.055118110236221);
#5448=LINE('',#5445,#5447);
#5449=EDGE_CURVE('',#4773,#5438,#5448,.T.);
#5450=ORIENTED_EDGE('',*,*,#5449,.F.);
#5451=ORIENTED_EDGE('',*,*,#4778,.T.);
#5452=CARTESIAN_POINT('',(-0.082677165354331,0.12992125984252,0.078740157480315));
#5453=VERTEX_POINT('',#5452);
#5454=CARTESIAN_POINT('',(-0.082677165354331,0.12992125984252,0.078740157480315));
#5455=DIRECTION('',(0.0,-1.0,0.0));
#5456=VECTOR('',#5455,0.003937007874016);
#5457=LINE('',#5454,#5456);
#5458=EDGE_CURVE('',#5453,#4765,#5457,.T.);
#5459=ORIENTED_EDGE('',*,*,#5458,.F.);
#5460=CARTESIAN_POINT('',(-0.078740157480315,0.125984251968504,0.078740157480315));
#5461=VERTEX_POINT('',#5460);
#5462=CARTESIAN_POINT('',(-0.078740157480315,0.12992125984252,0.078740157480315));
#5463=DIRECTION('',(0.0,0.0,1.0));
#5464=DIRECTION('',(-0.707106781186549,-0.707106781186546,0.0));
#5465=AXIS2_PLACEMENT_3D('',#5462,#5463,#5464);
#5466=CIRCLE('',#5465,0.003937007874016);
#5467=EDGE_CURVE('',#5453,#5461,#5466,.T.);
#5468=ORIENTED_EDGE('',*,*,#5467,.T.);
#5469=CARTESIAN_POINT('',(-0.070866141732283,0.125984251968504,0.078740157480315));
#5470=DIRECTION('',(-1.0,0.0,0.0));
#5471=VECTOR('',#5470,0.007874015748032);
#5472=LINE('',#5469,#5471);
#5473=EDGE_CURVE('',#5412,#5461,#5472,.T.);
#5474=ORIENTED_EDGE('',*,*,#5473,.F.);
#5475=EDGE_LOOP('',(#5420,#5428,#5436,#5444,#5450,#5451,#5459,#5468,#5474));
#5476=FACE_OUTER_BOUND('',#5475,.T.);
#5477=ADVANCED_FACE('',(#5476),#5410,.F.);
#5478=CARTESIAN_POINT('',(0.070157480314961,0.145866141732284,0.078740157480315));
#5479=DIRECTION('',(0.0,0.0,1.0));
#5480=DIRECTION('',(1.0,0.0,0.0));
#5481=AXIS2_PLACEMENT_3D('',#5478,#5479,#5480);
#5482=PLANE('',#5481);
#5483=CARTESIAN_POINT('',(0.063779527559055,0.141732283464567,0.078740157480315));
#5484=DIRECTION('',(-1.0,0.0,0.0));
#5485=VECTOR('',#5484,0.12755905511811);
#5486=LINE('',#5483,#5485);
#5487=EDGE_CURVE('',#4294,#4185,#5486,.T.);
#5488=ORIENTED_EDGE('',*,*,#5487,.T.);
#5489=ORIENTED_EDGE('',*,*,#4190,.F.);
#5490=ORIENTED_EDGE('',*,*,#4272,.F.);
#5491=ORIENTED_EDGE('',*,*,#4305,.F.);
#5492=EDGE_LOOP('',(#5488,#5489,#5490,#5491));
#5493=FACE_OUTER_BOUND('',#5492,.T.);
#5494=ADVANCED_FACE('',(#5493),#5482,.F.);
#5495=CARTESIAN_POINT('',(-0.141535433070866,0.06496062992126,0.078740157480315));
#5496=DIRECTION('',(0.0,0.0,1.0));
#5497=DIRECTION('',(1.0,0.0,0.0));
#5498=AXIS2_PLACEMENT_3D('',#5495,#5496,#5497);
#5499=PLANE('',#5498);
#5500=CARTESIAN_POINT('',(-0.141732283464567,0.059055118110236,0.078740157480315));
#5501=VERTEX_POINT('',#5500);
#5502=CARTESIAN_POINT('',(-0.141732283464567,-0.059055118110236,0.078740157480315));
#5503=VERTEX_POINT('',#5502);
#5504=CARTESIAN_POINT('',(-0.141732283464567,0.059055118110236,0.078740157480315));
#5505=DIRECTION('',(0.0,-1.0,0.0));
#5506=VECTOR('',#5505,0.118110236220472);
#5507=LINE('',#5504,#5506);
#5508=EDGE_CURVE('',#5501,#5503,#5507,.T.);
#5509=ORIENTED_EDGE('',*,*,#5508,.T.);
#5510=CARTESIAN_POINT('',(-0.145669291338583,-0.059055118110236,0.078740157480315));
#5511=VERTEX_POINT('',#5510);
#5512=CARTESIAN_POINT('',(-0.145669291338583,-0.059055118110236,0.078740157480315));
#5513=DIRECTION('',(1.0,0.0,0.0));
#5514=VECTOR('',#5513,0.003937007874016);
#5515=LINE('',#5512,#5514);
#5516=EDGE_CURVE('',#5511,#5503,#5515,.T.);
#5517=ORIENTED_EDGE('',*,*,#5516,.F.);
#5518=CARTESIAN_POINT('',(-0.145669291338583,0.059055118110236,0.078740157480315));
#5519=VERTEX_POINT('',#5518);
#5520=CARTESIAN_POINT('',(-0.145669291338583,0.059055118110236,0.078740157480315));
#5521=DIRECTION('',(0.0,-1.0,0.0));
#5522=VECTOR('',#5521,0.118110236220472);
#5523=LINE('',#5520,#5522);
#5524=EDGE_CURVE('',#5519,#5511,#5523,.T.);
#5525=ORIENTED_EDGE('',*,*,#5524,.F.);
#5526=CARTESIAN_POINT('',(-0.141732283464567,0.059055118110236,0.078740157480315));
#5527=DIRECTION('',(-1.0,0.0,0.0));
#5528=VECTOR('',#5527,0.003937007874016);
#5529=LINE('',#5526,#5528);
#5530=EDGE_CURVE('',#5501,#5519,#5529,.T.);
#5531=ORIENTED_EDGE('',*,*,#5530,.F.);
#5532=EDGE_LOOP('',(#5509,#5517,#5525,#5531));
#5533=FACE_OUTER_BOUND('',#5532,.T.);
#5534=ADVANCED_FACE('',(#5533),#5499,.F.);
#5535=CARTESIAN_POINT('',(0.128740157480315,0.132874015748032,0.078740157480315));
#5536=DIRECTION('',(0.0,0.0,1.0));
#5537=DIRECTION('',(1.0,0.0,0.0));
#5538=AXIS2_PLACEMENT_3D('',#5535,#5536,#5537);
#5539=PLANE('',#5538);
#5540=CARTESIAN_POINT('',(0.125984251968504,0.070866141732283,0.078740157480315));
#5541=VERTEX_POINT('',#5540);
#5542=CARTESIAN_POINT('',(0.124015748031496,0.070866141732283,0.078740157480315));
#5543=VERTEX_POINT('',#5542);
#5544=CARTESIAN_POINT('',(0.125984251968504,0.070866141732283,0.078740157480315));
#5545=DIRECTION('',(-1.0,0.0,0.0));
#5546=VECTOR('',#5545,0.001968503937008);
#5547=LINE('',#5544,#5546);
#5548=EDGE_CURVE('',#5541,#5543,#5547,.T.);
#5549=ORIENTED_EDGE('',*,*,#5548,.T.);
#5550=CARTESIAN_POINT('',(0.124015748031496,0.124015748031496,0.078740157480315));
#5551=VERTEX_POINT('',#5550);
#5552=CARTESIAN_POINT('',(0.124015748031496,0.070866141732283,0.078740157480315));
#5553=DIRECTION('',(0.0,1.0,0.0));
#5554=VECTOR('',#5553,0.053149606299213);
#5555=LINE('',#5552,#5554);
#5556=EDGE_CURVE('',#5543,#5551,#5555,.T.);
#5557=ORIENTED_EDGE('',*,*,#5556,.T.);
#5558=CARTESIAN_POINT('',(0.070866141732283,0.124015748031496,0.078740157480315));
#5559=VERTEX_POINT('',#5558);
#5560=CARTESIAN_POINT('',(0.124015748031496,0.124015748031496,0.078740157480315));
#5561=DIRECTION('',(-1.0,0.0,0.0));
#5562=VECTOR('',#5561,0.053149606299213);
#5563=LINE('',#5560,#5562);
#5564=EDGE_CURVE('',#5551,#5559,#5563,.T.);
#5565=ORIENTED_EDGE('',*,*,#5564,.T.);
#5566=CARTESIAN_POINT('',(0.070866141732283,0.125984251968504,0.078740157480315));
#5567=VERTEX_POINT('',#5566);
#5568=CARTESIAN_POINT('',(0.070866141732283,0.124015748031496,0.078740157480315));
#5569=DIRECTION('',(0.0,1.0,0.0));
#5570=VECTOR('',#5569,0.001968503937008);
#5571=LINE('',#5568,#5570);
#5572=EDGE_CURVE('',#5559,#5567,#5571,.T.);
#5573=ORIENTED_EDGE('',*,*,#5572,.T.);
#5574=CARTESIAN_POINT('',(0.078740157480315,0.125984251968504,0.078740157480315));
#5575=VERTEX_POINT('',#5574);
#5576=CARTESIAN_POINT('',(0.078740157480315,0.125984251968504,0.078740157480315));
#5577=DIRECTION('',(-1.0,0.0,0.0));
#5578=VECTOR('',#5577,0.007874015748032);
#5579=LINE('',#5576,#5578);
#5580=EDGE_CURVE('',#5575,#5567,#5579,.T.);
#5581=ORIENTED_EDGE('',*,*,#5580,.F.);
#5582=CARTESIAN_POINT('',(0.082677165354331,0.12992125984252,0.078740157480315));
#5583=VERTEX_POINT('',#5582);
#5584=CARTESIAN_POINT('',(0.078740157480315,0.12992125984252,0.078740157480315));
#5585=DIRECTION('',(0.0,0.0,-1.0));
#5586=DIRECTION('',(0.707106781186548,-0.707106781186548,0.0));
#5587=AXIS2_PLACEMENT_3D('',#5584,#5585,#5586);
#5588=CIRCLE('',#5587,0.003937007874016);
#5589=EDGE_CURVE('',#5583,#5575,#5588,.T.);
#5590=ORIENTED_EDGE('',*,*,#5589,.F.);
#5591=CARTESIAN_POINT('',(0.082677165354331,0.125984251968504,0.078740157480315));
#5592=VERTEX_POINT('',#5591);
#5593=CARTESIAN_POINT('',(0.082677165354331,0.125984251968504,0.078740157480315));
#5594=DIRECTION('',(0.0,1.0,0.0));
#5595=VECTOR('',#5594,0.003937007874016);
#5596=LINE('',#5593,#5595);
#5597=EDGE_CURVE('',#5592,#5583,#5596,.T.);
#5598=ORIENTED_EDGE('',*,*,#5597,.F.);
#5599=CARTESIAN_POINT('',(0.125984251968504,0.125984251968504,0.078740157480315));
#5600=VERTEX_POINT('',#5599);
#5601=CARTESIAN_POINT('',(0.082677165354331,0.125984251968504,0.078740157480315));
#5602=DIRECTION('',(1.0,0.0,0.0));
#5603=VECTOR('',#5602,0.043307086614173);
#5604=LINE('',#5601,#5603);
#5605=EDGE_CURVE('',#5592,#5600,#5604,.T.);
#5606=ORIENTED_EDGE('',*,*,#5605,.T.);
#5607=CARTESIAN_POINT('',(0.125984251968504,0.070866141732283,0.078740157480315));
#5608=DIRECTION('',(0.0,1.0,0.0));
#5609=VECTOR('',#5608,0.055118110236221);
#5610=LINE('',#5607,#5609);
#5611=EDGE_CURVE('',#5541,#5600,#5610,.T.);
#5612=ORIENTED_EDGE('',*,*,#5611,.F.);
#5613=EDGE_LOOP('',(#5549,#5557,#5565,#5573,#5581,#5590,#5598,#5606,#5612));
#5614=FACE_OUTER_BOUND('',#5613,.T.);
#5615=ADVANCED_FACE('',(#5614),#5539,.F.);
#5616=CARTESIAN_POINT('',(2.809855E-017,6.175325E-017,0.078740157480315));
#5617=DIRECTION('',(0.0,0.0,1.0));
#5618=DIRECTION('',(1.0,0.0,0.0));
#5619=AXIS2_PLACEMENT_3D('',#5616,#5617,#5618);
#5620=PLANE('',#5619);
#5621=CARTESIAN_POINT('',(-0.070866141732283,-0.124015748031496,0.078740157480315));
#5622=VERTEX_POINT('',#5621);
#5623=CARTESIAN_POINT('',(-0.070866141732283,-0.125984251968504,0.078740157480315));
#5624=VERTEX_POINT('',#5623);
#5625=CARTESIAN_POINT('',(-0.070866141732283,-0.124015748031496,0.078740157480315));
#5626=DIRECTION('',(0.0,-1.0,0.0));
#5627=VECTOR('',#5626,0.001968503937008);
#5628=LINE('',#5625,#5627);
#5629=EDGE_CURVE('',#5622,#5624,#5628,.T.);
#5630=ORIENTED_EDGE('',*,*,#5629,.T.);
#5631=CARTESIAN_POINT('',(-0.078740157480315,-0.125984251968504,0.078740157480315));
#5632=VERTEX_POINT('',#5631);
#5633=CARTESIAN_POINT('',(-0.078740157480315,-0.125984251968504,0.078740157480315));
#5634=DIRECTION('',(1.0,0.0,0.0));
#5635=VECTOR('',#5634,0.007874015748032);
#5636=LINE('',#5633,#5635);
#5637=EDGE_CURVE('',#5632,#5624,#5636,.T.);
#5638=ORIENTED_EDGE('',*,*,#5637,.F.);
#5639=CARTESIAN_POINT('',(-0.082677165354331,-0.12992125984252,0.078740157480315));
#5640=VERTEX_POINT('',#5639);
#5641=CARTESIAN_POINT('',(-0.078740157480315,-0.12992125984252,0.078740157480315));
#5642=DIRECTION('',(0.0,0.0,-1.0));
#5643=DIRECTION('',(-0.707106781186548,0.707106781186548,0.0));
#5644=AXIS2_PLACEMENT_3D('',#5641,#5642,#5643);
#5645=CIRCLE('',#5644,0.003937007874016);
#5646=EDGE_CURVE('',#5640,#5632,#5645,.T.);
#5647=ORIENTED_EDGE('',*,*,#5646,.F.);
#5648=CARTESIAN_POINT('',(-0.082677165354331,-0.125984251968504,0.078740157480315));
#5649=VERTEX_POINT('',#5648);
#5650=CARTESIAN_POINT('',(-0.082677165354331,-0.125984251968504,0.078740157480315));
#5651=DIRECTION('',(0.0,-1.0,0.0));
#5652=VECTOR('',#5651,0.003937007874016);
#5653=LINE('',#5650,#5652);
#5654=EDGE_CURVE('',#5649,#5640,#5653,.T.);
#5655=ORIENTED_EDGE('',*,*,#5654,.F.);
#5656=CARTESIAN_POINT('',(-0.125984251968504,-0.125984251968504,0.078740157480315));
#5657=VERTEX_POINT('',#5656);
#5658=CARTESIAN_POINT('',(-0.082677165354331,-0.125984251968504,0.078740157480315));
#5659=DIRECTION('',(-1.0,0.0,0.0));
#5660=VECTOR('',#5659,0.043307086614173);
#5661=LINE('',#5658,#5660);
#5662=EDGE_CURVE('',#5649,#5657,#5661,.T.);
#5663=ORIENTED_EDGE('',*,*,#5662,.T.);
#5664=CARTESIAN_POINT('',(-0.125984251968504,-0.070866141732283,0.078740157480315));
#5665=VERTEX_POINT('',#5664);
#5666=CARTESIAN_POINT('',(-0.125984251968504,-0.070866141732283,0.078740157480315));
#5667=DIRECTION('',(0.0,-1.0,0.0));
#5668=VECTOR('',#5667,0.055118110236221);
#5669=LINE('',#5666,#5668);
#5670=EDGE_CURVE('',#5665,#5657,#5669,.T.);
#5671=ORIENTED_EDGE('',*,*,#5670,.F.);
#5672=CARTESIAN_POINT('',(-0.124015748031496,-0.070866141732283,0.078740157480315));
#5673=VERTEX_POINT('',#5672);
#5674=CARTESIAN_POINT('',(-0.125984251968504,-0.070866141732283,0.078740157480315));
#5675=DIRECTION('',(1.0,0.0,0.0));
#5676=VECTOR('',#5675,0.001968503937008);
#5677=LINE('',#5674,#5676);
#5678=EDGE_CURVE('',#5665,#5673,#5677,.T.);
#5679=ORIENTED_EDGE('',*,*,#5678,.T.);
#5680=CARTESIAN_POINT('',(-0.124015748031496,-0.124015748031496,0.078740157480315));
#5681=VERTEX_POINT('',#5680);
#5682=CARTESIAN_POINT('',(-0.124015748031496,-0.070866141732283,0.078740157480315));
#5683=DIRECTION('',(0.0,-1.0,0.0));
#5684=VECTOR('',#5683,0.053149606299213);
#5685=LINE('',#5682,#5684);
#5686=EDGE_CURVE('',#5673,#5681,#5685,.T.);
#5687=ORIENTED_EDGE('',*,*,#5686,.T.);
#5688=CARTESIAN_POINT('',(-0.124015748031496,-0.124015748031496,0.078740157480315));
#5689=DIRECTION('',(1.0,0.0,0.0));
#5690=VECTOR('',#5689,0.053149606299213);
#5691=LINE('',#5688,#5690);
#5692=EDGE_CURVE('',#5681,#5622,#5691,.T.);
#5693=ORIENTED_EDGE('',*,*,#5692,.T.);
#5694=EDGE_LOOP('',(#5630,#5638,#5647,#5655,#5663,#5671,#5679,#5687,#5693));
#5695=FACE_OUTER_BOUND('',#5694,.T.);
#5696=ADVANCED_FACE('',(#5695),#5620,.F.);
#5697=CARTESIAN_POINT('',(0.145866141732284,0.06496062992126,0.078740157480315));
#5698=DIRECTION('',(0.0,0.0,1.0));
#5699=DIRECTION('',(1.0,0.0,0.0));
#5700=AXIS2_PLACEMENT_3D('',#5697,#5698,#5699);
#5701=PLANE('',#5700);
#5702=CARTESIAN_POINT('',(0.141732283464567,-0.059055118110236,0.078740157480315));
#5703=VERTEX_POINT('',#5702);
#5704=CARTESIAN_POINT('',(0.141732283464567,0.059055118110236,0.078740157480315));
#5705=VERTEX_POINT('',#5704);
#5706=CARTESIAN_POINT('',(0.141732283464567,-0.059055118110236,0.078740157480315));
#5707=DIRECTION('',(0.0,1.0,0.0));
#5708=VECTOR('',#5707,0.118110236220472);
#5709=LINE('',#5706,#5708);
#5710=EDGE_CURVE('',#5703,#5705,#5709,.T.);
#5711=ORIENTED_EDGE('',*,*,#5710,.T.);
#5712=CARTESIAN_POINT('',(0.145669291338583,0.059055118110236,0.078740157480315));
#5713=VERTEX_POINT('',#5712);
#5714=CARTESIAN_POINT('',(0.145669291338583,0.059055118110236,0.078740157480315));
#5715=DIRECTION('',(-1.0,0.0,0.0));
#5716=VECTOR('',#5715,0.003937007874016);
#5717=LINE('',#5714,#5716);
#5718=EDGE_CURVE('',#5713,#5705,#5717,.T.);
#5719=ORIENTED_EDGE('',*,*,#5718,.F.);
#5720=CARTESIAN_POINT('',(0.145669291338583,-0.059055118110236,0.078740157480315));
#5721=VERTEX_POINT('',#5720);
#5722=CARTESIAN_POINT('',(0.145669291338583,-0.059055118110236,0.078740157480315));
#5723=DIRECTION('',(0.0,1.0,0.0));
#5724=VECTOR('',#5723,0.118110236220472);
#5725=LINE('',#5722,#5724);
#5726=EDGE_CURVE('',#5721,#5713,#5725,.T.);
#5727=ORIENTED_EDGE('',*,*,#5726,.F.);
#5728=CARTESIAN_POINT('',(0.141732283464567,-0.059055118110236,0.078740157480315));
#5729=DIRECTION('',(1.0,0.0,0.0));
#5730=VECTOR('',#5729,0.003937007874016);
#5731=LINE('',#5728,#5730);
#5732=EDGE_CURVE('',#5703,#5721,#5731,.T.);
#5733=ORIENTED_EDGE('',*,*,#5732,.F.);
#5734=EDGE_LOOP('',(#5711,#5719,#5727,#5733));
#5735=FACE_OUTER_BOUND('',#5734,.T.);
#5736=ADVANCED_FACE('',(#5735),#5701,.F.);
#5737=CARTESIAN_POINT('',(0.070157480314961,-0.141535433070866,0.078740157480315));
#5738=DIRECTION('',(0.0,0.0,1.0));
#5739=DIRECTION('',(1.0,0.0,0.0));
#5740=AXIS2_PLACEMENT_3D('',#5737,#5738,#5739);
#5741=PLANE('',#5740);
#5742=CARTESIAN_POINT('',(0.063779527559055,-0.141732283464567,0.078740157480315));
#5743=VERTEX_POINT('',#5742);
#5744=CARTESIAN_POINT('',(-0.063779527559055,-0.141732283464567,0.078740157480315));
#5745=DIRECTION('',(1.0,0.0,0.0));
#5746=VECTOR('',#5745,0.12755905511811);
#5747=LINE('',#5744,#5746);
#5748=EDGE_CURVE('',#4226,#5743,#5747,.T.);
#5749=ORIENTED_EDGE('',*,*,#5748,.T.);
#5750=CARTESIAN_POINT('',(0.062992125984252,-0.145669291338583,0.078740157480315));
#5751=VERTEX_POINT('',#5750);
#5752=CARTESIAN_POINT('',(0.062992125984252,-0.145669291338583,0.078740157480315));
#5753=DIRECTION('',(0.196116135138182,0.980580675690921,0.0));
#5754=VECTOR('',#5753,0.004014975994955);
#5755=LINE('',#5752,#5754);
#5756=EDGE_CURVE('',#5751,#5743,#5755,.T.);
#5757=ORIENTED_EDGE('',*,*,#5756,.F.);
#5758=CARTESIAN_POINT('',(-0.062992125984252,-0.145669291338583,0.078740157480315));
#5759=DIRECTION('',(1.0,0.0,0.0));
#5760=VECTOR('',#5759,0.125984251968504);
#5761=LINE('',#5758,#5760);
#5762=EDGE_CURVE('',#4234,#5751,#5761,.T.);
#5763=ORIENTED_EDGE('',*,*,#5762,.F.);
#5764=ORIENTED_EDGE('',*,*,#4239,.F.);
#5765=EDGE_LOOP('',(#5749,#5757,#5763,#5764));
#5766=FACE_OUTER_BOUND('',#5765,.T.);
#5767=ADVANCED_FACE('',(#5766),#5741,.F.);
#5768=CARTESIAN_POINT('',(0.12992125984252,-0.062992125984252,0.078149606299213));
#5769=DIRECTION('',(0.0,0.0,1.0));
#5770=DIRECTION('',(0.707106781186547,-0.707106781186548,0.0));
#5771=AXIS2_PLACEMENT_3D('',#5768,#5769,#5770);
#5772=CYLINDRICAL_SURFACE('',#5771,0.003937007874016);
#5773=CARTESIAN_POINT('',(0.12992125984252,-0.059055118110236,0.078740157480315));
#5774=VERTEX_POINT('',#5773);
#5775=CARTESIAN_POINT('',(0.125984251968504,-0.062992125984252,0.078740157480315));
#5776=VERTEX_POINT('',#5775);
#5777=CARTESIAN_POINT('',(0.12992125984252,-0.062992125984252,0.078740157480315));
#5778=DIRECTION('',(0.0,0.0,1.0));
#5779=DIRECTION('',(-0.707106781186551,0.707106781186544,0.0));
#5780=AXIS2_PLACEMENT_3D('',#5777,#5778,#5779);
#5781=CIRCLE('',#5780,0.003937007874016);
#5782=EDGE_CURVE('',#5774,#5776,#5781,.T.);
#5783=ORIENTED_EDGE('',*,*,#5782,.F.);
#5784=CARTESIAN_POINT('',(0.12992125984252,-0.059055118110236,0.078740157480315));
#5785=DIRECTION('',(0.0,0.0,1.0));
#5786=VECTOR('',#5785,0.011811023622047);
#5787=LINE('',#5784,#5786);
#5788=EDGE_CURVE('',#5774,#432,#5787,.T.);
#5789=ORIENTED_EDGE('',*,*,#5788,.T.);
#5790=ORIENTED_EDGE('',*,*,#438,.T.);
#5791=CARTESIAN_POINT('',(0.125984251968504,-0.062992125984252,0.090551181102362));
#5792=DIRECTION('',(0.0,0.0,-1.0));
#5793=VECTOR('',#5792,0.011811023622047);
#5794=LINE('',#5791,#5793);
#5795=EDGE_CURVE('',#424,#5776,#5794,.T.);
#5796=ORIENTED_EDGE('',*,*,#5795,.T.);
#5797=EDGE_LOOP('',(#5783,#5789,#5790,#5796));
#5798=FACE_OUTER_BOUND('',#5797,.T.);
#5799=ADVANCED_FACE('',(#5798),#5772,.F.);
#5800=CARTESIAN_POINT('',(0.146456692913386,-0.059055118110236,0.078149606299213));
#5801=DIRECTION('',(0.0,-1.0,0.0));
#5802=DIRECTION('',(0.0,0.0,-1.0));
#5803=AXIS2_PLACEMENT_3D('',#5800,#5801,#5802);
#5804=PLANE('',#5803);
#5805=ORIENTED_EDGE('',*,*,#5788,.F.);
#5806=CARTESIAN_POINT('',(0.141732283464567,-0.059055118110236,0.078740157480315));
#5807=DIRECTION('',(-1.0,0.0,0.0));
#5808=VECTOR('',#5807,0.011811023622047);
#5809=LINE('',#5806,#5808);
#5810=EDGE_CURVE('',#5703,#5774,#5809,.T.);
#5811=ORIENTED_EDGE('',*,*,#5810,.F.);
#5812=ORIENTED_EDGE('',*,*,#5732,.T.);
#5813=CARTESIAN_POINT('',(0.145669291338583,-0.059055118110236,0.078740157480315));
#5814=DIRECTION('',(0.0,0.0,1.0));
#5815=VECTOR('',#5814,0.011811023622047);
#5816=LINE('',#5813,#5815);
#5817=EDGE_CURVE('',#5721,#4342,#5816,.T.);
#5818=ORIENTED_EDGE('',*,*,#5817,.T.);
#5819=ORIENTED_EDGE('',*,*,#4347,.T.);
#5820=ORIENTED_EDGE('',*,*,#446,.T.);
#5821=EDGE_LOOP('',(#5805,#5811,#5812,#5818,#5819,#5820));
#5822=FACE_OUTER_BOUND('',#5821,.T.);
#5823=ADVANCED_FACE('',(#5822),#5804,.T.);
#5824=CARTESIAN_POINT('',(0.078740157480315,-0.12992125984252,0.078149606299213));
#5825=DIRECTION('',(0.0,0.0,1.0));
#5826=DIRECTION('',(-0.707106781186548,-0.707106781186547,0.0));
#5827=AXIS2_PLACEMENT_3D('',#5824,#5825,#5826);
#5828=CYLINDRICAL_SURFACE('',#5827,0.003937007874016);
#5829=CARTESIAN_POINT('',(0.082677165354331,-0.12992125984252,0.078740157480315));
#5830=VERTEX_POINT('',#5829);
#5831=CARTESIAN_POINT('',(0.078740157480315,-0.125984251968504,0.078740157480315));
#5832=VERTEX_POINT('',#5831);
#5833=CARTESIAN_POINT('',(0.078740157480315,-0.12992125984252,0.078740157480315));
#5834=DIRECTION('',(0.0,0.0,1.0));
#5835=DIRECTION('',(0.707106781186549,0.707106781186546,0.0));
#5836=AXIS2_PLACEMENT_3D('',#5833,#5834,#5835);
#5837=CIRCLE('',#5836,0.003937007874016);
#5838=EDGE_CURVE('',#5830,#5832,#5837,.T.);
#5839=ORIENTED_EDGE('',*,*,#5838,.F.);
#5840=CARTESIAN_POINT('',(0.082677165354331,-0.12992125984252,0.078740157480315));
#5841=DIRECTION('',(0.0,0.0,1.0));
#5842=VECTOR('',#5841,0.011811023622047);
#5843=LINE('',#5840,#5842);
#5844=EDGE_CURVE('',#5830,#399,#5843,.T.);
#5845=ORIENTED_EDGE('',*,*,#5844,.T.);
#5846=ORIENTED_EDGE('',*,*,#405,.T.);
#5847=CARTESIAN_POINT('',(0.078740157480315,-0.125984251968504,0.090551181102362));
#5848=DIRECTION('',(0.0,0.0,-1.0));
#5849=VECTOR('',#5848,0.011811023622047);
#5850=LINE('',#5847,#5849);
#5851=EDGE_CURVE('',#391,#5832,#5850,.T.);
#5852=ORIENTED_EDGE('',*,*,#5851,.T.);
#5853=EDGE_LOOP('',(#5839,#5845,#5846,#5852));
#5854=FACE_OUTER_BOUND('',#5853,.T.);
#5855=ADVANCED_FACE('',(#5854),#5828,.F.);
#5856=CARTESIAN_POINT('',(0.082677165354331,-0.125393700787402,0.091535433070866));
#5857=DIRECTION('',(-1.0,0.0,0.0));
#5858=DIRECTION('',(0.0,0.0,1.0));
#5859=AXIS2_PLACEMENT_3D('',#5856,#5857,#5858);
#5860=PLANE('',#5859);
#5861=ORIENTED_EDGE('',*,*,#5844,.F.);
#5862=CARTESIAN_POINT('',(0.082677165354331,-0.12992125984252,0.078740157480315));
#5863=DIRECTION('',(0.0,1.0,0.0));
#5864=VECTOR('',#5863,0.003937007874016);
#5865=LINE('',#5862,#5864);
#5866=EDGE_CURVE('',#5830,#5007,#5865,.T.);
#5867=ORIENTED_EDGE('',*,*,#5866,.T.);
#5868=ORIENTED_EDGE('',*,*,#5012,.F.);
#5869=CARTESIAN_POINT('',(0.082677165354331,-0.137795275590551,0.070866141732283));
#5870=VERTEX_POINT('',#5869);
#5871=CARTESIAN_POINT('',(0.082677165354331,-0.137795275590551,0.070866141732283));
#5872=DIRECTION('',(0.0,1.0,0.0));
#5873=VECTOR('',#5872,0.011811023622047);
#5874=LINE('',#5871,#5873);
#5875=EDGE_CURVE('',#5870,#4998,#5874,.T.);
#5876=ORIENTED_EDGE('',*,*,#5875,.F.);
#5877=CARTESIAN_POINT('',(0.082677165354331,-0.137795275590551,0.070866141732283));
#5878=DIRECTION('',(0.0,0.0,1.0));
#5879=VECTOR('',#5878,0.019685039370079);
#5880=LINE('',#5877,#5879);
#5881=EDGE_CURVE('',#5870,#408,#5880,.T.);
#5882=ORIENTED_EDGE('',*,*,#5881,.T.);
#5883=ORIENTED_EDGE('',*,*,#413,.T.);
#5884=EDGE_LOOP('',(#5861,#5867,#5868,#5876,#5882,#5883));
#5885=FACE_OUTER_BOUND('',#5884,.T.);
#5886=ADVANCED_FACE('',(#5885),#5860,.T.);
#5887=CARTESIAN_POINT('',(0.07015670827842,-0.12992125984252,0.078149606299213));
#5888=DIRECTION('',(0.0,0.0,1.0));
#5889=DIRECTION('',(0.633988905605505,-0.77334214133793,0.0));
#5890=AXIS2_PLACEMENT_3D('',#5887,#5888,#5889);
#5891=CYLINDRICAL_SURFACE('',#5890,0.003937007874016);
#5892=CARTESIAN_POINT('',(0.07015670827842,-0.125984251968504,0.078740157480315));
#5893=VERTEX_POINT('',#5892);
#5894=CARTESIAN_POINT('',(0.066296154437117,-0.129149149074259,0.078740157480315));
#5895=VERTEX_POINT('',#5894);
#5896=CARTESIAN_POINT('',(0.07015670827842,-0.12992125984252,0.078740157480315));
#5897=DIRECTION('',(0.0,0.0,1.0));
#5898=DIRECTION('',(-0.633988905605538,0.773342141337902,0.0));
#5899=AXIS2_PLACEMENT_3D('',#5896,#5897,#5898);
#5900=CIRCLE('',#5899,0.003937007874016);
#5901=EDGE_CURVE('',#5893,#5895,#5900,.T.);
#5902=ORIENTED_EDGE('',*,*,#5901,.F.);
#5903=CARTESIAN_POINT('',(0.07015670827842,-0.125984251968504,0.078740157480315));
#5904=DIRECTION('',(0.0,0.0,1.0));
#5905=VECTOR('',#5904,0.011811023622047);
#5906=LINE('',#5903,#5905);
#5907=EDGE_CURVE('',#5893,#382,#5906,.T.);
#5908=ORIENTED_EDGE('',*,*,#5907,.T.);
#5909=ORIENTED_EDGE('',*,*,#388,.T.);
#5910=CARTESIAN_POINT('',(0.066296154437117,-0.129149149074259,0.090551181102362));
#5911=DIRECTION('',(0.0,0.0,-1.0));
#5912=VECTOR('',#5911,0.011811023622047);
#5913=LINE('',#5910,#5912);
#5914=EDGE_CURVE('',#374,#5895,#5913,.T.);
#5915=ORIENTED_EDGE('',*,*,#5914,.T.);
#5916=EDGE_LOOP('',(#5902,#5908,#5909,#5915));
#5917=FACE_OUTER_BOUND('',#5916,.T.);
#5918=ADVANCED_FACE('',(#5917),#5891,.F.);
#5919=CARTESIAN_POINT('',(0.07916932994041,-0.125984251968504,0.078149606299213));
#5920=DIRECTION('',(0.0,-1.0,0.0));
#5921=DIRECTION('',(0.0,0.0,-1.0));
#5922=AXIS2_PLACEMENT_3D('',#5919,#5920,#5921);
#5923=PLANE('',#5922);
#5924=ORIENTED_EDGE('',*,*,#5851,.F.);
#5925=ORIENTED_EDGE('',*,*,#396,.T.);
#5926=ORIENTED_EDGE('',*,*,#5907,.F.);
#5927=CARTESIAN_POINT('',(0.070866141732283,-0.125984251968504,0.078740157480315));
#5928=VERTEX_POINT('',#5927);
#5929=CARTESIAN_POINT('',(0.070866141732283,-0.125984251968504,0.078740157480315));
#5930=DIRECTION('',(-1.0,0.0,0.0));
#5931=VECTOR('',#5930,0.000709433453863);
#5932=LINE('',#5929,#5931);
#5933=EDGE_CURVE('',#5928,#5893,#5932,.T.);
#5934=ORIENTED_EDGE('',*,*,#5933,.F.);
#5935=CARTESIAN_POINT('',(0.070866141732283,-0.125984251968504,0.078740157480315));
#5936=DIRECTION('',(1.0,0.0,0.0));
#5937=VECTOR('',#5936,0.007874015748032);
#5938=LINE('',#5935,#5937);
#5939=EDGE_CURVE('',#5928,#5832,#5938,.T.);
#5940=ORIENTED_EDGE('',*,*,#5939,.T.);
#5941=EDGE_LOOP('',(#5924,#5925,#5926,#5934,#5940));
#5942=FACE_OUTER_BOUND('',#5941,.T.);
#5943=ADVANCED_FACE('',(#5942),#5923,.T.);
#5944=CARTESIAN_POINT('',(0.12992125984252,0.062992125984252,0.078149606299213));
#5945=DIRECTION('',(0.0,0.0,1.0));
#5946=DIRECTION('',(0.707106781186547,0.707106781186548,0.0));
#5947=AXIS2_PLACEMENT_3D('',#5944,#5945,#5946);
#5948=CYLINDRICAL_SURFACE('',#5947,0.003937007874016);
#5949=CARTESIAN_POINT('',(0.125984251968504,0.062992125984252,0.078740157480315));
#5950=VERTEX_POINT('',#5949);
#5951=CARTESIAN_POINT('',(0.12992125984252,0.059055118110236,0.078740157480315));
#5952=VERTEX_POINT('',#5951);
#5953=CARTESIAN_POINT('',(0.12992125984252,0.062992125984252,0.078740157480315));
#5954=DIRECTION('',(0.0,0.0,1.0));
#5955=DIRECTION('',(-0.707106781186551,-0.707106781186544,0.0));
#5956=AXIS2_PLACEMENT_3D('',#5953,#5954,#5955);
#5957=CIRCLE('',#5956,0.003937007874016);
#5958=EDGE_CURVE('',#5950,#5952,#5957,.T.);
#5959=ORIENTED_EDGE('',*,*,#5958,.F.);
#5960=CARTESIAN_POINT('',(0.125984251968504,0.062992125984252,0.078740157480315));
#5961=DIRECTION('',(0.0,0.0,1.0));
#5962=VECTOR('',#5961,0.011811023622047);
#5963=LINE('',#5960,#5962);
#5964=EDGE_CURVE('',#5950,#538,#5963,.T.);
#5965=ORIENTED_EDGE('',*,*,#5964,.T.);
#5966=ORIENTED_EDGE('',*,*,#544,.T.);
#5967=CARTESIAN_POINT('',(0.12992125984252,0.059055118110236,0.090551181102362));
#5968=DIRECTION('',(0.0,0.0,-1.0));
#5969=VECTOR('',#5968,0.011811023622047);
#5970=LINE('',#5967,#5969);
#5971=EDGE_CURVE('',#530,#5952,#5970,.T.);
#5972=ORIENTED_EDGE('',*,*,#5971,.T.);
#5973=EDGE_LOOP('',(#5959,#5965,#5966,#5972));
#5974=FACE_OUTER_BOUND('',#5973,.T.);
#5975=ADVANCED_FACE('',(#5974),#5948,.F.);
#5976=CARTESIAN_POINT('',(0.125984251968504,0.141535433070866,0.067814960629922));
#5977=DIRECTION('',(1.0,0.0,0.0));
#5978=DIRECTION('',(0.0,0.0,-1.0));
#5979=AXIS2_PLACEMENT_3D('',#5976,#5977,#5978);
#5980=PLANE('',#5979);
#5981=ORIENTED_EDGE('',*,*,#5964,.F.);
#5982=CARTESIAN_POINT('',(0.125984251968504,0.070866141732283,0.078740157480315));
#5983=DIRECTION('',(0.0,-1.0,0.0));
#5984=VECTOR('',#5983,0.007874015748031);
#5985=LINE('',#5982,#5984);
#5986=EDGE_CURVE('',#5541,#5950,#5985,.T.);
#5987=ORIENTED_EDGE('',*,*,#5986,.F.);
#5988=ORIENTED_EDGE('',*,*,#5611,.T.);
#5989=CARTESIAN_POINT('',(0.125984251968504,0.125984251968504,0.068897637795276));
#5990=VERTEX_POINT('',#5989);
#5991=CARTESIAN_POINT('',(0.125984251968504,0.125984251968504,0.078740157480315));
#5992=DIRECTION('',(0.0,0.0,-1.0));
#5993=VECTOR('',#5992,0.009842519685039);
#5994=LINE('',#5991,#5993);
#5995=EDGE_CURVE('',#5600,#5990,#5994,.T.);
#5996=ORIENTED_EDGE('',*,*,#5995,.T.);
#5997=CARTESIAN_POINT('',(0.125984251968504,0.137795275590551,0.068897637795276));
#5998=DIRECTION('',(0.0,-1.0,0.0));
#5999=VECTOR('',#5998,0.011811023622047);
#6000=LINE('',#5997,#5999);
#6001=EDGE_CURVE('',#4539,#5990,#6000,.T.);
#6002=ORIENTED_EDGE('',*,*,#6001,.F.);
#6003=ORIENTED_EDGE('',*,*,#4544,.T.);
#6004=ORIENTED_EDGE('',*,*,#552,.T.);
#6005=EDGE_LOOP('',(#5981,#5987,#5988,#5996,#6002,#6003,#6004));
#6006=FACE_OUTER_BOUND('',#6005,.T.);
#6007=ADVANCED_FACE('',(#6006),#5980,.T.);
#6008=CARTESIAN_POINT('',(-0.07015670827842,-0.12992125984252,0.078149606299213));
#6009=DIRECTION('',(0.0,0.0,1.0));
#6010=DIRECTION('',(-0.633988905605506,-0.773342141337929,0.0));
#6011=AXIS2_PLACEMENT_3D('',#6008,#6009,#6010);
#6012=CYLINDRICAL_SURFACE('',#6011,0.003937007874016);
#6013=CARTESIAN_POINT('',(-0.07015670827842,-0.125984251968504,0.078740157480315));
#6014=VERTEX_POINT('',#6013);
#6015=CARTESIAN_POINT('',(-0.07015670827842,-0.12992125984252,0.078740157480315));
#6016=DIRECTION('',(0.0,0.0,1.0));
#6017=DIRECTION('',(0.633988905605538,0.773342141337902,0.0));
#6018=AXIS2_PLACEMENT_3D('',#6015,#6016,#6017);
#6019=CIRCLE('',#6018,0.003937007874016);
#6020=EDGE_CURVE('',#4218,#6014,#6019,.T.);
#6021=ORIENTED_EDGE('',*,*,#6020,.F.);
#6022=ORIENTED_EDGE('',*,*,#4223,.T.);
#6023=ORIENTED_EDGE('',*,*,#792,.T.);
#6024=CARTESIAN_POINT('',(-0.07015670827842,-0.125984251968504,0.090551181102362));
#6025=DIRECTION('',(0.0,0.0,-1.0));
#6026=VECTOR('',#6025,0.011811023622047);
#6027=LINE('',#6024,#6026);
#6028=EDGE_CURVE('',#778,#6014,#6027,.T.);
#6029=ORIENTED_EDGE('',*,*,#6028,.T.);
#6030=EDGE_LOOP('',(#6021,#6022,#6023,#6029));
#6031=FACE_OUTER_BOUND('',#6030,.T.);
#6032=ADVANCED_FACE('',(#6031),#6012,.F.);
#6033=CARTESIAN_POINT('',(-0.078740157480315,-0.12992125984252,0.078149606299213));
#6034=DIRECTION('',(0.0,0.0,1.0));
#6035=DIRECTION('',(0.707106781186546,-0.70710678118655,0.0));
#6036=AXIS2_PLACEMENT_3D('',#6033,#6034,#6035);
#6037=CYLINDRICAL_SURFACE('',#6036,0.003937007874016);
#6038=ORIENTED_EDGE('',*,*,#5646,.T.);
#6039=CARTESIAN_POINT('',(-0.078740157480315,-0.125984251968504,0.078740157480315));
#6040=DIRECTION('',(0.0,0.0,1.0));
#6041=VECTOR('',#6040,0.011811023622047);
#6042=LINE('',#6039,#6041);
#6043=EDGE_CURVE('',#5632,#769,#6042,.T.);
#6044=ORIENTED_EDGE('',*,*,#6043,.T.);
#6045=ORIENTED_EDGE('',*,*,#775,.T.);
#6046=CARTESIAN_POINT('',(-0.082677165354331,-0.12992125984252,0.090551181102362));
#6047=DIRECTION('',(0.0,0.0,-1.0));
#6048=VECTOR('',#6047,0.011811023622047);
#6049=LINE('',#6046,#6048);
#6050=EDGE_CURVE('',#761,#5640,#6049,.T.);
#6051=ORIENTED_EDGE('',*,*,#6050,.T.);
#6052=EDGE_LOOP('',(#6038,#6044,#6045,#6051));
#6053=FACE_OUTER_BOUND('',#6052,.T.);
#6054=ADVANCED_FACE('',(#6053),#6037,.F.);
#6055=CARTESIAN_POINT('',(-0.069727535818325,-0.125984251968504,0.078149606299213));
#6056=DIRECTION('',(0.0,-1.0,0.0));
#6057=DIRECTION('',(0.0,0.0,-1.0));
#6058=AXIS2_PLACEMENT_3D('',#6055,#6056,#6057);
#6059=PLANE('',#6058);
#6060=ORIENTED_EDGE('',*,*,#6028,.F.);
#6061=ORIENTED_EDGE('',*,*,#783,.T.);
#6062=ORIENTED_EDGE('',*,*,#6043,.F.);
#6063=ORIENTED_EDGE('',*,*,#5637,.T.);
#6064=CARTESIAN_POINT('',(-0.07015670827842,-0.125984251968504,0.078740157480315));
#6065=DIRECTION('',(-1.0,0.0,0.0));
#6066=VECTOR('',#6065,0.000709433453863);
#6067=LINE('',#6064,#6066);
#6068=EDGE_CURVE('',#6014,#5624,#6067,.T.);
#6069=ORIENTED_EDGE('',*,*,#6068,.F.);
#6070=EDGE_LOOP('',(#6060,#6061,#6062,#6063,#6069));
#6071=FACE_OUTER_BOUND('',#6070,.T.);
#6072=ADVANCED_FACE('',(#6071),#6059,.T.);
#6073=CARTESIAN_POINT('',(-0.12992125984252,-0.062992125984252,0.078149606299213));
#6074=DIRECTION('',(0.0,0.0,1.0));
#6075=DIRECTION('',(-0.707106781186547,-0.707106781186548,0.0));
#6076=AXIS2_PLACEMENT_3D('',#6073,#6074,#6075);
#6077=CYLINDRICAL_SURFACE('',#6076,0.003937007874016);
#6078=CARTESIAN_POINT('',(-0.125984251968504,-0.062992125984252,0.078740157480315));
#6079=VERTEX_POINT('',#6078);
#6080=CARTESIAN_POINT('',(-0.12992125984252,-0.059055118110236,0.078740157480315));
#6081=VERTEX_POINT('',#6080);
#6082=CARTESIAN_POINT('',(-0.12992125984252,-0.062992125984252,0.078740157480315));
#6083=DIRECTION('',(0.0,0.0,1.0));
#6084=DIRECTION('',(0.707106781186551,0.707106781186544,0.0));
#6085=AXIS2_PLACEMENT_3D('',#6082,#6083,#6084);
#6086=CIRCLE('',#6085,0.003937007874016);
#6087=EDGE_CURVE('',#6079,#6081,#6086,.T.);
#6088=ORIENTED_EDGE('',*,*,#6087,.F.);
#6089=CARTESIAN_POINT('',(-0.125984251968504,-0.062992125984252,0.078740157480315));
#6090=DIRECTION('',(0.0,0.0,1.0));
#6091=VECTOR('',#6090,0.011811023622047);
#6092=LINE('',#6089,#6091);
#6093=EDGE_CURVE('',#6079,#736,#6092,.T.);
#6094=ORIENTED_EDGE('',*,*,#6093,.T.);
#6095=ORIENTED_EDGE('',*,*,#742,.T.);
#6096=CARTESIAN_POINT('',(-0.12992125984252,-0.059055118110236,0.090551181102362));
#6097=DIRECTION('',(0.0,0.0,-1.0));
#6098=VECTOR('',#6097,0.011811023622047);
#6099=LINE('',#6096,#6098);
#6100=EDGE_CURVE('',#728,#6081,#6099,.T.);
#6101=ORIENTED_EDGE('',*,*,#6100,.T.);
#6102=EDGE_LOOP('',(#6088,#6094,#6095,#6101));
#6103=FACE_OUTER_BOUND('',#6102,.T.);
#6104=ADVANCED_FACE('',(#6103),#6077,.F.);
#6105=CARTESIAN_POINT('',(-0.125984251968504,-0.059251968503937,0.091633858267716));
#6106=DIRECTION('',(-1.0,0.0,0.0));
#6107=DIRECTION('',(0.0,0.0,1.0));
#6108=AXIS2_PLACEMENT_3D('',#6105,#6106,#6107);
#6109=PLANE('',#6108);
#6110=ORIENTED_EDGE('',*,*,#6093,.F.);
#6111=CARTESIAN_POINT('',(-0.125984251968504,-0.070866141732283,0.078740157480315));
#6112=DIRECTION('',(0.0,1.0,0.0));
#6113=VECTOR('',#6112,0.007874015748031);
#6114=LINE('',#6111,#6113);
#6115=EDGE_CURVE('',#5665,#6079,#6114,.T.);
#6116=ORIENTED_EDGE('',*,*,#6115,.F.);
#6117=ORIENTED_EDGE('',*,*,#5670,.T.);
#6118=CARTESIAN_POINT('',(-0.125984251968504,-0.125984251968504,0.068897637795276));
#6119=VERTEX_POINT('',#6118);
#6120=CARTESIAN_POINT('',(-0.125984251968504,-0.125984251968504,0.078740157480315));
#6121=DIRECTION('',(0.0,0.0,-1.0));
#6122=VECTOR('',#6121,0.009842519685039);
#6123=LINE('',#6120,#6122);
#6124=EDGE_CURVE('',#5657,#6119,#6123,.T.);
#6125=ORIENTED_EDGE('',*,*,#6124,.T.);
#6126=CARTESIAN_POINT('',(-0.125984251968504,-0.137795275590551,0.068897637795276));
#6127=DIRECTION('',(0.0,1.0,0.0));
#6128=VECTOR('',#6127,0.011811023622047);
#6129=LINE('',#6126,#6128);
#6130=EDGE_CURVE('',#5256,#6119,#6129,.T.);
#6131=ORIENTED_EDGE('',*,*,#6130,.F.);
#6132=ORIENTED_EDGE('',*,*,#5261,.T.);
#6133=ORIENTED_EDGE('',*,*,#750,.T.);
#6134=EDGE_LOOP('',(#6110,#6116,#6117,#6125,#6131,#6132,#6133));
#6135=FACE_OUTER_BOUND('',#6134,.T.);
#6136=ADVANCED_FACE('',(#6135),#6109,.T.);
#6137=CARTESIAN_POINT('',(-0.12992125984252,0.062992125984252,0.078149606299213));
#6138=DIRECTION('',(0.0,0.0,1.0));
#6139=DIRECTION('',(-0.707106781186547,0.707106781186548,0.0));
#6140=AXIS2_PLACEMENT_3D('',#6137,#6138,#6139);
#6141=CYLINDRICAL_SURFACE('',#6140,0.003937007874016);
#6142=CARTESIAN_POINT('',(-0.12992125984252,0.059055118110236,0.078740157480315));
#6143=VERTEX_POINT('',#6142);
#6144=CARTESIAN_POINT('',(-0.125984251968504,0.062992125984252,0.078740157480315));
#6145=VERTEX_POINT('',#6144);
#6146=CARTESIAN_POINT('',(-0.12992125984252,0.062992125984252,0.078740157480315));
#6147=DIRECTION('',(0.0,0.0,1.0));
#6148=DIRECTION('',(0.707106781186551,-0.707106781186544,0.0));
#6149=AXIS2_PLACEMENT_3D('',#6146,#6147,#6148);
#6150=CIRCLE('',#6149,0.003937007874016);
#6151=EDGE_CURVE('',#6143,#6145,#6150,.T.);
#6152=ORIENTED_EDGE('',*,*,#6151,.F.);
#6153=CARTESIAN_POINT('',(-0.12992125984252,0.059055118110236,0.078740157480315));
#6154=DIRECTION('',(0.0,0.0,1.0));
#6155=VECTOR('',#6154,0.011811023622047);
#6156=LINE('',#6153,#6155);
#6157=EDGE_CURVE('',#6143,#703,#6156,.T.);
#6158=ORIENTED_EDGE('',*,*,#6157,.T.);
#6159=ORIENTED_EDGE('',*,*,#709,.T.);
#6160=CARTESIAN_POINT('',(-0.125984251968504,0.062992125984252,0.090551181102362));
#6161=DIRECTION('',(0.0,0.0,-1.0));
#6162=VECTOR('',#6161,0.011811023622047);
#6163=LINE('',#6160,#6162);
#6164=EDGE_CURVE('',#695,#6145,#6163,.T.);
#6165=ORIENTED_EDGE('',*,*,#6164,.T.);
#6166=EDGE_LOOP('',(#6152,#6158,#6159,#6165));
#6167=FACE_OUTER_BOUND('',#6166,.T.);
#6168=ADVANCED_FACE('',(#6167),#6141,.F.);
#6169=CARTESIAN_POINT('',(-0.129133858267717,0.059055118110236,0.091141732283464));
#6170=DIRECTION('',(0.0,1.0,0.0));
#6171=DIRECTION('',(0.0,0.0,1.0));
#6172=AXIS2_PLACEMENT_3D('',#6169,#6170,#6171);
#6173=PLANE('',#6172);
#6174=ORIENTED_EDGE('',*,*,#6157,.F.);
#6175=CARTESIAN_POINT('',(-0.141732283464567,0.059055118110236,0.078740157480315));
#6176=DIRECTION('',(1.0,0.0,0.0));
#6177=VECTOR('',#6176,0.011811023622047);
#6178=LINE('',#6175,#6177);
#6179=EDGE_CURVE('',#5501,#6143,#6178,.T.);
#6180=ORIENTED_EDGE('',*,*,#6179,.F.);
#6181=ORIENTED_EDGE('',*,*,#5530,.T.);
#6182=CARTESIAN_POINT('',(-0.145669291338583,0.059055118110236,0.078740157480315));
#6183=DIRECTION('',(0.0,0.0,1.0));
#6184=VECTOR('',#6183,0.011811023622047);
#6185=LINE('',#6182,#6184);
#6186=EDGE_CURVE('',#5519,#712,#6185,.T.);
#6187=ORIENTED_EDGE('',*,*,#6186,.T.);
#6188=ORIENTED_EDGE('',*,*,#717,.T.);
#6189=EDGE_LOOP('',(#6174,#6180,#6181,#6187,#6188));
#6190=FACE_OUTER_BOUND('',#6189,.T.);
#6191=ADVANCED_FACE('',(#6190),#6173,.T.);
#6192=CARTESIAN_POINT('',(-0.078740157480315,0.12992125984252,0.078149606299213));
#6193=DIRECTION('',(0.0,0.0,1.0));
#6194=DIRECTION('',(0.707106781186548,0.707106781186547,0.0));
#6195=AXIS2_PLACEMENT_3D('',#6192,#6193,#6194);
#6196=CYLINDRICAL_SURFACE('',#6195,0.003937007874016);
#6197=ORIENTED_EDGE('',*,*,#5467,.F.);
#6198=CARTESIAN_POINT('',(-0.082677165354331,0.12992125984252,0.078740157480315));
#6199=DIRECTION('',(0.0,0.0,1.0));
#6200=VECTOR('',#6199,0.011811023622047);
#6201=LINE('',#6198,#6200);
#6202=EDGE_CURVE('',#5453,#670,#6201,.T.);
#6203=ORIENTED_EDGE('',*,*,#6202,.T.);
#6204=ORIENTED_EDGE('',*,*,#676,.T.);
#6205=CARTESIAN_POINT('',(-0.078740157480315,0.125984251968504,0.090551181102362));
#6206=DIRECTION('',(0.0,0.0,-1.0));
#6207=VECTOR('',#6206,0.011811023622047);
#6208=LINE('',#6205,#6207);
#6209=EDGE_CURVE('',#662,#5461,#6208,.T.);
#6210=ORIENTED_EDGE('',*,*,#6209,.T.);
#6211=EDGE_LOOP('',(#6197,#6203,#6204,#6210));
#6212=FACE_OUTER_BOUND('',#6211,.T.);
#6213=ADVANCED_FACE('',(#6212),#6196,.F.);
#6214=CARTESIAN_POINT('',(-0.082677165354331,0.138385826771653,0.069881889763779));
#6215=DIRECTION('',(1.0,0.0,0.0));
#6216=DIRECTION('',(0.0,0.0,-1.0));
#6217=AXIS2_PLACEMENT_3D('',#6214,#6215,#6216);
#6218=PLANE('',#6217);
#6219=ORIENTED_EDGE('',*,*,#6202,.F.);
#6220=ORIENTED_EDGE('',*,*,#5458,.T.);
#6221=ORIENTED_EDGE('',*,*,#4770,.F.);
#6222=CARTESIAN_POINT('',(-0.082677165354331,0.137795275590551,0.070866141732283));
#6223=VERTEX_POINT('',#6222);
#6224=CARTESIAN_POINT('',(-0.082677165354331,0.137795275590551,0.070866141732283));
#6225=DIRECTION('',(0.0,-1.0,0.0));
#6226=VECTOR('',#6225,0.011811023622047);
#6227=LINE('',#6224,#6226);
#6228=EDGE_CURVE('',#6223,#4756,#6227,.T.);
#6229=ORIENTED_EDGE('',*,*,#6228,.F.);
#6230=CARTESIAN_POINT('',(-0.082677165354331,0.137795275590551,0.070866141732283));
#6231=DIRECTION('',(0.0,0.0,1.0));
#6232=VECTOR('',#6231,0.019685039370079);
#6233=LINE('',#6230,#6232);
#6234=EDGE_CURVE('',#6223,#679,#6233,.T.);
#6235=ORIENTED_EDGE('',*,*,#6234,.T.);
#6236=ORIENTED_EDGE('',*,*,#684,.T.);
#6237=EDGE_LOOP('',(#6219,#6220,#6221,#6229,#6235,#6236));
#6238=FACE_OUTER_BOUND('',#6237,.T.);
#6239=ADVANCED_FACE('',(#6238),#6218,.T.);
#6240=CARTESIAN_POINT('',(-0.07015670827842,0.12992125984252,0.078149606299213));
#6241=DIRECTION('',(0.0,0.0,1.0));
#6242=DIRECTION('',(-0.633988905605505,0.77334214133793,0.0));
#6243=AXIS2_PLACEMENT_3D('',#6240,#6241,#6242);
#6244=CYLINDRICAL_SURFACE('',#6243,0.003937007874016);
#6245=CARTESIAN_POINT('',(-0.07015670827842,0.125984251968504,0.078740157480315));
#6246=VERTEX_POINT('',#6245);
#6247=CARTESIAN_POINT('',(-0.07015670827842,0.12992125984252,0.078740157480315));
#6248=DIRECTION('',(0.0,0.0,1.0));
#6249=DIRECTION('',(0.633988905605538,-0.773342141337902,0.0));
#6250=AXIS2_PLACEMENT_3D('',#6247,#6248,#6249);
#6251=CIRCLE('',#6250,0.003937007874016);
#6252=EDGE_CURVE('',#6246,#4193,#6251,.T.);
#6253=ORIENTED_EDGE('',*,*,#6252,.F.);
#6254=CARTESIAN_POINT('',(-0.07015670827842,0.125984251968504,0.078740157480315));
#6255=DIRECTION('',(0.0,0.0,1.0));
#6256=VECTOR('',#6255,0.011811023622047);
#6257=LINE('',#6254,#6256);
#6258=EDGE_CURVE('',#6246,#653,#6257,.T.);
#6259=ORIENTED_EDGE('',*,*,#6258,.T.);
#6260=ORIENTED_EDGE('',*,*,#659,.T.);
#6261=ORIENTED_EDGE('',*,*,#4204,.T.);
#6262=EDGE_LOOP('',(#6253,#6259,#6260,#6261));
#6263=FACE_OUTER_BOUND('',#6262,.T.);
#6264=ADVANCED_FACE('',(#6263),#6244,.F.);
#6265=CARTESIAN_POINT('',(-0.069727535818325,0.125984251968504,0.091141732283464));
#6266=DIRECTION('',(0.0,1.0,0.0));
#6267=DIRECTION('',(0.0,0.0,1.0));
#6268=AXIS2_PLACEMENT_3D('',#6265,#6266,#6267);
#6269=PLANE('',#6268);
#6270=ORIENTED_EDGE('',*,*,#6209,.F.);
#6271=ORIENTED_EDGE('',*,*,#667,.T.);
#6272=ORIENTED_EDGE('',*,*,#6258,.F.);
#6273=CARTESIAN_POINT('',(-0.070866141732283,0.125984251968504,0.078740157480315));
#6274=DIRECTION('',(1.0,0.0,0.0));
#6275=VECTOR('',#6274,0.000709433453863);
#6276=LINE('',#6273,#6275);
#6277=EDGE_CURVE('',#5412,#6246,#6276,.T.);
#6278=ORIENTED_EDGE('',*,*,#6277,.F.);
#6279=ORIENTED_EDGE('',*,*,#5473,.T.);
#6280=EDGE_LOOP('',(#6270,#6271,#6272,#6278,#6279));
#6281=FACE_OUTER_BOUND('',#6280,.T.);
#6282=ADVANCED_FACE('',(#6281),#6269,.T.);
#6283=CARTESIAN_POINT('',(0.07015670827842,0.12992125984252,0.078149606299213));
#6284=DIRECTION('',(0.0,0.0,1.0));
#6285=DIRECTION('',(0.633988905605506,0.773342141337929,0.0));
#6286=AXIS2_PLACEMENT_3D('',#6283,#6284,#6285);
#6287=CYLINDRICAL_SURFACE('',#6286,0.003937007874016);
#6288=CARTESIAN_POINT('',(0.07015670827842,0.125984251968504,0.078740157480315));
#6289=VERTEX_POINT('',#6288);
#6290=CARTESIAN_POINT('',(0.07015670827842,0.12992125984252,0.078740157480315));
#6291=DIRECTION('',(0.0,0.0,1.0));
#6292=DIRECTION('',(-0.633988905605538,-0.773342141337902,0.0));
#6293=AXIS2_PLACEMENT_3D('',#6290,#6291,#6292);
#6294=CIRCLE('',#6293,0.003937007874016);
#6295=EDGE_CURVE('',#4286,#6289,#6294,.T.);
#6296=ORIENTED_EDGE('',*,*,#6295,.F.);
#6297=ORIENTED_EDGE('',*,*,#4291,.T.);
#6298=ORIENTED_EDGE('',*,*,#592,.T.);
#6299=CARTESIAN_POINT('',(0.07015670827842,0.125984251968504,0.090551181102362));
#6300=DIRECTION('',(0.0,0.0,-1.0));
#6301=VECTOR('',#6300,0.011811023622047);
#6302=LINE('',#6299,#6301);
#6303=EDGE_CURVE('',#580,#6289,#6302,.T.);
#6304=ORIENTED_EDGE('',*,*,#6303,.T.);
#6305=EDGE_LOOP('',(#6296,#6297,#6298,#6304));
#6306=FACE_OUTER_BOUND('',#6305,.T.);
#6307=ADVANCED_FACE('',(#6306),#6287,.F.);
#6308=CARTESIAN_POINT('',(0.078740157480315,0.12992125984252,0.078149606299213));
#6309=DIRECTION('',(0.0,0.0,1.0));
#6310=DIRECTION('',(-0.707106781186546,0.70710678118655,0.0));
#6311=AXIS2_PLACEMENT_3D('',#6308,#6309,#6310);
#6312=CYLINDRICAL_SURFACE('',#6311,0.003937007874016);
#6313=ORIENTED_EDGE('',*,*,#5589,.T.);
#6314=CARTESIAN_POINT('',(0.078740157480315,0.125984251968504,0.078740157480315));
#6315=DIRECTION('',(0.0,0.0,1.0));
#6316=VECTOR('',#6315,0.011811023622047);
#6317=LINE('',#6314,#6316);
#6318=EDGE_CURVE('',#5575,#571,#6317,.T.);
#6319=ORIENTED_EDGE('',*,*,#6318,.T.);
#6320=ORIENTED_EDGE('',*,*,#577,.T.);
#6321=CARTESIAN_POINT('',(0.082677165354331,0.12992125984252,0.090551181102362));
#6322=DIRECTION('',(0.0,0.0,-1.0));
#6323=VECTOR('',#6322,0.011811023622047);
#6324=LINE('',#6321,#6323);
#6325=EDGE_CURVE('',#563,#5583,#6324,.T.);
#6326=ORIENTED_EDGE('',*,*,#6325,.T.);
#6327=EDGE_LOOP('',(#6313,#6319,#6320,#6326));
#6328=FACE_OUTER_BOUND('',#6327,.T.);
#6329=ADVANCED_FACE('',(#6328),#6312,.F.);
#6330=CARTESIAN_POINT('',(0.07916932994041,0.125984251968504,0.091141732283464));
#6331=DIRECTION('',(0.0,1.0,0.0));
#6332=DIRECTION('',(0.0,0.0,1.0));
#6333=AXIS2_PLACEMENT_3D('',#6330,#6331,#6332);
#6334=PLANE('',#6333);
#6335=ORIENTED_EDGE('',*,*,#6303,.F.);
#6336=ORIENTED_EDGE('',*,*,#585,.T.);
#6337=ORIENTED_EDGE('',*,*,#6318,.F.);
#6338=ORIENTED_EDGE('',*,*,#5580,.T.);
#6339=CARTESIAN_POINT('',(0.07015670827842,0.125984251968504,0.078740157480315));
#6340=DIRECTION('',(1.0,0.0,0.0));
#6341=VECTOR('',#6340,0.000709433453863);
#6342=LINE('',#6339,#6341);
#6343=EDGE_CURVE('',#6289,#5567,#6342,.T.);
#6344=ORIENTED_EDGE('',*,*,#6343,.F.);
#6345=EDGE_LOOP('',(#6335,#6336,#6337,#6338,#6344));
#6346=FACE_OUTER_BOUND('',#6345,.T.);
#6347=ADVANCED_FACE('',(#6346),#6334,.T.);
#6348=CARTESIAN_POINT('',(0.124302695817621,0.138385826771653,0.068897637795276));
#6349=DIRECTION('',(0.0,0.0,-1.0));
#6350=DIRECTION('',(-1.0,0.0,0.0));
#6351=AXIS2_PLACEMENT_3D('',#6348,#6349,#6350);
#6352=PLANE('',#6351);
#6353=CARTESIAN_POINT('',(0.124382769920044,0.125984251968504,0.068897637795276));
#6354=VERTEX_POINT('',#6353);
#6355=CARTESIAN_POINT('',(0.125984251968504,0.125984251968504,0.068897637795276));
#6356=DIRECTION('',(-1.0,0.0,0.0));
#6357=VECTOR('',#6356,0.00160148204846);
#6358=LINE('',#6355,#6357);
#6359=EDGE_CURVE('',#5990,#6354,#6358,.T.);
#6360=ORIENTED_EDGE('',*,*,#6359,.T.);
#6361=CARTESIAN_POINT('',(0.124382769920044,0.137795275590551,0.068897637795276));
#6362=DIRECTION('',(0.0,-1.0,0.0));
#6363=VECTOR('',#6362,0.011811023622047);
#6364=LINE('',#6361,#6363);
#6365=EDGE_CURVE('',#4547,#6354,#6364,.T.);
#6366=ORIENTED_EDGE('',*,*,#6365,.F.);
#6367=ORIENTED_EDGE('',*,*,#4552,.F.);
#6368=ORIENTED_EDGE('',*,*,#6001,.T.);
#6369=EDGE_LOOP('',(#6360,#6366,#6367,#6368));
#6370=FACE_OUTER_BOUND('',#6369,.T.);
#6371=ADVANCED_FACE('',(#6370),#6352,.T.);
#6372=CARTESIAN_POINT('',(0.124382769920044,0.138385826771653,0.06496062992126));
#6373=DIRECTION('',(0.0,-1.0,0.0));
#6374=DIRECTION('',(0.877605344039362,0.0,-0.479383833804972));
#6375=AXIS2_PLACEMENT_3D('',#6372,#6373,#6374);
#6376=CYLINDRICAL_SURFACE('',#6375,0.003937007874016);
#6377=CARTESIAN_POINT('',(0.120927630770283,0.125984251968504,0.066847967849626));
#6378=VERTEX_POINT('',#6377);
#6379=CARTESIAN_POINT('',(0.124382769920044,0.125984251968504,0.06496062992126));
#6380=DIRECTION('',(0.0,-1.0,0.0));
#6381=DIRECTION('',(0.877605344039362,0.0,-0.479383833804972));
#6382=AXIS2_PLACEMENT_3D('',#6379,#6380,#6381);
#6383=CIRCLE('',#6382,0.003937007874016);
#6384=EDGE_CURVE('',#6354,#6378,#6383,.T.);
#6385=ORIENTED_EDGE('',*,*,#6384,.T.);
#6386=CARTESIAN_POINT('',(0.120927630770283,0.137795275590551,0.066847967849626));
#6387=DIRECTION('',(0.0,-1.0,0.0));
#6388=VECTOR('',#6387,0.011811023622047);
#6389=LINE('',#6386,#6388);
#6390=EDGE_CURVE('',#4555,#6378,#6389,.T.);
#6391=ORIENTED_EDGE('',*,*,#6390,.F.);
#6392=ORIENTED_EDGE('',*,*,#4561,.F.);
#6393=ORIENTED_EDGE('',*,*,#6365,.T.);
#6394=EDGE_LOOP('',(#6385,#6391,#6392,#6393));
#6395=FACE_OUTER_BOUND('',#6394,.T.);
#6396=ADVANCED_FACE('',(#6395),#6376,.F.);
#6397=CARTESIAN_POINT('',(0.086880205176034,0.138385826771653,0.004517533351804));
#6398=DIRECTION('',(0.877605344039362,0.0,-0.479383833804972));
#6399=DIRECTION('',(-0.479383833804972,0.0,-0.877605344039362));
#6400=AXIS2_PLACEMENT_3D('',#6397,#6398,#6399);
#6401=PLANE('',#6400);
#6402=CARTESIAN_POINT('',(0.088501511156713,0.125984251968504,0.007485649280272));
#6403=VERTEX_POINT('',#6402);
#6404=CARTESIAN_POINT('',(0.120927630770283,0.125984251968504,0.066847967849626));
#6405=DIRECTION('',(-0.479383833804972,0.0,-0.877605344039362));
#6406=VECTOR('',#6405,0.067641245546804);
#6407=LINE('',#6404,#6406);
#6408=EDGE_CURVE('',#6378,#6403,#6407,.T.);
#6409=ORIENTED_EDGE('',*,*,#6408,.T.);
#6410=CARTESIAN_POINT('',(0.088501511156713,0.137795275590551,0.007485649280272));
#6411=DIRECTION('',(0.0,-1.0,0.0));
#6412=VECTOR('',#6411,0.011811023622047);
#6413=LINE('',#6410,#6412);
#6414=EDGE_CURVE('',#4564,#6403,#6413,.T.);
#6415=ORIENTED_EDGE('',*,*,#6414,.F.);
#6416=ORIENTED_EDGE('',*,*,#4569,.F.);
#6417=ORIENTED_EDGE('',*,*,#6390,.T.);
#6418=EDGE_LOOP('',(#6409,#6415,#6416,#6417));
#6419=FACE_OUTER_BOUND('',#6418,.T.);
#6420=ADVANCED_FACE('',(#6419),#6401,.T.);
#6421=CARTESIAN_POINT('',(0.085046372006951,0.138385826771653,0.009372987208638));
#6422=DIRECTION('',(0.0,-1.0,0.0));
#6423=DIRECTION('',(-0.281585130301084,0.0,0.959536249650487));
#6424=AXIS2_PLACEMENT_3D('',#6421,#6422,#6423);
#6425=CYLINDRICAL_SURFACE('',#6424,0.003937007874016);
#6426=CARTESIAN_POINT('',(0.083159034078585,0.125984251968504,0.005917848058877));
#6427=VERTEX_POINT('',#6426);
#6428=CARTESIAN_POINT('',(0.085046372006951,0.125984251968504,0.009372987208638));
#6429=DIRECTION('',(0.0,1.0,0.0));
#6430=DIRECTION('',(0.877605344039362,0.0,-0.479383833804973));
#6431=AXIS2_PLACEMENT_3D('',#6428,#6429,#6430);
#6432=CIRCLE('',#6431,0.003937007874016);
#6433=EDGE_CURVE('',#6403,#6427,#6432,.T.);
#6434=ORIENTED_EDGE('',*,*,#6433,.T.);
#6435=CARTESIAN_POINT('',(0.083159034078585,0.137795275590551,0.005917848058877));
#6436=DIRECTION('',(0.0,-1.0,0.0));
#6437=VECTOR('',#6436,0.011811023622047);
#6438=LINE('',#6435,#6437);
#6439=EDGE_CURVE('',#4572,#6427,#6438,.T.);
#6440=ORIENTED_EDGE('',*,*,#6439,.F.);
#6441=ORIENTED_EDGE('',*,*,#4578,.F.);
#6442=ORIENTED_EDGE('',*,*,#6414,.T.);
#6443=EDGE_LOOP('',(#6434,#6440,#6441,#6442));
#6444=FACE_OUTER_BOUND('',#6443,.T.);
#6445=ADVANCED_FACE('',(#6444),#6425,.T.);
#6446=CARTESIAN_POINT('',(0.068647449649588,0.138385826771653,0.013844667358014));
#6447=DIRECTION('',(-0.479383833804972,0.0,-0.877605344039362));
#6448=DIRECTION('',(-0.877605344039362,0.0,0.479383833804972));
#6449=AXIS2_PLACEMENT_3D('',#6446,#6447,#6448);
#6450=PLANE('',#6449);
#6451=CARTESIAN_POINT('',(0.06933847747954,0.125984251968504,0.013467199772341));
#6452=VERTEX_POINT('',#6451);
#6453=CARTESIAN_POINT('',(0.083159034078585,0.125984251968504,0.005917848058877));
#6454=DIRECTION('',(-0.877605344039362,0.0,0.479383833804972));
#6455=VECTOR('',#6454,0.015748031496063);
#6456=LINE('',#6453,#6455);
#6457=EDGE_CURVE('',#6427,#6452,#6456,.T.);
#6458=ORIENTED_EDGE('',*,*,#6457,.T.);
#6459=CARTESIAN_POINT('',(0.06933847747954,0.137795275590551,0.013467199772341));
#6460=DIRECTION('',(0.0,-1.0,0.0));
#6461=VECTOR('',#6460,0.011811023622047);
#6462=LINE('',#6459,#6461);
#6463=EDGE_CURVE('',#4581,#6452,#6462,.T.);
#6464=ORIENTED_EDGE('',*,*,#6463,.F.);
#6465=ORIENTED_EDGE('',*,*,#4586,.F.);
#6466=ORIENTED_EDGE('',*,*,#6439,.T.);
#6467=EDGE_LOOP('',(#6458,#6464,#6465,#6466));
#6468=FACE_OUTER_BOUND('',#6467,.T.);
#6469=ADVANCED_FACE('',(#6468),#6450,.T.);
#6470=CARTESIAN_POINT('',(0.071225815407906,0.138385826771653,0.016922338922102));
#6471=DIRECTION('',(0.0,-1.0,0.0));
#6472=DIRECTION('',(0.959536249650487,0.0,0.281585130301085));
#6473=AXIS2_PLACEMENT_3D('',#6470,#6471,#6472);
#6474=CYLINDRICAL_SURFACE('',#6473,0.003937007874016);
#6475=CARTESIAN_POINT('',(0.067770676258145,0.125984251968504,0.018809676850468));
#6476=VERTEX_POINT('',#6475);
#6477=CARTESIAN_POINT('',(0.071225815407906,0.125984251968504,0.016922338922102));
#6478=DIRECTION('',(0.0,1.0,0.0));
#6479=DIRECTION('',(-0.479383833804972,0.0,-0.877605344039362));
#6480=AXIS2_PLACEMENT_3D('',#6477,#6478,#6479);
#6481=CIRCLE('',#6480,0.003937007874016);
#6482=EDGE_CURVE('',#6452,#6476,#6481,.T.);
#6483=ORIENTED_EDGE('',*,*,#6482,.T.);
#6484=CARTESIAN_POINT('',(0.067770676258145,0.137795275590551,0.018809676850468));
#6485=DIRECTION('',(0.0,-1.0,0.0));
#6486=VECTOR('',#6485,0.011811023622047);
#6487=LINE('',#6484,#6486);
#6488=EDGE_CURVE('',#4589,#6476,#6487,.T.);
#6489=ORIENTED_EDGE('',*,*,#6488,.F.);
#6490=ORIENTED_EDGE('',*,*,#4595,.F.);
#6491=ORIENTED_EDGE('',*,*,#6463,.T.);
#6492=EDGE_LOOP('',(#6483,#6489,#6490,#6491));
#6493=FACE_OUTER_BOUND('',#6492,.T.);
#6494=ADVANCED_FACE('',(#6493),#6474,.T.);
#6495=CARTESIAN_POINT('',(0.070743233495322,0.138385826771653,0.024251521011342));
#6496=DIRECTION('',(-0.877605344039362,0.0,0.479383833804972));
#6497=DIRECTION('',(0.479383833804972,0.0,0.877605344039362));
#6498=AXIS2_PLACEMENT_3D('',#6495,#6496,#6497);
#6499=PLANE('',#6498);
#6500=CARTESIAN_POINT('',(0.070601683150694,0.125984251968504,0.02399238557511));
#6501=VERTEX_POINT('',#6500);
#6502=CARTESIAN_POINT('',(0.067770676258145,0.125984251968504,0.018809676850468));
#6503=DIRECTION('',(0.479383833804969,0.0,0.877605344039364));
#6504=VECTOR('',#6503,0.005905511811024);
#6505=LINE('',#6502,#6504);
#6506=EDGE_CURVE('',#6476,#6501,#6505,.T.);
#6507=ORIENTED_EDGE('',*,*,#6506,.T.);
#6508=CARTESIAN_POINT('',(0.070601683150694,0.137795275590551,0.02399238557511));
#6509=DIRECTION('',(0.0,-1.0,0.0));
#6510=VECTOR('',#6509,0.011811023622047);
#6511=LINE('',#6508,#6510);
#6512=EDGE_CURVE('',#4598,#6501,#6511,.T.);
#6513=ORIENTED_EDGE('',*,*,#6512,.F.);
#6514=ORIENTED_EDGE('',*,*,#4603,.F.);
#6515=ORIENTED_EDGE('',*,*,#6488,.T.);
#6516=EDGE_LOOP('',(#6507,#6513,#6514,#6515));
#6517=FACE_OUTER_BOUND('',#6516,.T.);
#6518=ADVANCED_FACE('',(#6517),#6499,.T.);
#6519=CARTESIAN_POINT('',(0.074056822300455,0.138385826771653,0.022105047646744));
#6520=DIRECTION('',(0.0,-1.0,0.0));
#6521=DIRECTION('',(0.281585130301085,0.0,-0.959536249650487));
#6522=AXIS2_PLACEMENT_3D('',#6519,#6520,#6521);
#6523=CYLINDRICAL_SURFACE('',#6522,0.003937007874016);
#6524=CARTESIAN_POINT('',(0.075944160228821,0.125984251968504,0.025560186796506));
#6525=VERTEX_POINT('',#6524);
#6526=CARTESIAN_POINT('',(0.074056822300455,0.125984251968504,0.022105047646744));
#6527=DIRECTION('',(0.0,1.0,0.0));
#6528=DIRECTION('',(-0.877605344039362,0.0,0.479383833804972));
#6529=AXIS2_PLACEMENT_3D('',#6526,#6527,#6528);
#6530=CIRCLE('',#6529,0.003937007874016);
#6531=EDGE_CURVE('',#6501,#6525,#6530,.T.);
#6532=ORIENTED_EDGE('',*,*,#6531,.T.);
#6533=CARTESIAN_POINT('',(0.075944160228821,0.137795275590551,0.025560186796506));
#6534=DIRECTION('',(0.0,-1.0,0.0));
#6535=VECTOR('',#6534,0.011811023622047);
#6536=LINE('',#6533,#6535);
#6537=EDGE_CURVE('',#4606,#6525,#6536,.T.);
#6538=ORIENTED_EDGE('',*,*,#6537,.F.);
#6539=ORIENTED_EDGE('',*,*,#4612,.F.);
#6540=ORIENTED_EDGE('',*,*,#6512,.T.);
#6541=EDGE_LOOP('',(#6532,#6538,#6539,#6540));
#6542=FACE_OUTER_BOUND('',#6541,.T.);
#6543=ADVANCED_FACE('',(#6542),#6523,.T.);
#6544=CARTESIAN_POINT('',(0.076583810884328,0.138385826771653,0.025210783519035));
#6545=DIRECTION('',(0.479383833804984,0.0,0.877605344039355));
#6546=DIRECTION('',(0.877605344039355,0.0,-0.479383833804984));
#6547=AXIS2_PLACEMENT_3D('',#6544,#6545,#6546);
#6548=PLANE('',#6547);
#6549=CARTESIAN_POINT('',(0.076553351329304,0.125984251968504,0.025227421770343));
#6550=VERTEX_POINT('',#6549);
#6551=CARTESIAN_POINT('',(0.075944160228821,0.125984251968504,0.025560186796506));
#6552=DIRECTION('',(0.877605344039353,0.0,-0.479383833804989));
#6553=VECTOR('',#6552,0.000694151539323);
#6554=LINE('',#6551,#6553);
#6555=EDGE_CURVE('',#6525,#6550,#6554,.T.);
#6556=ORIENTED_EDGE('',*,*,#6555,.T.);
#6557=CARTESIAN_POINT('',(0.076553351329304,0.137795275590551,0.025227421770343));
#6558=DIRECTION('',(0.0,-1.0,0.0));
#6559=VECTOR('',#6558,0.011811023622047);
#6560=LINE('',#6557,#6559);
#6561=EDGE_CURVE('',#4615,#6550,#6560,.T.);
#6562=ORIENTED_EDGE('',*,*,#6561,.F.);
#6563=ORIENTED_EDGE('',*,*,#4620,.F.);
#6564=ORIENTED_EDGE('',*,*,#6537,.T.);
#6565=EDGE_LOOP('',(#6556,#6562,#6563,#6564));
#6566=FACE_OUTER_BOUND('',#6565,.T.);
#6567=ADVANCED_FACE('',(#6566),#6548,.T.);
#6568=CARTESIAN_POINT('',(0.07844068925767,0.138385826771653,0.028682560920105));
#6569=DIRECTION('',(0.0,-1.0,0.0));
#6570=DIRECTION('',(-0.877605344039362,0.0,0.479383833804972));
#6571=AXIS2_PLACEMENT_3D('',#6568,#6569,#6570);
#6572=CYLINDRICAL_SURFACE('',#6571,0.003937007874016);
#6573=CARTESIAN_POINT('',(0.081895828407431,0.125984251968504,0.026795222991739));
#6574=VERTEX_POINT('',#6573);
#6575=CARTESIAN_POINT('',(0.07844068925767,0.125984251968504,0.028682560920105));
#6576=DIRECTION('',(0.0,-1.0,0.0));
#6577=DIRECTION('',(-0.877605344039362,0.0,0.479383833804972));
#6578=AXIS2_PLACEMENT_3D('',#6575,#6576,#6577);
#6579=CIRCLE('',#6578,0.003937007874016);
#6580=EDGE_CURVE('',#6550,#6574,#6579,.T.);
#6581=ORIENTED_EDGE('',*,*,#6580,.T.);
#6582=CARTESIAN_POINT('',(0.081895828407431,0.137795275590551,0.026795222991739));
#6583=DIRECTION('',(0.0,-1.0,0.0));
#6584=VECTOR('',#6583,0.011811023622047);
#6585=LINE('',#6582,#6584);
#6586=EDGE_CURVE('',#4623,#6574,#6585,.T.);
#6587=ORIENTED_EDGE('',*,*,#6586,.F.);
#6588=ORIENTED_EDGE('',*,*,#4629,.F.);
#6589=ORIENTED_EDGE('',*,*,#6561,.T.);
#6590=EDGE_LOOP('',(#6581,#6587,#6588,#6589));
#6591=FACE_OUTER_BOUND('',#6590,.T.);
#6592=ADVANCED_FACE('',(#6591),#6572,.F.);
#6593=CARTESIAN_POINT('',(0.085035620535381,0.138385826771653,0.032543223146001));
#6594=DIRECTION('',(-0.877605344039362,0.0,0.479383833804971));
#6595=DIRECTION('',(0.479383833804971,0.0,0.877605344039362));
#6596=AXIS2_PLACEMENT_3D('',#6593,#6594,#6595);
#6597=PLANE('',#6596);
#6598=CARTESIAN_POINT('',(0.084886106624527,0.125984251968504,0.03226950885294));
#6599=VERTEX_POINT('',#6598);
#6600=CARTESIAN_POINT('',(0.081895828407431,0.125984251968504,0.026795222991739));
#6601=DIRECTION('',(0.479383833804971,0.0,0.877605344039362));
#6602=VECTOR('',#6601,0.006237753562444);
#6603=LINE('',#6600,#6602);
#6604=EDGE_CURVE('',#6574,#6599,#6603,.T.);
#6605=ORIENTED_EDGE('',*,*,#6604,.T.);
#6606=CARTESIAN_POINT('',(0.084886106624527,0.137795275590551,0.03226950885294));
#6607=DIRECTION('',(0.0,-1.0,0.0));
#6608=VECTOR('',#6607,0.011811023622047);
#6609=LINE('',#6606,#6608);
#6610=EDGE_CURVE('',#4632,#6599,#6609,.T.);
#6611=ORIENTED_EDGE('',*,*,#6610,.F.);
#6612=ORIENTED_EDGE('',*,*,#4637,.F.);
#6613=ORIENTED_EDGE('',*,*,#6586,.T.);
#6614=EDGE_LOOP('',(#6605,#6611,#6612,#6613));
#6615=FACE_OUTER_BOUND('',#6614,.T.);
#6616=ADVANCED_FACE('',(#6615),#6597,.T.);
#6617=CARTESIAN_POINT('',(0.081430967474765,0.138385826771653,0.034156846781306));
#6618=DIRECTION('',(0.0,-1.0,0.0));
#6619=DIRECTION('',(-0.554700196225229,0.0,-0.832050294337844));
#6620=AXIS2_PLACEMENT_3D('',#6617,#6618,#6619);
#6621=CYLINDRICAL_SURFACE('',#6620,0.003937007874016);
#6622=CARTESIAN_POINT('',(0.083614826515022,0.125984251968504,0.037432635341691));
#6623=VERTEX_POINT('',#6622);
#6624=CARTESIAN_POINT('',(0.081430967474765,0.125984251968504,0.034156846781306));
#6625=DIRECTION('',(0.0,-1.0,0.0));
#6626=DIRECTION('',(-0.554700196225229,0.0,-0.832050294337844));
#6627=AXIS2_PLACEMENT_3D('',#6624,#6625,#6626);
#6628=CIRCLE('',#6627,0.003937007874016);
#6629=EDGE_CURVE('',#6599,#6623,#6628,.T.);
#6630=ORIENTED_EDGE('',*,*,#6629,.T.);
#6631=CARTESIAN_POINT('',(0.083614826515022,0.137795275590551,0.037432635341691));
#6632=DIRECTION('',(0.0,-1.0,0.0));
#6633=VECTOR('',#6632,0.011811023622047);
#6634=LINE('',#6631,#6633);
#6635=EDGE_CURVE('',#4640,#6623,#6634,.T.);
#6636=ORIENTED_EDGE('',*,*,#6635,.F.);
#6637=ORIENTED_EDGE('',*,*,#4646,.F.);
#6638=ORIENTED_EDGE('',*,*,#6610,.T.);
#6639=EDGE_LOOP('',(#6630,#6636,#6637,#6638));
#6640=FACE_OUTER_BOUND('',#6639,.T.);
#6641=ADVANCED_FACE('',(#6640),#6621,.F.);
#6642=CARTESIAN_POINT('',(0.078083038201807,0.138385826771653,0.041120494217167));
#6643=DIRECTION('',(-0.554700196225229,0.0,-0.832050294337844));
#6644=DIRECTION('',(-0.832050294337844,0.0,0.554700196225229));
#6645=AXIS2_PLACEMENT_3D('',#6642,#6643,#6644);
#6646=PLANE('',#6645);
#6647=CARTESIAN_POINT('',(0.078346456692913,0.125984251968504,0.040944881889764));
#6648=VERTEX_POINT('',#6647);
#6649=CARTESIAN_POINT('',(0.078346456692913,0.137795275590551,0.040944881889764));
#6650=DIRECTION('',(0.0,-1.0,0.0));
#6651=VECTOR('',#6650,0.011811023622047);
#6652=LINE('',#6649,#6651);
#6653=EDGE_CURVE('',#4464,#6648,#6652,.T.);
#6654=ORIENTED_EDGE('',*,*,#6653,.F.);
#6655=ORIENTED_EDGE('',*,*,#4652,.F.);
#6656=ORIENTED_EDGE('',*,*,#6635,.T.);
#6657=CARTESIAN_POINT('',(0.083614826515022,0.125984251968504,0.037432635341691));
#6658=DIRECTION('',(-0.832050294337844,0.0,0.554700196225229));
#6659=VECTOR('',#6658,0.006331792510574);
#6660=LINE('',#6657,#6659);
#6661=EDGE_CURVE('',#6623,#6648,#6660,.T.);
#6662=ORIENTED_EDGE('',*,*,#6661,.T.);
#6663=EDGE_LOOP('',(#6654,#6655,#6656,#6662));
#6664=FACE_OUTER_BOUND('',#6663,.T.);
#6665=ADVANCED_FACE('',(#6664),#6646,.T.);
#6666=CARTESIAN_POINT('',(0.090921646852608,0.138385826771653,0.05511811023622));
#6667=DIRECTION('',(0.0,0.0,1.0));
#6668=DIRECTION('',(1.0,0.0,0.0));
#6669=AXIS2_PLACEMENT_3D('',#6666,#6667,#6668);
#6670=PLANE('',#6669);
#6671=CARTESIAN_POINT('',(0.090551181102362,0.125984251968504,0.05511811023622));
#6672=VERTEX_POINT('',#6671);
#6673=CARTESIAN_POINT('',(0.083141866097441,0.125984251968504,0.05511811023622));
#6674=DIRECTION('',(1.0,0.0,0.0));
#6675=VECTOR('',#6674,0.007409315004921);
#6676=LINE('',#6673,#6675);
#6677=EDGE_CURVE('',#4671,#6672,#6676,.T.);
#6678=ORIENTED_EDGE('',*,*,#6677,.T.);
#6679=CARTESIAN_POINT('',(0.090551181102362,0.137795275590551,0.05511811023622));
#6680=DIRECTION('',(0.0,-1.0,0.0));
#6681=VECTOR('',#6680,0.011811023622047);
#6682=LINE('',#6679,#6681);
#6683=EDGE_CURVE('',#4481,#6672,#6682,.T.);
#6684=ORIENTED_EDGE('',*,*,#6683,.F.);
#6685=ORIENTED_EDGE('',*,*,#4486,.F.);
#6686=ORIENTED_EDGE('',*,*,#4683,.T.);
#6687=EDGE_LOOP('',(#6678,#6684,#6685,#6686));
#6688=FACE_OUTER_BOUND('',#6687,.T.);
#6689=ADVANCED_FACE('',(#6688),#6670,.T.);
#6690=CARTESIAN_POINT('',(0.090551181102362,0.138385826771653,0.059055118110236));
#6691=DIRECTION('',(0.0,-1.0,0.0));
#6692=DIRECTION('',(-1.0,0.0,0.0));
#6693=AXIS2_PLACEMENT_3D('',#6690,#6691,#6692);
#6694=CYLINDRICAL_SURFACE('',#6693,0.003937007874016);
#6695=CARTESIAN_POINT('',(0.094488188976378,0.125984251968504,0.059055118110236));
#6696=VERTEX_POINT('',#6695);
#6697=CARTESIAN_POINT('',(0.090551181102362,0.125984251968504,0.059055118110236));
#6698=DIRECTION('',(0.0,-1.0,0.0));
#6699=DIRECTION('',(-1.0,0.0,0.0));
#6700=AXIS2_PLACEMENT_3D('',#6697,#6698,#6699);
#6701=CIRCLE('',#6700,0.003937007874016);
#6702=EDGE_CURVE('',#6672,#6696,#6701,.T.);
#6703=ORIENTED_EDGE('',*,*,#6702,.T.);
#6704=CARTESIAN_POINT('',(0.094488188976378,0.137795275590551,0.059055118110236));
#6705=DIRECTION('',(0.0,-1.0,0.0));
#6706=VECTOR('',#6705,0.011811023622047);
#6707=LINE('',#6704,#6706);
#6708=EDGE_CURVE('',#4489,#6696,#6707,.T.);
#6709=ORIENTED_EDGE('',*,*,#6708,.F.);
#6710=ORIENTED_EDGE('',*,*,#4495,.F.);
#6711=ORIENTED_EDGE('',*,*,#6683,.T.);
#6712=EDGE_LOOP('',(#6703,#6709,#6710,#6711));
#6713=FACE_OUTER_BOUND('',#6712,.T.);
#6714=ADVANCED_FACE('',(#6713),#6694,.F.);
#6715=CARTESIAN_POINT('',(0.094488188976378,0.138385826771653,0.063188976377953));
#6716=DIRECTION('',(-1.0,0.0,0.0));
#6717=DIRECTION('',(0.0,0.0,1.0));
#6718=AXIS2_PLACEMENT_3D('',#6715,#6716,#6717);
#6719=PLANE('',#6718);
#6720=CARTESIAN_POINT('',(0.094488188976378,0.125984251968504,0.062992125984252));
#6721=VERTEX_POINT('',#6720);
#6722=CARTESIAN_POINT('',(0.094488188976378,0.125984251968504,0.059055118110236));
#6723=DIRECTION('',(0.0,0.0,1.0));
#6724=VECTOR('',#6723,0.003937007874016);
#6725=LINE('',#6722,#6724);
#6726=EDGE_CURVE('',#6696,#6721,#6725,.T.);
#6727=ORIENTED_EDGE('',*,*,#6726,.T.);
#6728=CARTESIAN_POINT('',(0.094488188976378,0.137795275590551,0.062992125984252));
#6729=DIRECTION('',(0.0,-1.0,0.0));
#6730=VECTOR('',#6729,0.011811023622047);
#6731=LINE('',#6728,#6730);
#6732=EDGE_CURVE('',#4498,#6721,#6731,.T.);
#6733=ORIENTED_EDGE('',*,*,#6732,.F.);
#6734=ORIENTED_EDGE('',*,*,#4503,.F.);
#6735=ORIENTED_EDGE('',*,*,#6708,.T.);
#6736=EDGE_LOOP('',(#6727,#6733,#6734,#6735));
#6737=FACE_OUTER_BOUND('',#6736,.T.);
#6738=ADVANCED_FACE('',(#6737),#6719,.T.);
#6739=CARTESIAN_POINT('',(0.090551181102362,0.138385826771653,0.062992125984252));
#6740=DIRECTION('',(0.0,-1.0,0.0));
#6741=DIRECTION('',(0.0,0.0,-1.0));
#6742=AXIS2_PLACEMENT_3D('',#6739,#6740,#6741);
#6743=CYLINDRICAL_SURFACE('',#6742,0.003937007874016);
#6744=CARTESIAN_POINT('',(0.090551181102362,0.125984251968504,0.066929133858268));
#6745=VERTEX_POINT('',#6744);
#6746=CARTESIAN_POINT('',(0.090551181102362,0.125984251968504,0.062992125984252));
#6747=DIRECTION('',(0.0,-1.0,0.0));
#6748=DIRECTION('',(0.0,0.0,-1.0));
#6749=AXIS2_PLACEMENT_3D('',#6746,#6747,#6748);
#6750=CIRCLE('',#6749,0.003937007874016);
#6751=EDGE_CURVE('',#6721,#6745,#6750,.T.);
#6752=ORIENTED_EDGE('',*,*,#6751,.T.);
#6753=CARTESIAN_POINT('',(0.090551181102362,0.137795275590551,0.066929133858268));
#6754=DIRECTION('',(0.0,-1.0,0.0));
#6755=VECTOR('',#6754,0.011811023622047);
#6756=LINE('',#6753,#6755);
#6757=EDGE_CURVE('',#4506,#6745,#6756,.T.);
#6758=ORIENTED_EDGE('',*,*,#6757,.F.);
#6759=ORIENTED_EDGE('',*,*,#4512,.F.);
#6760=ORIENTED_EDGE('',*,*,#6732,.T.);
#6761=EDGE_LOOP('',(#6752,#6758,#6759,#6760));
#6762=FACE_OUTER_BOUND('',#6761,.T.);
#6763=ADVANCED_FACE('',(#6762),#6743,.F.);
#6764=CARTESIAN_POINT('',(0.086417322834645,0.138385826771653,0.066929133858268));
#6765=DIRECTION('',(0.0,0.0,-1.0));
#6766=DIRECTION('',(-1.0,0.0,0.0));
#6767=AXIS2_PLACEMENT_3D('',#6764,#6765,#6766);
#6768=PLANE('',#6767);
#6769=CARTESIAN_POINT('',(0.086614173228346,0.125984251968504,0.066929133858268));
#6770=VERTEX_POINT('',#6769);
#6771=CARTESIAN_POINT('',(0.090551181102362,0.125984251968504,0.066929133858268));
#6772=DIRECTION('',(-1.0,0.0,0.0));
#6773=VECTOR('',#6772,0.003937007874016);
#6774=LINE('',#6771,#6773);
#6775=EDGE_CURVE('',#6745,#6770,#6774,.T.);
#6776=ORIENTED_EDGE('',*,*,#6775,.T.);
#6777=CARTESIAN_POINT('',(0.086614173228346,0.137795275590551,0.066929133858268));
#6778=DIRECTION('',(0.0,-1.0,0.0));
#6779=VECTOR('',#6778,0.011811023622047);
#6780=LINE('',#6777,#6779);
#6781=EDGE_CURVE('',#4515,#6770,#6780,.T.);
#6782=ORIENTED_EDGE('',*,*,#6781,.F.);
#6783=ORIENTED_EDGE('',*,*,#4520,.F.);
#6784=ORIENTED_EDGE('',*,*,#6757,.T.);
#6785=EDGE_LOOP('',(#6776,#6782,#6783,#6784));
#6786=FACE_OUTER_BOUND('',#6785,.T.);
#6787=ADVANCED_FACE('',(#6786),#6768,.T.);
#6788=CARTESIAN_POINT('',(0.086614173228346,0.138385826771653,0.070866141732283));
#6789=DIRECTION('',(0.0,-1.0,0.0));
#6790=DIRECTION('',(0.707106781186548,0.0,0.707106781186547));
#6791=AXIS2_PLACEMENT_3D('',#6788,#6789,#6790);
#6792=CYLINDRICAL_SURFACE('',#6791,0.003937007874016);
#6793=CARTESIAN_POINT('',(0.082677165354331,0.125984251968504,0.070866141732283));
#6794=VERTEX_POINT('',#6793);
#6795=CARTESIAN_POINT('',(0.086614173228346,0.125984251968504,0.070866141732283));
#6796=DIRECTION('',(0.0,1.0,0.0));
#6797=DIRECTION('',(0.0,0.0,-1.0));
#6798=AXIS2_PLACEMENT_3D('',#6795,#6796,#6797);
#6799=CIRCLE('',#6798,0.003937007874016);
#6800=EDGE_CURVE('',#6770,#6794,#6799,.T.);
#6801=ORIENTED_EDGE('',*,*,#6800,.T.);
#6802=CARTESIAN_POINT('',(0.082677165354331,0.137795275590551,0.070866141732283));
#6803=DIRECTION('',(0.0,-1.0,0.0));
#6804=VECTOR('',#6803,0.011811023622047);
#6805=LINE('',#6802,#6804);
#6806=EDGE_CURVE('',#4523,#6794,#6805,.T.);
#6807=ORIENTED_EDGE('',*,*,#6806,.F.);
#6808=ORIENTED_EDGE('',*,*,#4529,.F.);
#6809=ORIENTED_EDGE('',*,*,#6781,.T.);
#6810=EDGE_LOOP('',(#6801,#6807,#6808,#6809));
#6811=FACE_OUTER_BOUND('',#6810,.T.);
#6812=ADVANCED_FACE('',(#6811),#6792,.T.);
#6813=CARTESIAN_POINT('',(0.128918969158608,0.125984251968504,0.082405311355973));
#6814=DIRECTION('',(0.0,1.0,0.0));
#6815=DIRECTION('',(0.0,0.0,1.0));
#6816=AXIS2_PLACEMENT_3D('',#6813,#6814,#6815);
#6817=PLANE('',#6816);
#6818=CARTESIAN_POINT('',(0.078346456692913,0.125984251968504,0.040944881889764));
#6819=DIRECTION('',(0.164398987305357,0.0,0.986393923832144));
#6820=VECTOR('',#6819,0.013378047500841);
#6821=LINE('',#6818,#6820);
#6822=EDGE_CURVE('',#6648,#4663,#6821,.T.);
#6823=ORIENTED_EDGE('',*,*,#6822,.F.);
#6824=ORIENTED_EDGE('',*,*,#6661,.F.);
#6825=ORIENTED_EDGE('',*,*,#6629,.F.);
#6826=ORIENTED_EDGE('',*,*,#6604,.F.);
#6827=ORIENTED_EDGE('',*,*,#6580,.F.);
#6828=ORIENTED_EDGE('',*,*,#6555,.F.);
#6829=ORIENTED_EDGE('',*,*,#6531,.F.);
#6830=ORIENTED_EDGE('',*,*,#6506,.F.);
#6831=ORIENTED_EDGE('',*,*,#6482,.F.);
#6832=ORIENTED_EDGE('',*,*,#6457,.F.);
#6833=ORIENTED_EDGE('',*,*,#6433,.F.);
#6834=ORIENTED_EDGE('',*,*,#6408,.F.);
#6835=ORIENTED_EDGE('',*,*,#6384,.F.);
#6836=ORIENTED_EDGE('',*,*,#6359,.F.);
#6837=ORIENTED_EDGE('',*,*,#5995,.F.);
#6838=ORIENTED_EDGE('',*,*,#5605,.F.);
#6839=CARTESIAN_POINT('',(0.082677165354331,0.125984251968504,0.070866141732283));
#6840=DIRECTION('',(0.0,0.0,1.0));
#6841=VECTOR('',#6840,0.007874015748032);
#6842=LINE('',#6839,#6841);
#6843=EDGE_CURVE('',#6794,#5592,#6842,.T.);
#6844=ORIENTED_EDGE('',*,*,#6843,.F.);
#6845=ORIENTED_EDGE('',*,*,#6800,.F.);
#6846=ORIENTED_EDGE('',*,*,#6775,.F.);
#6847=ORIENTED_EDGE('',*,*,#6751,.F.);
#6848=ORIENTED_EDGE('',*,*,#6726,.F.);
#6849=ORIENTED_EDGE('',*,*,#6702,.F.);
#6850=ORIENTED_EDGE('',*,*,#6677,.F.);
#6851=ORIENTED_EDGE('',*,*,#4677,.F.);
#6852=EDGE_LOOP('',(#6823,#6824,#6825,#6826,#6827,#6828,#6829,#6830,#6831,#6832,#6833,#6834,#6835,#6836,#6837,#6838,#6844,#6845,#6846,#6847,#6848,#6849,#6850,#6851));
#6853=FACE_OUTER_BOUND('',#6852,.T.);
#6854=ADVANCED_FACE('',(#6853),#6817,.F.);
#6855=CARTESIAN_POINT('',(-0.124302695817621,0.138385826771653,0.068897637795276));
#6856=DIRECTION('',(0.0,0.0,1.0));
#6857=DIRECTION('',(1.0,0.0,0.0));
#6858=AXIS2_PLACEMENT_3D('',#6855,#6856,#6857);
#6859=PLANE('',#6858);
#6860=ORIENTED_EDGE('',*,*,#4794,.F.);
#6861=CARTESIAN_POINT('',(-0.125984251968504,0.137795275590551,0.068897637795276));
#6862=VERTEX_POINT('',#6861);
#6863=CARTESIAN_POINT('',(-0.125984251968504,0.137795275590551,0.068897637795276));
#6864=DIRECTION('',(0.0,-1.0,0.0));
#6865=VECTOR('',#6864,0.011811023622047);
#6866=LINE('',#6863,#6865);
#6867=EDGE_CURVE('',#6862,#4781,#6866,.T.);
#6868=ORIENTED_EDGE('',*,*,#6867,.F.);
#6869=CARTESIAN_POINT('',(-0.124382769920044,0.137795275590551,0.068897637795276));
#6870=VERTEX_POINT('',#6869);
#6871=CARTESIAN_POINT('',(-0.125984251968504,0.137795275590551,0.068897637795276));
#6872=DIRECTION('',(1.0,0.0,0.0));
#6873=VECTOR('',#6872,0.00160148204846);
#6874=LINE('',#6871,#6873);
#6875=EDGE_CURVE('',#6862,#6870,#6874,.T.);
#6876=ORIENTED_EDGE('',*,*,#6875,.T.);
#6877=CARTESIAN_POINT('',(-0.124382769920044,0.137795275590551,0.068897637795276));
#6878=DIRECTION('',(0.0,-1.0,0.0));
#6879=VECTOR('',#6878,0.011811023622047);
#6880=LINE('',#6877,#6879);
#6881=EDGE_CURVE('',#6870,#4789,#6880,.T.);
#6882=ORIENTED_EDGE('',*,*,#6881,.T.);
#6883=EDGE_LOOP('',(#6860,#6868,#6876,#6882));
#6884=FACE_OUTER_BOUND('',#6883,.T.);
#6885=ADVANCED_FACE('',(#6884),#6859,.F.);
#6886=CARTESIAN_POINT('',(-0.124382769920044,0.125393700787402,0.06496062992126));
#6887=DIRECTION('',(0.0,1.0,0.0));
#6888=DIRECTION('',(-0.877605344039362,0.0,-0.479383833804972));
#6889=AXIS2_PLACEMENT_3D('',#6886,#6887,#6888);
#6890=CYLINDRICAL_SURFACE('',#6889,0.003937007874016);
#6891=ORIENTED_EDGE('',*,*,#4803,.F.);
#6892=ORIENTED_EDGE('',*,*,#6881,.F.);
#6893=CARTESIAN_POINT('',(-0.120927630770283,0.137795275590551,0.066847967849626));
#6894=VERTEX_POINT('',#6893);
#6895=CARTESIAN_POINT('',(-0.124382769920044,0.137795275590551,0.06496062992126));
#6896=DIRECTION('',(0.0,1.0,0.0));
#6897=DIRECTION('',(-0.877605344039362,0.0,-0.479383833804972));
#6898=AXIS2_PLACEMENT_3D('',#6895,#6896,#6897);
#6899=CIRCLE('',#6898,0.003937007874016);
#6900=EDGE_CURVE('',#6870,#6894,#6899,.T.);
#6901=ORIENTED_EDGE('',*,*,#6900,.T.);
#6902=CARTESIAN_POINT('',(-0.120927630770283,0.137795275590551,0.066847967849626));
#6903=DIRECTION('',(0.0,-1.0,0.0));
#6904=VECTOR('',#6903,0.011811023622047);
#6905=LINE('',#6902,#6904);
#6906=EDGE_CURVE('',#6894,#4797,#6905,.T.);
#6907=ORIENTED_EDGE('',*,*,#6906,.T.);
#6908=EDGE_LOOP('',(#6891,#6892,#6901,#6907));
#6909=FACE_OUTER_BOUND('',#6908,.T.);
#6910=ADVANCED_FACE('',(#6909),#6890,.F.);
#6911=CARTESIAN_POINT('',(-0.086880205176034,0.138385826771653,0.004517533351804));
#6912=DIRECTION('',(0.877605344039362,0.0,0.479383833804972));
#6913=DIRECTION('',(0.479383833804972,0.0,-0.877605344039362));
#6914=AXIS2_PLACEMENT_3D('',#6911,#6912,#6913);
#6915=PLANE('',#6914);
#6916=ORIENTED_EDGE('',*,*,#4811,.F.);
#6917=ORIENTED_EDGE('',*,*,#6906,.F.);
#6918=CARTESIAN_POINT('',(-0.088501511156712,0.137795275590551,0.007485649280272));
#6919=VERTEX_POINT('',#6918);
#6920=CARTESIAN_POINT('',(-0.120927630770283,0.137795275590551,0.066847967849626));
#6921=DIRECTION('',(0.479383833804972,0.0,-0.877605344039362));
#6922=VECTOR('',#6921,0.067641245546804);
#6923=LINE('',#6920,#6922);
#6924=EDGE_CURVE('',#6894,#6919,#6923,.T.);
#6925=ORIENTED_EDGE('',*,*,#6924,.T.);
#6926=CARTESIAN_POINT('',(-0.088501511156712,0.137795275590551,0.007485649280272));
#6927=DIRECTION('',(0.0,-1.0,0.0));
#6928=VECTOR('',#6927,0.011811023622047);
#6929=LINE('',#6926,#6928);
#6930=EDGE_CURVE('',#6919,#4806,#6929,.T.);
#6931=ORIENTED_EDGE('',*,*,#6930,.T.);
#6932=EDGE_LOOP('',(#6916,#6917,#6925,#6931));
#6933=FACE_OUTER_BOUND('',#6932,.T.);
#6934=ADVANCED_FACE('',(#6933),#6915,.F.);
#6935=CARTESIAN_POINT('',(-0.085046372006951,0.125393700787402,0.009372987208638));
#6936=DIRECTION('',(0.0,1.0,0.0));
#6937=DIRECTION('',(0.281585130301084,0.0,0.959536249650487));
#6938=AXIS2_PLACEMENT_3D('',#6935,#6936,#6937);
#6939=CYLINDRICAL_SURFACE('',#6938,0.003937007874016);
#6940=ORIENTED_EDGE('',*,*,#4820,.F.);
#6941=ORIENTED_EDGE('',*,*,#6930,.F.);
#6942=CARTESIAN_POINT('',(-0.083159034078585,0.137795275590551,0.005917848058877));
#6943=VERTEX_POINT('',#6942);
#6944=CARTESIAN_POINT('',(-0.085046372006951,0.137795275590551,0.009372987208638));
#6945=DIRECTION('',(0.0,-1.0,0.0));
#6946=DIRECTION('',(-0.877605344039362,0.0,-0.479383833804973));
#6947=AXIS2_PLACEMENT_3D('',#6944,#6945,#6946);
#6948=CIRCLE('',#6947,0.003937007874016);
#6949=EDGE_CURVE('',#6919,#6943,#6948,.T.);
#6950=ORIENTED_EDGE('',*,*,#6949,.T.);
#6951=CARTESIAN_POINT('',(-0.083159034078585,0.137795275590551,0.005917848058877));
#6952=DIRECTION('',(0.0,-1.0,0.0));
#6953=VECTOR('',#6952,0.011811023622047);
#6954=LINE('',#6951,#6953);
#6955=EDGE_CURVE('',#6943,#4814,#6954,.T.);
#6956=ORIENTED_EDGE('',*,*,#6955,.T.);
#6957=EDGE_LOOP('',(#6940,#6941,#6950,#6956));
#6958=FACE_OUTER_BOUND('',#6957,.T.);
#6959=ADVANCED_FACE('',(#6958),#6939,.T.);
#6960=CARTESIAN_POINT('',(-0.068647449649588,0.138385826771653,0.013844667358014));
#6961=DIRECTION('',(-0.479383833804972,0.0,0.877605344039362));
#6962=DIRECTION('',(0.877605344039362,0.0,0.479383833804972));
#6963=AXIS2_PLACEMENT_3D('',#6960,#6961,#6962);
#6964=PLANE('',#6963);
#6965=ORIENTED_EDGE('',*,*,#4828,.F.);
#6966=ORIENTED_EDGE('',*,*,#6955,.F.);
#6967=CARTESIAN_POINT('',(-0.06933847747954,0.137795275590551,0.013467199772341));
#6968=VERTEX_POINT('',#6967);
#6969=CARTESIAN_POINT('',(-0.083159034078585,0.137795275590551,0.005917848058877));
#6970=DIRECTION('',(0.877605344039362,0.0,0.479383833804972));
#6971=VECTOR('',#6970,0.015748031496063);
#6972=LINE('',#6969,#6971);
#6973=EDGE_CURVE('',#6943,#6968,#6972,.T.);
#6974=ORIENTED_EDGE('',*,*,#6973,.T.);
#6975=CARTESIAN_POINT('',(-0.06933847747954,0.137795275590551,0.013467199772341));
#6976=DIRECTION('',(0.0,-1.0,0.0));
#6977=VECTOR('',#6976,0.011811023622047);
#6978=LINE('',#6975,#6977);
#6979=EDGE_CURVE('',#6968,#4823,#6978,.T.);
#6980=ORIENTED_EDGE('',*,*,#6979,.T.);
#6981=EDGE_LOOP('',(#6965,#6966,#6974,#6980));
#6982=FACE_OUTER_BOUND('',#6981,.T.);
#6983=ADVANCED_FACE('',(#6982),#6964,.F.);
#6984=CARTESIAN_POINT('',(-0.071225815407906,0.125393700787402,0.016922338922102));
#6985=DIRECTION('',(0.0,1.0,0.0));
#6986=DIRECTION('',(-0.959536249650487,0.0,0.281585130301085));
#6987=AXIS2_PLACEMENT_3D('',#6984,#6985,#6986);
#6988=CYLINDRICAL_SURFACE('',#6987,0.003937007874016);
#6989=ORIENTED_EDGE('',*,*,#4837,.F.);
#6990=ORIENTED_EDGE('',*,*,#6979,.F.);
#6991=CARTESIAN_POINT('',(-0.067770676258145,0.137795275590551,0.018809676850468));
#6992=VERTEX_POINT('',#6991);
#6993=CARTESIAN_POINT('',(-0.071225815407906,0.137795275590551,0.016922338922102));
#6994=DIRECTION('',(0.0,-1.0,0.0));
#6995=DIRECTION('',(0.479383833804972,0.0,-0.877605344039362));
#6996=AXIS2_PLACEMENT_3D('',#6993,#6994,#6995);
#6997=CIRCLE('',#6996,0.003937007874016);
#6998=EDGE_CURVE('',#6968,#6992,#6997,.T.);
#6999=ORIENTED_EDGE('',*,*,#6998,.T.);
#7000=CARTESIAN_POINT('',(-0.067770676258145,0.137795275590551,0.018809676850468));
#7001=DIRECTION('',(0.0,-1.0,0.0));
#7002=VECTOR('',#7001,0.011811023622047);
#7003=LINE('',#7000,#7002);
#7004=EDGE_CURVE('',#6992,#4831,#7003,.T.);
#7005=ORIENTED_EDGE('',*,*,#7004,.T.);
#7006=EDGE_LOOP('',(#6989,#6990,#6999,#7005));
#7007=FACE_OUTER_BOUND('',#7006,.T.);
#7008=ADVANCED_FACE('',(#7007),#6988,.T.);
#7009=CARTESIAN_POINT('',(-0.070743233495322,0.138385826771653,0.024251521011342));
#7010=DIRECTION('',(-0.877605344039362,0.0,-0.479383833804972));
#7011=DIRECTION('',(-0.479383833804972,0.0,0.877605344039362));
#7012=AXIS2_PLACEMENT_3D('',#7009,#7010,#7011);
#7013=PLANE('',#7012);
#7014=ORIENTED_EDGE('',*,*,#4845,.F.);
#7015=ORIENTED_EDGE('',*,*,#7004,.F.);
#7016=CARTESIAN_POINT('',(-0.070601683150694,0.137795275590551,0.02399238557511));
#7017=VERTEX_POINT('',#7016);
#7018=CARTESIAN_POINT('',(-0.067770676258145,0.137795275590551,0.018809676850468));
#7019=DIRECTION('',(-0.479383833804969,0.0,0.877605344039364));
#7020=VECTOR('',#7019,0.005905511811024);
#7021=LINE('',#7018,#7020);
#7022=EDGE_CURVE('',#6992,#7017,#7021,.T.);
#7023=ORIENTED_EDGE('',*,*,#7022,.T.);
#7024=CARTESIAN_POINT('',(-0.070601683150694,0.137795275590551,0.02399238557511));
#7025=DIRECTION('',(0.0,-1.0,0.0));
#7026=VECTOR('',#7025,0.011811023622047);
#7027=LINE('',#7024,#7026);
#7028=EDGE_CURVE('',#7017,#4840,#7027,.T.);
#7029=ORIENTED_EDGE('',*,*,#7028,.T.);
#7030=EDGE_LOOP('',(#7014,#7015,#7023,#7029));
#7031=FACE_OUTER_BOUND('',#7030,.T.);
#7032=ADVANCED_FACE('',(#7031),#7013,.F.);
#7033=CARTESIAN_POINT('',(-0.074056822300455,0.125393700787402,0.022105047646744));
#7034=DIRECTION('',(0.0,1.0,0.0));
#7035=DIRECTION('',(-0.281585130301085,0.0,-0.959536249650487));
#7036=AXIS2_PLACEMENT_3D('',#7033,#7034,#7035);
#7037=CYLINDRICAL_SURFACE('',#7036,0.003937007874016);
#7038=ORIENTED_EDGE('',*,*,#4854,.F.);
#7039=ORIENTED_EDGE('',*,*,#7028,.F.);
#7040=CARTESIAN_POINT('',(-0.075944160228821,0.137795275590551,0.025560186796506));
#7041=VERTEX_POINT('',#7040);
#7042=CARTESIAN_POINT('',(-0.074056822300455,0.137795275590551,0.022105047646744));
#7043=DIRECTION('',(0.0,-1.0,0.0));
#7044=DIRECTION('',(0.877605344039362,0.0,0.479383833804972));
#7045=AXIS2_PLACEMENT_3D('',#7042,#7043,#7044);
#7046=CIRCLE('',#7045,0.003937007874016);
#7047=EDGE_CURVE('',#7017,#7041,#7046,.T.);
#7048=ORIENTED_EDGE('',*,*,#7047,.T.);
#7049=CARTESIAN_POINT('',(-0.075944160228821,0.137795275590551,0.025560186796506));
#7050=DIRECTION('',(0.0,-1.0,0.0));
#7051=VECTOR('',#7050,0.011811023622047);
#7052=LINE('',#7049,#7051);
#7053=EDGE_CURVE('',#7041,#4848,#7052,.T.);
#7054=ORIENTED_EDGE('',*,*,#7053,.T.);
#7055=EDGE_LOOP('',(#7038,#7039,#7048,#7054));
#7056=FACE_OUTER_BOUND('',#7055,.T.);
#7057=ADVANCED_FACE('',(#7056),#7037,.T.);
#7058=CARTESIAN_POINT('',(-0.076583810884328,0.138385826771653,0.025210783519035));
#7059=DIRECTION('',(0.479383833804984,0.0,-0.877605344039355));
#7060=DIRECTION('',(-0.877605344039355,0.0,-0.479383833804984));
#7061=AXIS2_PLACEMENT_3D('',#7058,#7059,#7060);
#7062=PLANE('',#7061);
#7063=ORIENTED_EDGE('',*,*,#4862,.F.);
#7064=ORIENTED_EDGE('',*,*,#7053,.F.);
#7065=CARTESIAN_POINT('',(-0.076553351329304,0.137795275590551,0.025227421770343));
#7066=VERTEX_POINT('',#7065);
#7067=CARTESIAN_POINT('',(-0.075944160228821,0.137795275590551,0.025560186796506));
#7068=DIRECTION('',(-0.877605344039353,0.0,-0.479383833804989));
#7069=VECTOR('',#7068,0.000694151539323);
#7070=LINE('',#7067,#7069);
#7071=EDGE_CURVE('',#7041,#7066,#7070,.T.);
#7072=ORIENTED_EDGE('',*,*,#7071,.T.);
#7073=CARTESIAN_POINT('',(-0.076553351329304,0.137795275590551,0.025227421770343));
#7074=DIRECTION('',(0.0,-1.0,0.0));
#7075=VECTOR('',#7074,0.011811023622047);
#7076=LINE('',#7073,#7075);
#7077=EDGE_CURVE('',#7066,#4857,#7076,.T.);
#7078=ORIENTED_EDGE('',*,*,#7077,.T.);
#7079=EDGE_LOOP('',(#7063,#7064,#7072,#7078));
#7080=FACE_OUTER_BOUND('',#7079,.T.);
#7081=ADVANCED_FACE('',(#7080),#7062,.F.);
#7082=CARTESIAN_POINT('',(-0.07844068925767,0.125393700787402,0.028682560920105));
#7083=DIRECTION('',(0.0,1.0,0.0));
#7084=DIRECTION('',(0.877605344039362,0.0,0.479383833804972));
#7085=AXIS2_PLACEMENT_3D('',#7082,#7083,#7084);
#7086=CYLINDRICAL_SURFACE('',#7085,0.003937007874016);
#7087=ORIENTED_EDGE('',*,*,#4871,.F.);
#7088=ORIENTED_EDGE('',*,*,#7077,.F.);
#7089=CARTESIAN_POINT('',(-0.081895828407431,0.137795275590551,0.026795222991739));
#7090=VERTEX_POINT('',#7089);
#7091=CARTESIAN_POINT('',(-0.07844068925767,0.137795275590551,0.028682560920105));
#7092=DIRECTION('',(0.0,1.0,0.0));
#7093=DIRECTION('',(0.877605344039362,0.0,0.479383833804972));
#7094=AXIS2_PLACEMENT_3D('',#7091,#7092,#7093);
#7095=CIRCLE('',#7094,0.003937007874016);
#7096=EDGE_CURVE('',#7066,#7090,#7095,.T.);
#7097=ORIENTED_EDGE('',*,*,#7096,.T.);
#7098=CARTESIAN_POINT('',(-0.081895828407431,0.137795275590551,0.026795222991739));
#7099=DIRECTION('',(0.0,-1.0,0.0));
#7100=VECTOR('',#7099,0.011811023622047);
#7101=LINE('',#7098,#7100);
#7102=EDGE_CURVE('',#7090,#4865,#7101,.T.);
#7103=ORIENTED_EDGE('',*,*,#7102,.T.);
#7104=EDGE_LOOP('',(#7087,#7088,#7097,#7103));
#7105=FACE_OUTER_BOUND('',#7104,.T.);
#7106=ADVANCED_FACE('',(#7105),#7086,.F.);
#7107=CARTESIAN_POINT('',(-0.085035620535381,0.138385826771653,0.032543223146));
#7108=DIRECTION('',(-0.877605344039362,0.0,-0.479383833804971));
#7109=DIRECTION('',(-0.479383833804971,0.0,0.877605344039362));
#7110=AXIS2_PLACEMENT_3D('',#7107,#7108,#7109);
#7111=PLANE('',#7110);
#7112=ORIENTED_EDGE('',*,*,#4879,.F.);
#7113=ORIENTED_EDGE('',*,*,#7102,.F.);
#7114=CARTESIAN_POINT('',(-0.084886106624526,0.137795275590551,0.03226950885294));
#7115=VERTEX_POINT('',#7114);
#7116=CARTESIAN_POINT('',(-0.081895828407431,0.137795275590551,0.026795222991739));
#7117=DIRECTION('',(-0.479383833804971,0.0,0.877605344039362));
#7118=VECTOR('',#7117,0.006237753562444);
#7119=LINE('',#7116,#7118);
#7120=EDGE_CURVE('',#7090,#7115,#7119,.T.);
#7121=ORIENTED_EDGE('',*,*,#7120,.T.);
#7122=CARTESIAN_POINT('',(-0.084886106624526,0.137795275590551,0.03226950885294));
#7123=DIRECTION('',(0.0,-1.0,0.0));
#7124=VECTOR('',#7123,0.011811023622047);
#7125=LINE('',#7122,#7124);
#7126=EDGE_CURVE('',#7115,#4874,#7125,.T.);
#7127=ORIENTED_EDGE('',*,*,#7126,.T.);
#7128=EDGE_LOOP('',(#7112,#7113,#7121,#7127));
#7129=FACE_OUTER_BOUND('',#7128,.T.);
#7130=ADVANCED_FACE('',(#7129),#7111,.F.);
#7131=CARTESIAN_POINT('',(-0.081430967474765,0.125393700787402,0.034156846781306));
#7132=DIRECTION('',(0.0,1.0,0.0));
#7133=DIRECTION('',(0.554700196225229,0.0,-0.832050294337844));
#7134=AXIS2_PLACEMENT_3D('',#7131,#7132,#7133);
#7135=CYLINDRICAL_SURFACE('',#7134,0.003937007874016);
#7136=ORIENTED_EDGE('',*,*,#4888,.F.);
#7137=ORIENTED_EDGE('',*,*,#7126,.F.);
#7138=CARTESIAN_POINT('',(-0.083614826515022,0.137795275590551,0.037432635341691));
#7139=VERTEX_POINT('',#7138);
#7140=CARTESIAN_POINT('',(-0.081430967474765,0.137795275590551,0.034156846781306));
#7141=DIRECTION('',(0.0,1.0,0.0));
#7142=DIRECTION('',(0.554700196225229,0.0,-0.832050294337844));
#7143=AXIS2_PLACEMENT_3D('',#7140,#7141,#7142);
#7144=CIRCLE('',#7143,0.003937007874016);
#7145=EDGE_CURVE('',#7115,#7139,#7144,.T.);
#7146=ORIENTED_EDGE('',*,*,#7145,.T.);
#7147=CARTESIAN_POINT('',(-0.083614826515022,0.137795275590551,0.037432635341691));
#7148=DIRECTION('',(0.0,-1.0,0.0));
#7149=VECTOR('',#7148,0.011811023622047);
#7150=LINE('',#7147,#7149);
#7151=EDGE_CURVE('',#7139,#4882,#7150,.T.);
#7152=ORIENTED_EDGE('',*,*,#7151,.T.);
#7153=EDGE_LOOP('',(#7136,#7137,#7146,#7152));
#7154=FACE_OUTER_BOUND('',#7153,.T.);
#7155=ADVANCED_FACE('',(#7154),#7135,.F.);
#7156=CARTESIAN_POINT('',(-0.078083038201807,0.138385826771653,0.041120494217167));
#7157=DIRECTION('',(-0.554700196225229,0.0,0.832050294337844));
#7158=DIRECTION('',(0.832050294337844,0.0,0.554700196225229));
#7159=AXIS2_PLACEMENT_3D('',#7156,#7157,#7158);
#7160=PLANE('',#7159);
#7161=CARTESIAN_POINT('',(-0.078346456692913,0.137795275590551,0.040944881889764));
#7162=VERTEX_POINT('',#7161);
#7163=CARTESIAN_POINT('',(-0.078346456692913,0.125984251968504,0.040944881889764));
#7164=DIRECTION('',(0.0,1.0,0.0));
#7165=VECTOR('',#7164,0.011811023622047);
#7166=LINE('',#7163,#7165);
#7167=EDGE_CURVE('',#4697,#7162,#7166,.T.);
#7168=ORIENTED_EDGE('',*,*,#7167,.F.);
#7169=ORIENTED_EDGE('',*,*,#4894,.F.);
#7170=ORIENTED_EDGE('',*,*,#7151,.F.);
#7171=CARTESIAN_POINT('',(-0.083614826515022,0.137795275590551,0.037432635341691));
#7172=DIRECTION('',(0.832050294337844,0.0,0.554700196225229));
#7173=VECTOR('',#7172,0.006331792510574);
#7174=LINE('',#7171,#7173);
#7175=EDGE_CURVE('',#7139,#7162,#7174,.T.);
#7176=ORIENTED_EDGE('',*,*,#7175,.T.);
#7177=EDGE_LOOP('',(#7168,#7169,#7170,#7176));
#7178=FACE_OUTER_BOUND('',#7177,.T.);
#7179=ADVANCED_FACE('',(#7178),#7160,.F.);
#7180=CARTESIAN_POINT('',(-0.090921646852608,0.138385826771653,0.05511811023622));
#7181=DIRECTION('',(0.0,0.0,-1.0));
#7182=DIRECTION('',(-1.0,0.0,0.0));
#7183=AXIS2_PLACEMENT_3D('',#7180,#7181,#7182);
#7184=PLANE('',#7183);
#7185=ORIENTED_EDGE('',*,*,#4719,.F.);
#7186=ORIENTED_EDGE('',*,*,#4925,.F.);
#7187=CARTESIAN_POINT('',(-0.090551181102362,0.137795275590551,0.05511811023622));
#7188=VERTEX_POINT('',#7187);
#7189=CARTESIAN_POINT('',(-0.083141866097441,0.137795275590551,0.05511811023622));
#7190=DIRECTION('',(-1.0,0.0,0.0));
#7191=VECTOR('',#7190,0.007409315004921);
#7192=LINE('',#7189,#7191);
#7193=EDGE_CURVE('',#4913,#7188,#7192,.T.);
#7194=ORIENTED_EDGE('',*,*,#7193,.T.);
#7195=CARTESIAN_POINT('',(-0.090551181102362,0.137795275590551,0.05511811023622));
#7196=DIRECTION('',(0.0,-1.0,0.0));
#7197=VECTOR('',#7196,0.011811023622047);
#7198=LINE('',#7195,#7197);
#7199=EDGE_CURVE('',#7188,#4714,#7198,.T.);
#7200=ORIENTED_EDGE('',*,*,#7199,.T.);
#7201=EDGE_LOOP('',(#7185,#7186,#7194,#7200));
#7202=FACE_OUTER_BOUND('',#7201,.T.);
#7203=ADVANCED_FACE('',(#7202),#7184,.F.);
#7204=CARTESIAN_POINT('',(-0.090551181102362,0.125393700787402,0.059055118110236));
#7205=DIRECTION('',(0.0,1.0,0.0));
#7206=DIRECTION('',(1.0,0.0,0.0));
#7207=AXIS2_PLACEMENT_3D('',#7204,#7205,#7206);
#7208=CYLINDRICAL_SURFACE('',#7207,0.003937007874016);
#7209=ORIENTED_EDGE('',*,*,#4728,.F.);
#7210=ORIENTED_EDGE('',*,*,#7199,.F.);
#7211=CARTESIAN_POINT('',(-0.094488188976378,0.137795275590551,0.059055118110236));
#7212=VERTEX_POINT('',#7211);
#7213=CARTESIAN_POINT('',(-0.090551181102362,0.137795275590551,0.059055118110236));
#7214=DIRECTION('',(0.0,1.0,0.0));
#7215=DIRECTION('',(1.0,0.0,0.0));
#7216=AXIS2_PLACEMENT_3D('',#7213,#7214,#7215);
#7217=CIRCLE('',#7216,0.003937007874016);
#7218=EDGE_CURVE('',#7188,#7212,#7217,.T.);
#7219=ORIENTED_EDGE('',*,*,#7218,.T.);
#7220=CARTESIAN_POINT('',(-0.094488188976378,0.137795275590551,0.059055118110236));
#7221=DIRECTION('',(0.0,-1.0,0.0));
#7222=VECTOR('',#7221,0.011811023622047);
#7223=LINE('',#7220,#7222);
#7224=EDGE_CURVE('',#7212,#4722,#7223,.T.);
#7225=ORIENTED_EDGE('',*,*,#7224,.T.);
#7226=EDGE_LOOP('',(#7209,#7210,#7219,#7225));
#7227=FACE_OUTER_BOUND('',#7226,.T.);
#7228=ADVANCED_FACE('',(#7227),#7208,.F.);
#7229=CARTESIAN_POINT('',(-0.094488188976378,0.138385826771653,0.063188976377953));
#7230=DIRECTION('',(-1.0,0.0,0.0));
#7231=DIRECTION('',(0.0,0.0,1.0));
#7232=AXIS2_PLACEMENT_3D('',#7229,#7230,#7231);
#7233=PLANE('',#7232);
#7234=ORIENTED_EDGE('',*,*,#4736,.F.);
#7235=ORIENTED_EDGE('',*,*,#7224,.F.);
#7236=CARTESIAN_POINT('',(-0.094488188976378,0.137795275590551,0.062992125984252));
#7237=VERTEX_POINT('',#7236);
#7238=CARTESIAN_POINT('',(-0.094488188976378,0.137795275590551,0.059055118110236));
#7239=DIRECTION('',(0.0,0.0,1.0));
#7240=VECTOR('',#7239,0.003937007874016);
#7241=LINE('',#7238,#7240);
#7242=EDGE_CURVE('',#7212,#7237,#7241,.T.);
#7243=ORIENTED_EDGE('',*,*,#7242,.T.);
#7244=CARTESIAN_POINT('',(-0.094488188976378,0.137795275590551,0.062992125984252));
#7245=DIRECTION('',(0.0,-1.0,0.0));
#7246=VECTOR('',#7245,0.011811023622047);
#7247=LINE('',#7244,#7246);
#7248=EDGE_CURVE('',#7237,#4731,#7247,.T.);
#7249=ORIENTED_EDGE('',*,*,#7248,.T.);
#7250=EDGE_LOOP('',(#7234,#7235,#7243,#7249));
#7251=FACE_OUTER_BOUND('',#7250,.T.);
#7252=ADVANCED_FACE('',(#7251),#7233,.F.);
#7253=CARTESIAN_POINT('',(-0.090551181102362,0.125393700787402,0.062992125984252));
#7254=DIRECTION('',(0.0,1.0,0.0));
#7255=DIRECTION('',(0.0,0.0,-1.0));
#7256=AXIS2_PLACEMENT_3D('',#7253,#7254,#7255);
#7257=CYLINDRICAL_SURFACE('',#7256,0.003937007874016);
#7258=ORIENTED_EDGE('',*,*,#4745,.F.);
#7259=ORIENTED_EDGE('',*,*,#7248,.F.);
#7260=CARTESIAN_POINT('',(-0.090551181102362,0.137795275590551,0.066929133858268));
#7261=VERTEX_POINT('',#7260);
#7262=CARTESIAN_POINT('',(-0.090551181102362,0.137795275590551,0.062992125984252));
#7263=DIRECTION('',(0.0,1.0,0.0));
#7264=DIRECTION('',(0.0,0.0,-1.0));
#7265=AXIS2_PLACEMENT_3D('',#7262,#7263,#7264);
#7266=CIRCLE('',#7265,0.003937007874016);
#7267=EDGE_CURVE('',#7237,#7261,#7266,.T.);
#7268=ORIENTED_EDGE('',*,*,#7267,.T.);
#7269=CARTESIAN_POINT('',(-0.090551181102362,0.137795275590551,0.066929133858268));
#7270=DIRECTION('',(0.0,-1.0,0.0));
#7271=VECTOR('',#7270,0.011811023622047);
#7272=LINE('',#7269,#7271);
#7273=EDGE_CURVE('',#7261,#4739,#7272,.T.);
#7274=ORIENTED_EDGE('',*,*,#7273,.T.);
#7275=EDGE_LOOP('',(#7258,#7259,#7268,#7274));
#7276=FACE_OUTER_BOUND('',#7275,.T.);
#7277=ADVANCED_FACE('',(#7276),#7257,.F.);
#7278=CARTESIAN_POINT('',(-0.086417322834645,0.138385826771653,0.066929133858268));
#7279=DIRECTION('',(0.0,0.0,1.0));
#7280=DIRECTION('',(1.0,0.0,0.0));
#7281=AXIS2_PLACEMENT_3D('',#7278,#7279,#7280);
#7282=PLANE('',#7281);
#7283=ORIENTED_EDGE('',*,*,#4753,.F.);
#7284=ORIENTED_EDGE('',*,*,#7273,.F.);
#7285=CARTESIAN_POINT('',(-0.086614173228346,0.137795275590551,0.066929133858268));
#7286=VERTEX_POINT('',#7285);
#7287=CARTESIAN_POINT('',(-0.090551181102362,0.137795275590551,0.066929133858268));
#7288=DIRECTION('',(1.0,0.0,0.0));
#7289=VECTOR('',#7288,0.003937007874016);
#7290=LINE('',#7287,#7289);
#7291=EDGE_CURVE('',#7261,#7286,#7290,.T.);
#7292=ORIENTED_EDGE('',*,*,#7291,.T.);
#7293=CARTESIAN_POINT('',(-0.086614173228346,0.137795275590551,0.066929133858268));
#7294=DIRECTION('',(0.0,-1.0,0.0));
#7295=VECTOR('',#7294,0.011811023622047);
#7296=LINE('',#7293,#7295);
#7297=EDGE_CURVE('',#7286,#4748,#7296,.T.);
#7298=ORIENTED_EDGE('',*,*,#7297,.T.);
#7299=EDGE_LOOP('',(#7283,#7284,#7292,#7298));
#7300=FACE_OUTER_BOUND('',#7299,.T.);
#7301=ADVANCED_FACE('',(#7300),#7282,.F.);
#7302=CARTESIAN_POINT('',(-0.086614173228346,0.125393700787402,0.070866141732283));
#7303=DIRECTION('',(0.0,1.0,0.0));
#7304=DIRECTION('',(-0.707106781186548,0.0,0.707106781186547));
#7305=AXIS2_PLACEMENT_3D('',#7302,#7303,#7304);
#7306=CYLINDRICAL_SURFACE('',#7305,0.003937007874016);
#7307=ORIENTED_EDGE('',*,*,#4762,.F.);
#7308=ORIENTED_EDGE('',*,*,#7297,.F.);
#7309=CARTESIAN_POINT('',(-0.086614173228346,0.137795275590551,0.070866141732283));
#7310=DIRECTION('',(0.0,-1.0,0.0));
#7311=DIRECTION('',(0.0,0.0,-1.0));
#7312=AXIS2_PLACEMENT_3D('',#7309,#7310,#7311);
#7313=CIRCLE('',#7312,0.003937007874016);
#7314=EDGE_CURVE('',#7286,#6223,#7313,.T.);
#7315=ORIENTED_EDGE('',*,*,#7314,.T.);
#7316=ORIENTED_EDGE('',*,*,#6228,.T.);
#7317=EDGE_LOOP('',(#7307,#7308,#7315,#7316));
#7318=FACE_OUTER_BOUND('',#7317,.T.);
#7319=ADVANCED_FACE('',(#7318),#7306,.T.);
#7320=CARTESIAN_POINT('',(0.126064326070927,-0.125393700787402,0.068897637795276));
#7321=DIRECTION('',(0.0,0.0,1.0));
#7322=DIRECTION('',(1.0,0.0,0.0));
#7323=AXIS2_PLACEMENT_3D('',#7320,#7321,#7322);
#7324=PLANE('',#7323);
#7325=ORIENTED_EDGE('',*,*,#5036,.F.);
#7326=CARTESIAN_POINT('',(0.125984251968504,-0.137795275590551,0.068897637795276));
#7327=VERTEX_POINT('',#7326);
#7328=CARTESIAN_POINT('',(0.125984251968504,-0.137795275590551,0.068897637795276));
#7329=DIRECTION('',(0.0,1.0,0.0));
#7330=VECTOR('',#7329,0.011811023622047);
#7331=LINE('',#7328,#7330);
#7332=EDGE_CURVE('',#7327,#5023,#7331,.T.);
#7333=ORIENTED_EDGE('',*,*,#7332,.F.);
#7334=CARTESIAN_POINT('',(0.124382769920044,-0.137795275590551,0.068897637795276));
#7335=VERTEX_POINT('',#7334);
#7336=CARTESIAN_POINT('',(0.125984251968504,-0.137795275590551,0.068897637795276));
#7337=DIRECTION('',(-1.0,0.0,0.0));
#7338=VECTOR('',#7337,0.00160148204846);
#7339=LINE('',#7336,#7338);
#7340=EDGE_CURVE('',#7327,#7335,#7339,.T.);
#7341=ORIENTED_EDGE('',*,*,#7340,.T.);
#7342=CARTESIAN_POINT('',(0.124382769920044,-0.137795275590551,0.068897637795276));
#7343=DIRECTION('',(0.0,1.0,0.0));
#7344=VECTOR('',#7343,0.011811023622047);
#7345=LINE('',#7342,#7344);
#7346=EDGE_CURVE('',#7335,#5031,#7345,.T.);
#7347=ORIENTED_EDGE('',*,*,#7346,.T.);
#7348=EDGE_LOOP('',(#7325,#7333,#7341,#7347));
#7349=FACE_OUTER_BOUND('',#7348,.T.);
#7350=ADVANCED_FACE('',(#7349),#7324,.F.);
#7351=CARTESIAN_POINT('',(0.124382769920044,-0.125393700787402,0.06496062992126));
#7352=DIRECTION('',(0.0,-1.0,0.0));
#7353=DIRECTION('',(0.877605344039362,0.0,-0.479383833804972));
#7354=AXIS2_PLACEMENT_3D('',#7351,#7352,#7353);
#7355=CYLINDRICAL_SURFACE('',#7354,0.003937007874016);
#7356=ORIENTED_EDGE('',*,*,#5045,.F.);
#7357=ORIENTED_EDGE('',*,*,#7346,.F.);
#7358=CARTESIAN_POINT('',(0.120927630770283,-0.137795275590551,0.066847967849626));
#7359=VERTEX_POINT('',#7358);
#7360=CARTESIAN_POINT('',(0.124382769920044,-0.137795275590551,0.06496062992126));
#7361=DIRECTION('',(0.0,-1.0,0.0));
#7362=DIRECTION('',(0.877605344039362,0.0,-0.479383833804972));
#7363=AXIS2_PLACEMENT_3D('',#7360,#7361,#7362);
#7364=CIRCLE('',#7363,0.003937007874016);
#7365=EDGE_CURVE('',#7335,#7359,#7364,.T.);
#7366=ORIENTED_EDGE('',*,*,#7365,.T.);
#7367=CARTESIAN_POINT('',(0.120927630770283,-0.137795275590551,0.066847967849626));
#7368=DIRECTION('',(0.0,1.0,0.0));
#7369=VECTOR('',#7368,0.011811023622047);
#7370=LINE('',#7367,#7369);
#7371=EDGE_CURVE('',#7359,#5039,#7370,.T.);
#7372=ORIENTED_EDGE('',*,*,#7371,.T.);
#7373=EDGE_LOOP('',(#7356,#7357,#7366,#7372));
#7374=FACE_OUTER_BOUND('',#7373,.T.);
#7375=ADVANCED_FACE('',(#7374),#7355,.F.);
#7376=CARTESIAN_POINT('',(0.122548936750962,-0.125393700787402,0.069816083778094));
#7377=DIRECTION('',(-0.877605344039362,0.0,0.479383833804972));
#7378=DIRECTION('',(0.479383833804972,0.0,0.877605344039362));
#7379=AXIS2_PLACEMENT_3D('',#7376,#7377,#7378);
#7380=PLANE('',#7379);
#7381=ORIENTED_EDGE('',*,*,#5053,.F.);
#7382=ORIENTED_EDGE('',*,*,#7371,.F.);
#7383=CARTESIAN_POINT('',(0.088501511156713,-0.137795275590551,0.007485649280272));
#7384=VERTEX_POINT('',#7383);
#7385=CARTESIAN_POINT('',(0.120927630770283,-0.137795275590551,0.066847967849626));
#7386=DIRECTION('',(-0.479383833804972,0.0,-0.877605344039362));
#7387=VECTOR('',#7386,0.067641245546804);
#7388=LINE('',#7385,#7387);
#7389=EDGE_CURVE('',#7359,#7384,#7388,.T.);
#7390=ORIENTED_EDGE('',*,*,#7389,.T.);
#7391=CARTESIAN_POINT('',(0.088501511156713,-0.137795275590551,0.007485649280272));
#7392=DIRECTION('',(0.0,1.0,0.0));
#7393=VECTOR('',#7392,0.011811023622047);
#7394=LINE('',#7391,#7393);
#7395=EDGE_CURVE('',#7384,#5048,#7394,.T.);
#7396=ORIENTED_EDGE('',*,*,#7395,.T.);
#7397=EDGE_LOOP('',(#7381,#7382,#7390,#7396));
#7398=FACE_OUTER_BOUND('',#7397,.T.);
#7399=ADVANCED_FACE('',(#7398),#7380,.F.);
#7400=CARTESIAN_POINT('',(0.085046372006951,-0.125393700787402,0.009372987208638));
#7401=DIRECTION('',(0.0,-1.0,0.0));
#7402=DIRECTION('',(-0.281585130301084,0.0,0.959536249650487));
#7403=AXIS2_PLACEMENT_3D('',#7400,#7401,#7402);
#7404=CYLINDRICAL_SURFACE('',#7403,0.003937007874016);
#7405=ORIENTED_EDGE('',*,*,#5062,.F.);
#7406=ORIENTED_EDGE('',*,*,#7395,.F.);
#7407=CARTESIAN_POINT('',(0.083159034078585,-0.137795275590551,0.005917848058877));
#7408=VERTEX_POINT('',#7407);
#7409=CARTESIAN_POINT('',(0.085046372006951,-0.137795275590551,0.009372987208638));
#7410=DIRECTION('',(0.0,1.0,0.0));
#7411=DIRECTION('',(0.877605344039362,0.0,-0.479383833804973));
#7412=AXIS2_PLACEMENT_3D('',#7409,#7410,#7411);
#7413=CIRCLE('',#7412,0.003937007874016);
#7414=EDGE_CURVE('',#7384,#7408,#7413,.T.);
#7415=ORIENTED_EDGE('',*,*,#7414,.T.);
#7416=CARTESIAN_POINT('',(0.083159034078585,-0.137795275590551,0.005917848058877));
#7417=DIRECTION('',(0.0,1.0,0.0));
#7418=VECTOR('',#7417,0.011811023622047);
#7419=LINE('',#7416,#7418);
#7420=EDGE_CURVE('',#7408,#5056,#7419,.T.);
#7421=ORIENTED_EDGE('',*,*,#7420,.T.);
#7422=EDGE_LOOP('',(#7405,#7406,#7415,#7421));
#7423=FACE_OUTER_BOUND('',#7422,.T.);
#7424=ADVANCED_FACE('',(#7423),#7404,.T.);
#7425=CARTESIAN_POINT('',(0.083850061908537,-0.125393700787402,0.005540380473204));
#7426=DIRECTION('',(0.479383833804972,0.0,0.877605344039362));
#7427=DIRECTION('',(0.877605344039362,0.0,-0.479383833804972));
#7428=AXIS2_PLACEMENT_3D('',#7425,#7426,#7427);
#7429=PLANE('',#7428);
#7430=ORIENTED_EDGE('',*,*,#5070,.F.);
#7431=ORIENTED_EDGE('',*,*,#7420,.F.);
#7432=CARTESIAN_POINT('',(0.06933847747954,-0.137795275590551,0.013467199772341));
#7433=VERTEX_POINT('',#7432);
#7434=CARTESIAN_POINT('',(0.083159034078585,-0.137795275590551,0.005917848058877));
#7435=DIRECTION('',(-0.877605344039362,0.0,0.479383833804972));
#7436=VECTOR('',#7435,0.015748031496063);
#7437=LINE('',#7434,#7436);
#7438=EDGE_CURVE('',#7408,#7433,#7437,.T.);
#7439=ORIENTED_EDGE('',*,*,#7438,.T.);
#7440=CARTESIAN_POINT('',(0.06933847747954,-0.137795275590551,0.013467199772341));
#7441=DIRECTION('',(0.0,1.0,0.0));
#7442=VECTOR('',#7441,0.011811023622047);
#7443=LINE('',#7440,#7442);
#7444=EDGE_CURVE('',#7433,#5065,#7443,.T.);
#7445=ORIENTED_EDGE('',*,*,#7444,.T.);
#7446=EDGE_LOOP('',(#7430,#7431,#7439,#7445));
#7447=FACE_OUTER_BOUND('',#7446,.T.);
#7448=ADVANCED_FACE('',(#7447),#7429,.F.);
#7449=CARTESIAN_POINT('',(0.071225815407906,-0.125393700787402,0.016922338922102));
#7450=DIRECTION('',(0.0,-1.0,0.0));
#7451=DIRECTION('',(0.959536249650487,0.0,0.281585130301085));
#7452=AXIS2_PLACEMENT_3D('',#7449,#7450,#7451);
#7453=CYLINDRICAL_SURFACE('',#7452,0.003937007874016);
#7454=ORIENTED_EDGE('',*,*,#5079,.F.);
#7455=ORIENTED_EDGE('',*,*,#7444,.F.);
#7456=CARTESIAN_POINT('',(0.067770676258145,-0.137795275590551,0.018809676850468));
#7457=VERTEX_POINT('',#7456);
#7458=CARTESIAN_POINT('',(0.071225815407906,-0.137795275590551,0.016922338922102));
#7459=DIRECTION('',(0.0,1.0,0.0));
#7460=DIRECTION('',(-0.479383833804972,0.0,-0.877605344039362));
#7461=AXIS2_PLACEMENT_3D('',#7458,#7459,#7460);
#7462=CIRCLE('',#7461,0.003937007874016);
#7463=EDGE_CURVE('',#7433,#7457,#7462,.T.);
#7464=ORIENTED_EDGE('',*,*,#7463,.T.);
#7465=CARTESIAN_POINT('',(0.067770676258145,-0.137795275590551,0.018809676850468));
#7466=DIRECTION('',(0.0,1.0,0.0));
#7467=VECTOR('',#7466,0.011811023622047);
#7468=LINE('',#7465,#7467);
#7469=EDGE_CURVE('',#7457,#5073,#7468,.T.);
#7470=ORIENTED_EDGE('',*,*,#7469,.T.);
#7471=EDGE_LOOP('',(#7454,#7455,#7464,#7470));
#7472=FACE_OUTER_BOUND('',#7471,.T.);
#7473=ADVANCED_FACE('',(#7472),#7453,.T.);
#7474=CARTESIAN_POINT('',(0.067629125913518,-0.125393700787402,0.018550541414236));
#7475=DIRECTION('',(0.877605344039362,0.0,-0.479383833804972));
#7476=DIRECTION('',(-0.479383833804972,0.0,-0.877605344039362));
#7477=AXIS2_PLACEMENT_3D('',#7474,#7475,#7476);
#7478=PLANE('',#7477);
#7479=ORIENTED_EDGE('',*,*,#5087,.F.);
#7480=ORIENTED_EDGE('',*,*,#7469,.F.);
#7481=CARTESIAN_POINT('',(0.070601683150694,-0.137795275590551,0.02399238557511));
#7482=VERTEX_POINT('',#7481);
#7483=CARTESIAN_POINT('',(0.067770676258145,-0.137795275590551,0.018809676850468));
#7484=DIRECTION('',(0.479383833804969,0.0,0.877605344039364));
#7485=VECTOR('',#7484,0.005905511811024);
#7486=LINE('',#7483,#7485);
#7487=EDGE_CURVE('',#7457,#7482,#7486,.T.);
#7488=ORIENTED_EDGE('',*,*,#7487,.T.);
#7489=CARTESIAN_POINT('',(0.070601683150694,-0.137795275590551,0.02399238557511));
#7490=DIRECTION('',(0.0,1.0,0.0));
#7491=VECTOR('',#7490,0.011811023622047);
#7492=LINE('',#7489,#7491);
#7493=EDGE_CURVE('',#7482,#5082,#7492,.T.);
#7494=ORIENTED_EDGE('',*,*,#7493,.T.);
#7495=EDGE_LOOP('',(#7479,#7480,#7488,#7494));
#7496=FACE_OUTER_BOUND('',#7495,.T.);
#7497=ADVANCED_FACE('',(#7496),#7478,.F.);
#7498=CARTESIAN_POINT('',(0.074056822300455,-0.125393700787402,0.022105047646744));
#7499=DIRECTION('',(0.0,-1.0,0.0));
#7500=DIRECTION('',(0.281585130301085,0.0,-0.959536249650487));
#7501=AXIS2_PLACEMENT_3D('',#7498,#7499,#7500);
#7502=CYLINDRICAL_SURFACE('',#7501,0.003937007874016);
#7503=ORIENTED_EDGE('',*,*,#5096,.F.);
#7504=ORIENTED_EDGE('',*,*,#7493,.F.);
#7505=CARTESIAN_POINT('',(0.075944160228821,-0.137795275590551,0.025560186796506));
#7506=VERTEX_POINT('',#7505);
#7507=CARTESIAN_POINT('',(0.074056822300455,-0.137795275590551,0.022105047646744));
#7508=DIRECTION('',(0.0,1.0,0.0));
#7509=DIRECTION('',(-0.877605344039362,0.0,0.479383833804972));
#7510=AXIS2_PLACEMENT_3D('',#7507,#7508,#7509);
#7511=CIRCLE('',#7510,0.003937007874016);
#7512=EDGE_CURVE('',#7482,#7506,#7511,.T.);
#7513=ORIENTED_EDGE('',*,*,#7512,.T.);
#7514=CARTESIAN_POINT('',(0.075944160228821,-0.137795275590551,0.025560186796506));
#7515=DIRECTION('',(0.0,1.0,0.0));
#7516=VECTOR('',#7515,0.011811023622047);
#7517=LINE('',#7514,#7516);
#7518=EDGE_CURVE('',#7506,#5090,#7517,.T.);
#7519=ORIENTED_EDGE('',*,*,#7518,.T.);
#7520=EDGE_LOOP('',(#7503,#7504,#7513,#7519));
#7521=FACE_OUTER_BOUND('',#7520,.T.);
#7522=ADVANCED_FACE('',(#7521),#7502,.T.);
#7523=CARTESIAN_POINT('',(0.075913700673797,-0.125393700787402,0.025576825047814));
#7524=DIRECTION('',(-0.479383833804984,0.0,-0.877605344039355));
#7525=DIRECTION('',(-0.877605344039355,0.0,0.479383833804984));
#7526=AXIS2_PLACEMENT_3D('',#7523,#7524,#7525);
#7527=PLANE('',#7526);
#7528=ORIENTED_EDGE('',*,*,#5104,.F.);
#7529=ORIENTED_EDGE('',*,*,#7518,.F.);
#7530=CARTESIAN_POINT('',(0.076553351329304,-0.137795275590551,0.025227421770343));
#7531=VERTEX_POINT('',#7530);
#7532=CARTESIAN_POINT('',(0.075944160228821,-0.137795275590551,0.025560186796506));
#7533=DIRECTION('',(0.877605344039353,0.0,-0.479383833804989));
#7534=VECTOR('',#7533,0.000694151539323);
#7535=LINE('',#7532,#7534);
#7536=EDGE_CURVE('',#7506,#7531,#7535,.T.);
#7537=ORIENTED_EDGE('',*,*,#7536,.T.);
#7538=CARTESIAN_POINT('',(0.076553351329304,-0.137795275590551,0.025227421770343));
#7539=DIRECTION('',(0.0,1.0,0.0));
#7540=VECTOR('',#7539,0.011811023622047);
#7541=LINE('',#7538,#7540);
#7542=EDGE_CURVE('',#7531,#5099,#7541,.T.);
#7543=ORIENTED_EDGE('',*,*,#7542,.T.);
#7544=EDGE_LOOP('',(#7528,#7529,#7537,#7543));
#7545=FACE_OUTER_BOUND('',#7544,.T.);
#7546=ADVANCED_FACE('',(#7545),#7527,.F.);
#7547=CARTESIAN_POINT('',(0.07844068925767,-0.125393700787402,0.028682560920105));
#7548=DIRECTION('',(0.0,-1.0,0.0));
#7549=DIRECTION('',(-0.877605344039362,0.0,0.479383833804972));
#7550=AXIS2_PLACEMENT_3D('',#7547,#7548,#7549);
#7551=CYLINDRICAL_SURFACE('',#7550,0.003937007874016);
#7552=ORIENTED_EDGE('',*,*,#5113,.F.);
#7553=ORIENTED_EDGE('',*,*,#7542,.F.);
#7554=CARTESIAN_POINT('',(0.081895828407431,-0.137795275590551,0.026795222991739));
#7555=VERTEX_POINT('',#7554);
#7556=CARTESIAN_POINT('',(0.07844068925767,-0.137795275590551,0.028682560920105));
#7557=DIRECTION('',(0.0,-1.0,0.0));
#7558=DIRECTION('',(-0.877605344039362,0.0,0.479383833804972));
#7559=AXIS2_PLACEMENT_3D('',#7556,#7557,#7558);
#7560=CIRCLE('',#7559,0.003937007874016);
#7561=EDGE_CURVE('',#7531,#7555,#7560,.T.);
#7562=ORIENTED_EDGE('',*,*,#7561,.T.);
#7563=CARTESIAN_POINT('',(0.081895828407431,-0.137795275590551,0.026795222991739));
#7564=DIRECTION('',(0.0,1.0,0.0));
#7565=VECTOR('',#7564,0.011811023622047);
#7566=LINE('',#7563,#7565);
#7567=EDGE_CURVE('',#7555,#5107,#7566,.T.);
#7568=ORIENTED_EDGE('',*,*,#7567,.T.);
#7569=EDGE_LOOP('',(#7552,#7553,#7562,#7568));
#7570=FACE_OUTER_BOUND('',#7569,.T.);
#7571=ADVANCED_FACE('',(#7570),#7551,.F.);
#7572=CARTESIAN_POINT('',(0.081746314496576,-0.125393700787402,0.026521508698679));
#7573=DIRECTION('',(0.877605344039362,0.0,-0.479383833804971));
#7574=DIRECTION('',(-0.479383833804971,0.0,-0.877605344039362));
#7575=AXIS2_PLACEMENT_3D('',#7572,#7573,#7574);
#7576=PLANE('',#7575);
#7577=ORIENTED_EDGE('',*,*,#5121,.F.);
#7578=ORIENTED_EDGE('',*,*,#7567,.F.);
#7579=CARTESIAN_POINT('',(0.084886106624527,-0.137795275590551,0.03226950885294));
#7580=VERTEX_POINT('',#7579);
#7581=CARTESIAN_POINT('',(0.081895828407431,-0.137795275590551,0.026795222991739));
#7582=DIRECTION('',(0.479383833804971,0.0,0.877605344039362));
#7583=VECTOR('',#7582,0.006237753562444);
#7584=LINE('',#7581,#7583);
#7585=EDGE_CURVE('',#7555,#7580,#7584,.T.);
#7586=ORIENTED_EDGE('',*,*,#7585,.T.);
#7587=CARTESIAN_POINT('',(0.084886106624527,-0.137795275590551,0.03226950885294));
#7588=DIRECTION('',(0.0,1.0,0.0));
#7589=VECTOR('',#7588,0.011811023622047);
#7590=LINE('',#7587,#7589);
#7591=EDGE_CURVE('',#7580,#5116,#7590,.T.);
#7592=ORIENTED_EDGE('',*,*,#7591,.T.);
#7593=EDGE_LOOP('',(#7577,#7578,#7586,#7592));
#7594=FACE_OUTER_BOUND('',#7593,.T.);
#7595=ADVANCED_FACE('',(#7594),#7576,.F.);
#7596=CARTESIAN_POINT('',(0.081430967474765,-0.125393700787402,0.034156846781306));
#7597=DIRECTION('',(0.0,-1.0,0.0));
#7598=DIRECTION('',(-0.554700196225229,0.0,-0.832050294337844));
#7599=AXIS2_PLACEMENT_3D('',#7596,#7597,#7598);
#7600=CYLINDRICAL_SURFACE('',#7599,0.003937007874016);
#7601=ORIENTED_EDGE('',*,*,#5130,.F.);
#7602=ORIENTED_EDGE('',*,*,#7591,.F.);
#7603=CARTESIAN_POINT('',(0.083614826515022,-0.137795275590551,0.037432635341691));
#7604=VERTEX_POINT('',#7603);
#7605=CARTESIAN_POINT('',(0.081430967474765,-0.137795275590551,0.034156846781306));
#7606=DIRECTION('',(0.0,-1.0,0.0));
#7607=DIRECTION('',(-0.554700196225229,0.0,-0.832050294337844));
#7608=AXIS2_PLACEMENT_3D('',#7605,#7606,#7607);
#7609=CIRCLE('',#7608,0.003937007874016);
#7610=EDGE_CURVE('',#7580,#7604,#7609,.T.);
#7611=ORIENTED_EDGE('',*,*,#7610,.T.);
#7612=CARTESIAN_POINT('',(0.083614826515022,-0.137795275590551,0.037432635341691));
#7613=DIRECTION('',(0.0,1.0,0.0));
#7614=VECTOR('',#7613,0.011811023622047);
#7615=LINE('',#7612,#7614);
#7616=EDGE_CURVE('',#7604,#5124,#7615,.T.);
#7617=ORIENTED_EDGE('',*,*,#7616,.T.);
#7618=EDGE_LOOP('',(#7601,#7602,#7611,#7617));
#7619=FACE_OUTER_BOUND('',#7618,.T.);
#7620=ADVANCED_FACE('',(#7619),#7600,.F.);
#7621=CARTESIAN_POINT('',(0.083878245006127,-0.125393700787402,0.037257023014287));
#7622=DIRECTION('',(0.554700196225229,0.0,0.832050294337844));
#7623=DIRECTION('',(0.832050294337844,0.0,-0.554700196225229));
#7624=AXIS2_PLACEMENT_3D('',#7621,#7622,#7623);
#7625=PLANE('',#7624);
#7626=CARTESIAN_POINT('',(0.078346456692913,-0.137795275590551,0.040944881889764));
#7627=VERTEX_POINT('',#7626);
#7628=CARTESIAN_POINT('',(0.078346456692913,-0.125984251968504,0.040944881889764));
#7629=DIRECTION('',(0.0,-1.0,0.0));
#7630=VECTOR('',#7629,0.011811023622047);
#7631=LINE('',#7628,#7630);
#7632=EDGE_CURVE('',#4939,#7627,#7631,.T.);
#7633=ORIENTED_EDGE('',*,*,#7632,.F.);
#7634=ORIENTED_EDGE('',*,*,#5136,.F.);
#7635=ORIENTED_EDGE('',*,*,#7616,.F.);
#7636=CARTESIAN_POINT('',(0.083614826515022,-0.137795275590551,0.037432635341691));
#7637=DIRECTION('',(-0.832050294337844,0.0,0.554700196225229));
#7638=VECTOR('',#7637,0.006331792510574);
#7639=LINE('',#7636,#7638);
#7640=EDGE_CURVE('',#7604,#7627,#7639,.T.);
#7641=ORIENTED_EDGE('',*,*,#7640,.T.);
#7642=EDGE_LOOP('',(#7633,#7634,#7635,#7641));
#7643=FACE_OUTER_BOUND('',#7642,.T.);
#7644=ADVANCED_FACE('',(#7643),#7625,.F.);
#7645=CARTESIAN_POINT('',(0.082771400347195,-0.125393700787402,0.05511811023622));
#7646=DIRECTION('',(0.0,0.0,-1.0));
#7647=DIRECTION('',(-1.0,0.0,0.0));
#7648=AXIS2_PLACEMENT_3D('',#7645,#7646,#7647);
#7649=PLANE('',#7648);
#7650=ORIENTED_EDGE('',*,*,#4961,.F.);
#7651=ORIENTED_EDGE('',*,*,#5167,.F.);
#7652=CARTESIAN_POINT('',(0.090551181102362,-0.137795275590551,0.05511811023622));
#7653=VERTEX_POINT('',#7652);
#7654=CARTESIAN_POINT('',(0.083141866097441,-0.137795275590551,0.05511811023622));
#7655=DIRECTION('',(1.0,0.0,0.0));
#7656=VECTOR('',#7655,0.007409315004921);
#7657=LINE('',#7654,#7656);
#7658=EDGE_CURVE('',#5155,#7653,#7657,.T.);
#7659=ORIENTED_EDGE('',*,*,#7658,.T.);
#7660=CARTESIAN_POINT('',(0.090551181102362,-0.137795275590551,0.05511811023622));
#7661=DIRECTION('',(0.0,1.0,0.0));
#7662=VECTOR('',#7661,0.011811023622047);
#7663=LINE('',#7660,#7662);
#7664=EDGE_CURVE('',#7653,#4956,#7663,.T.);
#7665=ORIENTED_EDGE('',*,*,#7664,.T.);
#7666=EDGE_LOOP('',(#7650,#7651,#7659,#7665));
#7667=FACE_OUTER_BOUND('',#7666,.T.);
#7668=ADVANCED_FACE('',(#7667),#7649,.F.);
#7669=CARTESIAN_POINT('',(0.090551181102362,-0.125393700787402,0.059055118110236));
#7670=DIRECTION('',(0.0,-1.0,0.0));
#7671=DIRECTION('',(-1.0,0.0,0.0));
#7672=AXIS2_PLACEMENT_3D('',#7669,#7670,#7671);
#7673=CYLINDRICAL_SURFACE('',#7672,0.003937007874016);
#7674=ORIENTED_EDGE('',*,*,#4970,.F.);
#7675=ORIENTED_EDGE('',*,*,#7664,.F.);
#7676=CARTESIAN_POINT('',(0.094488188976378,-0.137795275590551,0.059055118110236));
#7677=VERTEX_POINT('',#7676);
#7678=CARTESIAN_POINT('',(0.090551181102362,-0.137795275590551,0.059055118110236));
#7679=DIRECTION('',(0.0,-1.0,0.0));
#7680=DIRECTION('',(-1.0,0.0,0.0));
#7681=AXIS2_PLACEMENT_3D('',#7678,#7679,#7680);
#7682=CIRCLE('',#7681,0.003937007874016);
#7683=EDGE_CURVE('',#7653,#7677,#7682,.T.);
#7684=ORIENTED_EDGE('',*,*,#7683,.T.);
#7685=CARTESIAN_POINT('',(0.094488188976378,-0.137795275590551,0.059055118110236));
#7686=DIRECTION('',(0.0,1.0,0.0));
#7687=VECTOR('',#7686,0.011811023622047);
#7688=LINE('',#7685,#7687);
#7689=EDGE_CURVE('',#7677,#4964,#7688,.T.);
#7690=ORIENTED_EDGE('',*,*,#7689,.T.);
#7691=EDGE_LOOP('',(#7674,#7675,#7684,#7690));
#7692=FACE_OUTER_BOUND('',#7691,.T.);
#7693=ADVANCED_FACE('',(#7692),#7673,.F.);
#7694=CARTESIAN_POINT('',(0.094488188976378,-0.125393700787402,0.058858267716535));
#7695=DIRECTION('',(1.0,0.0,0.0));
#7696=DIRECTION('',(0.0,0.0,-1.0));
#7697=AXIS2_PLACEMENT_3D('',#7694,#7695,#7696);
#7698=PLANE('',#7697);
#7699=ORIENTED_EDGE('',*,*,#4978,.F.);
#7700=ORIENTED_EDGE('',*,*,#7689,.F.);
#7701=CARTESIAN_POINT('',(0.094488188976378,-0.137795275590551,0.062992125984252));
#7702=VERTEX_POINT('',#7701);
#7703=CARTESIAN_POINT('',(0.094488188976378,-0.137795275590551,0.059055118110236));
#7704=DIRECTION('',(0.0,0.0,1.0));
#7705=VECTOR('',#7704,0.003937007874016);
#7706=LINE('',#7703,#7705);
#7707=EDGE_CURVE('',#7677,#7702,#7706,.T.);
#7708=ORIENTED_EDGE('',*,*,#7707,.T.);
#7709=CARTESIAN_POINT('',(0.094488188976378,-0.137795275590551,0.062992125984252));
#7710=DIRECTION('',(0.0,1.0,0.0));
#7711=VECTOR('',#7710,0.011811023622047);
#7712=LINE('',#7709,#7711);
#7713=EDGE_CURVE('',#7702,#4973,#7712,.T.);
#7714=ORIENTED_EDGE('',*,*,#7713,.T.);
#7715=EDGE_LOOP('',(#7699,#7700,#7708,#7714));
#7716=FACE_OUTER_BOUND('',#7715,.T.);
#7717=ADVANCED_FACE('',(#7716),#7698,.F.);
#7718=CARTESIAN_POINT('',(0.090551181102362,-0.125393700787402,0.062992125984252));
#7719=DIRECTION('',(0.0,-1.0,0.0));
#7720=DIRECTION('',(0.0,0.0,-1.0));
#7721=AXIS2_PLACEMENT_3D('',#7718,#7719,#7720);
#7722=CYLINDRICAL_SURFACE('',#7721,0.003937007874016);
#7723=ORIENTED_EDGE('',*,*,#4987,.F.);
#7724=ORIENTED_EDGE('',*,*,#7713,.F.);
#7725=CARTESIAN_POINT('',(0.090551181102362,-0.137795275590551,0.066929133858268));
#7726=VERTEX_POINT('',#7725);
#7727=CARTESIAN_POINT('',(0.090551181102362,-0.137795275590551,0.062992125984252));
#7728=DIRECTION('',(0.0,-1.0,0.0));
#7729=DIRECTION('',(0.0,0.0,-1.0));
#7730=AXIS2_PLACEMENT_3D('',#7727,#7728,#7729);
#7731=CIRCLE('',#7730,0.003937007874016);
#7732=EDGE_CURVE('',#7702,#7726,#7731,.T.);
#7733=ORIENTED_EDGE('',*,*,#7732,.T.);
#7734=CARTESIAN_POINT('',(0.090551181102362,-0.137795275590551,0.066929133858268));
#7735=DIRECTION('',(0.0,1.0,0.0));
#7736=VECTOR('',#7735,0.011811023622047);
#7737=LINE('',#7734,#7736);
#7738=EDGE_CURVE('',#7726,#4981,#7737,.T.);
#7739=ORIENTED_EDGE('',*,*,#7738,.T.);
#7740=EDGE_LOOP('',(#7723,#7724,#7733,#7739));
#7741=FACE_OUTER_BOUND('',#7740,.T.);
#7742=ADVANCED_FACE('',(#7741),#7722,.F.);
#7743=CARTESIAN_POINT('',(0.090748031496063,-0.125393700787402,0.066929133858268));
#7744=DIRECTION('',(0.0,0.0,1.0));
#7745=DIRECTION('',(1.0,0.0,0.0));
#7746=AXIS2_PLACEMENT_3D('',#7743,#7744,#7745);
#7747=PLANE('',#7746);
#7748=ORIENTED_EDGE('',*,*,#4995,.F.);
#7749=ORIENTED_EDGE('',*,*,#7738,.F.);
#7750=CARTESIAN_POINT('',(0.086614173228346,-0.137795275590551,0.066929133858268));
#7751=VERTEX_POINT('',#7750);
#7752=CARTESIAN_POINT('',(0.090551181102362,-0.137795275590551,0.066929133858268));
#7753=DIRECTION('',(-1.0,0.0,0.0));
#7754=VECTOR('',#7753,0.003937007874016);
#7755=LINE('',#7752,#7754);
#7756=EDGE_CURVE('',#7726,#7751,#7755,.T.);
#7757=ORIENTED_EDGE('',*,*,#7756,.T.);
#7758=CARTESIAN_POINT('',(0.086614173228346,-0.137795275590551,0.066929133858268));
#7759=DIRECTION('',(0.0,1.0,0.0));
#7760=VECTOR('',#7759,0.011811023622047);
#7761=LINE('',#7758,#7760);
#7762=EDGE_CURVE('',#7751,#4990,#7761,.T.);
#7763=ORIENTED_EDGE('',*,*,#7762,.T.);
#7764=EDGE_LOOP('',(#7748,#7749,#7757,#7763));
#7765=FACE_OUTER_BOUND('',#7764,.T.);
#7766=ADVANCED_FACE('',(#7765),#7747,.F.);
#7767=CARTESIAN_POINT('',(0.086614173228346,-0.125393700787402,0.070866141732283));
#7768=DIRECTION('',(0.0,-1.0,0.0));
#7769=DIRECTION('',(0.707106781186548,0.0,0.707106781186547));
#7770=AXIS2_PLACEMENT_3D('',#7767,#7768,#7769);
#7771=CYLINDRICAL_SURFACE('',#7770,0.003937007874016);
#7772=ORIENTED_EDGE('',*,*,#5004,.F.);
#7773=ORIENTED_EDGE('',*,*,#7762,.F.);
#7774=CARTESIAN_POINT('',(0.086614173228346,-0.137795275590551,0.070866141732283));
#7775=DIRECTION('',(0.0,1.0,0.0));
#7776=DIRECTION('',(0.0,0.0,-1.0));
#7777=AXIS2_PLACEMENT_3D('',#7774,#7775,#7776);
#7778=CIRCLE('',#7777,0.003937007874016);
#7779=EDGE_CURVE('',#7751,#5870,#7778,.T.);
#7780=ORIENTED_EDGE('',*,*,#7779,.T.);
#7781=ORIENTED_EDGE('',*,*,#5875,.T.);
#7782=EDGE_LOOP('',(#7772,#7773,#7780,#7781));
#7783=FACE_OUTER_BOUND('',#7782,.T.);
#7784=ADVANCED_FACE('',(#7783),#7771,.T.);
#7785=CARTESIAN_POINT('',(-0.126064326070927,-0.125393700787402,0.068897637795276));
#7786=DIRECTION('',(0.0,0.0,-1.0));
#7787=DIRECTION('',(-1.0,0.0,0.0));
#7788=AXIS2_PLACEMENT_3D('',#7785,#7786,#7787);
#7789=PLANE('',#7788);
#7790=CARTESIAN_POINT('',(-0.124382769920044,-0.125984251968504,0.068897637795276));
#7791=VERTEX_POINT('',#7790);
#7792=CARTESIAN_POINT('',(-0.125984251968504,-0.125984251968504,0.068897637795276));
#7793=DIRECTION('',(1.0,0.0,0.0));
#7794=VECTOR('',#7793,0.00160148204846);
#7795=LINE('',#7792,#7794);
#7796=EDGE_CURVE('',#6119,#7791,#7795,.T.);
#7797=ORIENTED_EDGE('',*,*,#7796,.T.);
#7798=CARTESIAN_POINT('',(-0.124382769920044,-0.137795275590551,0.068897637795276));
#7799=DIRECTION('',(0.0,1.0,0.0));
#7800=VECTOR('',#7799,0.011811023622047);
#7801=LINE('',#7798,#7800);
#7802=EDGE_CURVE('',#5264,#7791,#7801,.T.);
#7803=ORIENTED_EDGE('',*,*,#7802,.F.);
#7804=ORIENTED_EDGE('',*,*,#5269,.F.);
#7805=ORIENTED_EDGE('',*,*,#6130,.T.);
#7806=EDGE_LOOP('',(#7797,#7803,#7804,#7805));
#7807=FACE_OUTER_BOUND('',#7806,.T.);
#7808=ADVANCED_FACE('',(#7807),#7789,.T.);
#7809=CARTESIAN_POINT('',(-0.124382769920044,-0.138385826771653,0.06496062992126));
#7810=DIRECTION('',(0.0,1.0,0.0));
#7811=DIRECTION('',(-0.877605344039362,0.0,-0.479383833804972));
#7812=AXIS2_PLACEMENT_3D('',#7809,#7810,#7811);
#7813=CYLINDRICAL_SURFACE('',#7812,0.003937007874016);
#7814=CARTESIAN_POINT('',(-0.120927630770283,-0.125984251968504,0.066847967849626));
#7815=VERTEX_POINT('',#7814);
#7816=CARTESIAN_POINT('',(-0.124382769920044,-0.125984251968504,0.06496062992126));
#7817=DIRECTION('',(0.0,1.0,0.0));
#7818=DIRECTION('',(-0.877605344039362,0.0,-0.479383833804972));
#7819=AXIS2_PLACEMENT_3D('',#7816,#7817,#7818);
#7820=CIRCLE('',#7819,0.003937007874016);
#7821=EDGE_CURVE('',#7791,#7815,#7820,.T.);
#7822=ORIENTED_EDGE('',*,*,#7821,.T.);
#7823=CARTESIAN_POINT('',(-0.120927630770283,-0.137795275590551,0.066847967849626));
#7824=DIRECTION('',(0.0,1.0,0.0));
#7825=VECTOR('',#7824,0.011811023622047);
#7826=LINE('',#7823,#7825);
#7827=EDGE_CURVE('',#5272,#7815,#7826,.T.);
#7828=ORIENTED_EDGE('',*,*,#7827,.F.);
#7829=ORIENTED_EDGE('',*,*,#5278,.F.);
#7830=ORIENTED_EDGE('',*,*,#7802,.T.);
#7831=EDGE_LOOP('',(#7822,#7828,#7829,#7830));
#7832=FACE_OUTER_BOUND('',#7831,.T.);
#7833=ADVANCED_FACE('',(#7832),#7813,.F.);
#7834=CARTESIAN_POINT('',(-0.122548936750962,-0.125393700787402,0.069816083778094));
#7835=DIRECTION('',(-0.877605344039362,0.0,-0.479383833804972));
#7836=DIRECTION('',(-0.479383833804972,0.0,0.877605344039362));
#7837=AXIS2_PLACEMENT_3D('',#7834,#7835,#7836);
#7838=PLANE('',#7837);
#7839=CARTESIAN_POINT('',(-0.088501511156712,-0.125984251968504,0.007485649280272));
#7840=VERTEX_POINT('',#7839);
#7841=CARTESIAN_POINT('',(-0.120927630770283,-0.125984251968504,0.066847967849626));
#7842=DIRECTION('',(0.479383833804972,0.0,-0.877605344039362));
#7843=VECTOR('',#7842,0.067641245546804);
#7844=LINE('',#7841,#7843);
#7845=EDGE_CURVE('',#7815,#7840,#7844,.T.);
#7846=ORIENTED_EDGE('',*,*,#7845,.T.);
#7847=CARTESIAN_POINT('',(-0.088501511156712,-0.137795275590551,0.007485649280272));
#7848=DIRECTION('',(0.0,1.0,0.0));
#7849=VECTOR('',#7848,0.011811023622047);
#7850=LINE('',#7847,#7849);
#7851=EDGE_CURVE('',#5281,#7840,#7850,.T.);
#7852=ORIENTED_EDGE('',*,*,#7851,.F.);
#7853=ORIENTED_EDGE('',*,*,#5286,.F.);
#7854=ORIENTED_EDGE('',*,*,#7827,.T.);
#7855=EDGE_LOOP('',(#7846,#7852,#7853,#7854));
#7856=FACE_OUTER_BOUND('',#7855,.T.);
#7857=ADVANCED_FACE('',(#7856),#7838,.T.);
#7858=CARTESIAN_POINT('',(-0.085046372006951,-0.138385826771653,0.009372987208638));
#7859=DIRECTION('',(0.0,1.0,0.0));
#7860=DIRECTION('',(0.281585130301084,0.0,0.959536249650487));
#7861=AXIS2_PLACEMENT_3D('',#7858,#7859,#7860);
#7862=CYLINDRICAL_SURFACE('',#7861,0.003937007874016);
#7863=CARTESIAN_POINT('',(-0.083159034078585,-0.125984251968504,0.005917848058877));
#7864=VERTEX_POINT('',#7863);
#7865=CARTESIAN_POINT('',(-0.085046372006951,-0.125984251968504,0.009372987208638));
#7866=DIRECTION('',(0.0,-1.0,0.0));
#7867=DIRECTION('',(-0.877605344039362,0.0,-0.479383833804973));
#7868=AXIS2_PLACEMENT_3D('',#7865,#7866,#7867);
#7869=CIRCLE('',#7868,0.003937007874016);
#7870=EDGE_CURVE('',#7840,#7864,#7869,.T.);
#7871=ORIENTED_EDGE('',*,*,#7870,.T.);
#7872=CARTESIAN_POINT('',(-0.083159034078585,-0.137795275590551,0.005917848058877));
#7873=DIRECTION('',(0.0,1.0,0.0));
#7874=VECTOR('',#7873,0.011811023622047);
#7875=LINE('',#7872,#7874);
#7876=EDGE_CURVE('',#5289,#7864,#7875,.T.);
#7877=ORIENTED_EDGE('',*,*,#7876,.F.);
#7878=ORIENTED_EDGE('',*,*,#5295,.F.);
#7879=ORIENTED_EDGE('',*,*,#7851,.T.);
#7880=EDGE_LOOP('',(#7871,#7877,#7878,#7879));
#7881=FACE_OUTER_BOUND('',#7880,.T.);
#7882=ADVANCED_FACE('',(#7881),#7862,.T.);
#7883=CARTESIAN_POINT('',(-0.083850061908537,-0.125393700787402,0.005540380473204));
#7884=DIRECTION('',(0.479383833804972,0.0,-0.877605344039362));
#7885=DIRECTION('',(-0.877605344039362,0.0,-0.479383833804972));
#7886=AXIS2_PLACEMENT_3D('',#7883,#7884,#7885);
#7887=PLANE('',#7886);
#7888=CARTESIAN_POINT('',(-0.06933847747954,-0.125984251968504,0.013467199772341));
#7889=VERTEX_POINT('',#7888);
#7890=CARTESIAN_POINT('',(-0.083159034078585,-0.125984251968504,0.005917848058877));
#7891=DIRECTION('',(0.877605344039362,0.0,0.479383833804972));
#7892=VECTOR('',#7891,0.015748031496063);
#7893=LINE('',#7890,#7892);
#7894=EDGE_CURVE('',#7864,#7889,#7893,.T.);
#7895=ORIENTED_EDGE('',*,*,#7894,.T.);
#7896=CARTESIAN_POINT('',(-0.06933847747954,-0.137795275590551,0.013467199772341));
#7897=DIRECTION('',(0.0,1.0,0.0));
#7898=VECTOR('',#7897,0.011811023622047);
#7899=LINE('',#7896,#7898);
#7900=EDGE_CURVE('',#5298,#7889,#7899,.T.);
#7901=ORIENTED_EDGE('',*,*,#7900,.F.);
#7902=ORIENTED_EDGE('',*,*,#5303,.F.);
#7903=ORIENTED_EDGE('',*,*,#7876,.T.);
#7904=EDGE_LOOP('',(#7895,#7901,#7902,#7903));
#7905=FACE_OUTER_BOUND('',#7904,.T.);
#7906=ADVANCED_FACE('',(#7905),#7887,.T.);
#7907=CARTESIAN_POINT('',(-0.071225815407906,-0.138385826771653,0.016922338922102));
#7908=DIRECTION('',(0.0,1.0,0.0));
#7909=DIRECTION('',(-0.959536249650487,0.0,0.281585130301085));
#7910=AXIS2_PLACEMENT_3D('',#7907,#7908,#7909);
#7911=CYLINDRICAL_SURFACE('',#7910,0.003937007874016);
#7912=CARTESIAN_POINT('',(-0.067770676258145,-0.125984251968504,0.018809676850468));
#7913=VERTEX_POINT('',#7912);
#7914=CARTESIAN_POINT('',(-0.071225815407906,-0.125984251968504,0.016922338922102));
#7915=DIRECTION('',(0.0,-1.0,0.0));
#7916=DIRECTION('',(0.479383833804972,0.0,-0.877605344039362));
#7917=AXIS2_PLACEMENT_3D('',#7914,#7915,#7916);
#7918=CIRCLE('',#7917,0.003937007874016);
#7919=EDGE_CURVE('',#7889,#7913,#7918,.T.);
#7920=ORIENTED_EDGE('',*,*,#7919,.T.);
#7921=CARTESIAN_POINT('',(-0.067770676258145,-0.137795275590551,0.018809676850468));
#7922=DIRECTION('',(0.0,1.0,0.0));
#7923=VECTOR('',#7922,0.011811023622047);
#7924=LINE('',#7921,#7923);
#7925=EDGE_CURVE('',#5306,#7913,#7924,.T.);
#7926=ORIENTED_EDGE('',*,*,#7925,.F.);
#7927=ORIENTED_EDGE('',*,*,#5312,.F.);
#7928=ORIENTED_EDGE('',*,*,#7900,.T.);
#7929=EDGE_LOOP('',(#7920,#7926,#7927,#7928));
#7930=FACE_OUTER_BOUND('',#7929,.T.);
#7931=ADVANCED_FACE('',(#7930),#7911,.T.);
#7932=CARTESIAN_POINT('',(-0.067629125913518,-0.125393700787402,0.018550541414236));
#7933=DIRECTION('',(0.877605344039362,0.0,0.479383833804972));
#7934=DIRECTION('',(0.479383833804972,0.0,-0.877605344039362));
#7935=AXIS2_PLACEMENT_3D('',#7932,#7933,#7934);
#7936=PLANE('',#7935);
#7937=CARTESIAN_POINT('',(-0.070601683150694,-0.125984251968504,0.02399238557511));
#7938=VERTEX_POINT('',#7937);
#7939=CARTESIAN_POINT('',(-0.067770676258145,-0.125984251968504,0.018809676850468));
#7940=DIRECTION('',(-0.479383833804969,0.0,0.877605344039364));
#7941=VECTOR('',#7940,0.005905511811024);
#7942=LINE('',#7939,#7941);
#7943=EDGE_CURVE('',#7913,#7938,#7942,.T.);
#7944=ORIENTED_EDGE('',*,*,#7943,.T.);
#7945=CARTESIAN_POINT('',(-0.070601683150694,-0.137795275590551,0.02399238557511));
#7946=DIRECTION('',(0.0,1.0,0.0));
#7947=VECTOR('',#7946,0.011811023622047);
#7948=LINE('',#7945,#7947);
#7949=EDGE_CURVE('',#5315,#7938,#7948,.T.);
#7950=ORIENTED_EDGE('',*,*,#7949,.F.);
#7951=ORIENTED_EDGE('',*,*,#5320,.F.);
#7952=ORIENTED_EDGE('',*,*,#7925,.T.);
#7953=EDGE_LOOP('',(#7944,#7950,#7951,#7952));
#7954=FACE_OUTER_BOUND('',#7953,.T.);
#7955=ADVANCED_FACE('',(#7954),#7936,.T.);
#7956=CARTESIAN_POINT('',(-0.074056822300455,-0.138385826771653,0.022105047646744));
#7957=DIRECTION('',(0.0,1.0,0.0));
#7958=DIRECTION('',(-0.281585130301085,0.0,-0.959536249650487));
#7959=AXIS2_PLACEMENT_3D('',#7956,#7957,#7958);
#7960=CYLINDRICAL_SURFACE('',#7959,0.003937007874016);
#7961=CARTESIAN_POINT('',(-0.075944160228821,-0.125984251968504,0.025560186796506));
#7962=VERTEX_POINT('',#7961);
#7963=CARTESIAN_POINT('',(-0.074056822300455,-0.125984251968504,0.022105047646744));
#7964=DIRECTION('',(0.0,-1.0,0.0));
#7965=DIRECTION('',(0.877605344039362,0.0,0.479383833804972));
#7966=AXIS2_PLACEMENT_3D('',#7963,#7964,#7965);
#7967=CIRCLE('',#7966,0.003937007874016);
#7968=EDGE_CURVE('',#7938,#7962,#7967,.T.);
#7969=ORIENTED_EDGE('',*,*,#7968,.T.);
#7970=CARTESIAN_POINT('',(-0.075944160228821,-0.137795275590551,0.025560186796506));
#7971=DIRECTION('',(0.0,1.0,0.0));
#7972=VECTOR('',#7971,0.011811023622047);
#7973=LINE('',#7970,#7972);
#7974=EDGE_CURVE('',#5323,#7962,#7973,.T.);
#7975=ORIENTED_EDGE('',*,*,#7974,.F.);
#7976=ORIENTED_EDGE('',*,*,#5329,.F.);
#7977=ORIENTED_EDGE('',*,*,#7949,.T.);
#7978=EDGE_LOOP('',(#7969,#7975,#7976,#7977));
#7979=FACE_OUTER_BOUND('',#7978,.T.);
#7980=ADVANCED_FACE('',(#7979),#7960,.T.);
#7981=CARTESIAN_POINT('',(-0.075913700673797,-0.125393700787402,0.025576825047814));
#7982=DIRECTION('',(-0.479383833804984,0.0,0.877605344039355));
#7983=DIRECTION('',(0.877605344039355,0.0,0.479383833804984));
#7984=AXIS2_PLACEMENT_3D('',#7981,#7982,#7983);
#7985=PLANE('',#7984);
#7986=CARTESIAN_POINT('',(-0.076553351329304,-0.125984251968504,0.025227421770343));
#7987=VERTEX_POINT('',#7986);
#7988=CARTESIAN_POINT('',(-0.075944160228821,-0.125984251968504,0.025560186796506));
#7989=DIRECTION('',(-0.877605344039353,0.0,-0.479383833804989));
#7990=VECTOR('',#7989,0.000694151539323);
#7991=LINE('',#7988,#7990);
#7992=EDGE_CURVE('',#7962,#7987,#7991,.T.);
#7993=ORIENTED_EDGE('',*,*,#7992,.T.);
#7994=CARTESIAN_POINT('',(-0.076553351329304,-0.137795275590551,0.025227421770343));
#7995=DIRECTION('',(0.0,1.0,0.0));
#7996=VECTOR('',#7995,0.011811023622047);
#7997=LINE('',#7994,#7996);
#7998=EDGE_CURVE('',#5332,#7987,#7997,.T.);
#7999=ORIENTED_EDGE('',*,*,#7998,.F.);
#8000=ORIENTED_EDGE('',*,*,#5337,.F.);
#8001=ORIENTED_EDGE('',*,*,#7974,.T.);
#8002=EDGE_LOOP('',(#7993,#7999,#8000,#8001));
#8003=FACE_OUTER_BOUND('',#8002,.T.);
#8004=ADVANCED_FACE('',(#8003),#7985,.T.);
#8005=CARTESIAN_POINT('',(-0.07844068925767,-0.138385826771653,0.028682560920105));
#8006=DIRECTION('',(0.0,1.0,0.0));
#8007=DIRECTION('',(0.877605344039362,0.0,0.479383833804972));
#8008=AXIS2_PLACEMENT_3D('',#8005,#8006,#8007);
#8009=CYLINDRICAL_SURFACE('',#8008,0.003937007874016);
#8010=CARTESIAN_POINT('',(-0.081895828407431,-0.125984251968504,0.026795222991739));
#8011=VERTEX_POINT('',#8010);
#8012=CARTESIAN_POINT('',(-0.07844068925767,-0.125984251968504,0.028682560920105));
#8013=DIRECTION('',(0.0,1.0,0.0));
#8014=DIRECTION('',(0.877605344039362,0.0,0.479383833804972));
#8015=AXIS2_PLACEMENT_3D('',#8012,#8013,#8014);
#8016=CIRCLE('',#8015,0.003937007874016);
#8017=EDGE_CURVE('',#7987,#8011,#8016,.T.);
#8018=ORIENTED_EDGE('',*,*,#8017,.T.);
#8019=CARTESIAN_POINT('',(-0.081895828407431,-0.137795275590551,0.026795222991739));
#8020=DIRECTION('',(0.0,1.0,0.0));
#8021=VECTOR('',#8020,0.011811023622047);
#8022=LINE('',#8019,#8021);
#8023=EDGE_CURVE('',#5340,#8011,#8022,.T.);
#8024=ORIENTED_EDGE('',*,*,#8023,.F.);
#8025=ORIENTED_EDGE('',*,*,#5346,.F.);
#8026=ORIENTED_EDGE('',*,*,#7998,.T.);
#8027=EDGE_LOOP('',(#8018,#8024,#8025,#8026));
#8028=FACE_OUTER_BOUND('',#8027,.T.);
#8029=ADVANCED_FACE('',(#8028),#8009,.F.);
#8030=CARTESIAN_POINT('',(-0.081746314496576,-0.125393700787402,0.026521508698679));
#8031=DIRECTION('',(0.877605344039362,0.0,0.479383833804971));
#8032=DIRECTION('',(0.479383833804971,0.0,-0.877605344039362));
#8033=AXIS2_PLACEMENT_3D('',#8030,#8031,#8032);
#8034=PLANE('',#8033);
#8035=CARTESIAN_POINT('',(-0.084886106624526,-0.125984251968504,0.03226950885294));
#8036=VERTEX_POINT('',#8035);
#8037=CARTESIAN_POINT('',(-0.081895828407431,-0.125984251968504,0.026795222991739));
#8038=DIRECTION('',(-0.479383833804971,0.0,0.877605344039362));
#8039=VECTOR('',#8038,0.006237753562444);
#8040=LINE('',#8037,#8039);
#8041=EDGE_CURVE('',#8011,#8036,#8040,.T.);
#8042=ORIENTED_EDGE('',*,*,#8041,.T.);
#8043=CARTESIAN_POINT('',(-0.084886106624526,-0.137795275590551,0.03226950885294));
#8044=DIRECTION('',(0.0,1.0,0.0));
#8045=VECTOR('',#8044,0.011811023622047);
#8046=LINE('',#8043,#8045);
#8047=EDGE_CURVE('',#5349,#8036,#8046,.T.);
#8048=ORIENTED_EDGE('',*,*,#8047,.F.);
#8049=ORIENTED_EDGE('',*,*,#5354,.F.);
#8050=ORIENTED_EDGE('',*,*,#8023,.T.);
#8051=EDGE_LOOP('',(#8042,#8048,#8049,#8050));
#8052=FACE_OUTER_BOUND('',#8051,.T.);
#8053=ADVANCED_FACE('',(#8052),#8034,.T.);
#8054=CARTESIAN_POINT('',(-0.081430967474765,-0.138385826771653,0.034156846781306));
#8055=DIRECTION('',(0.0,1.0,0.0));
#8056=DIRECTION('',(0.554700196225229,0.0,-0.832050294337844));
#8057=AXIS2_PLACEMENT_3D('',#8054,#8055,#8056);
#8058=CYLINDRICAL_SURFACE('',#8057,0.003937007874016);
#8059=CARTESIAN_POINT('',(-0.083614826515022,-0.125984251968504,0.037432635341691));
#8060=VERTEX_POINT('',#8059);
#8061=CARTESIAN_POINT('',(-0.081430967474765,-0.125984251968504,0.034156846781306));
#8062=DIRECTION('',(0.0,1.0,0.0));
#8063=DIRECTION('',(0.554700196225229,0.0,-0.832050294337844));
#8064=AXIS2_PLACEMENT_3D('',#8061,#8062,#8063);
#8065=CIRCLE('',#8064,0.003937007874016);
#8066=EDGE_CURVE('',#8036,#8060,#8065,.T.);
#8067=ORIENTED_EDGE('',*,*,#8066,.T.);
#8068=CARTESIAN_POINT('',(-0.083614826515022,-0.137795275590551,0.037432635341691));
#8069=DIRECTION('',(0.0,1.0,0.0));
#8070=VECTOR('',#8069,0.011811023622047);
#8071=LINE('',#8068,#8070);
#8072=EDGE_CURVE('',#5357,#8060,#8071,.T.);
#8073=ORIENTED_EDGE('',*,*,#8072,.F.);
#8074=ORIENTED_EDGE('',*,*,#5363,.F.);
#8075=ORIENTED_EDGE('',*,*,#8047,.T.);
#8076=EDGE_LOOP('',(#8067,#8073,#8074,#8075));
#8077=FACE_OUTER_BOUND('',#8076,.T.);
#8078=ADVANCED_FACE('',(#8077),#8058,.F.);
#8079=CARTESIAN_POINT('',(-0.083878245006127,-0.125393700787402,0.037257023014287));
#8080=DIRECTION('',(0.554700196225229,0.0,-0.832050294337844));
#8081=DIRECTION('',(-0.832050294337844,0.0,-0.554700196225229));
#8082=AXIS2_PLACEMENT_3D('',#8079,#8080,#8081);
#8083=PLANE('',#8082);
#8084=CARTESIAN_POINT('',(-0.078346456692913,-0.125984251968504,0.040944881889764));
#8085=VERTEX_POINT('',#8084);
#8086=CARTESIAN_POINT('',(-0.078346456692913,-0.137795275590551,0.040944881889764));
#8087=DIRECTION('',(0.0,1.0,0.0));
#8088=VECTOR('',#8087,0.011811023622047);
#8089=LINE('',#8086,#8088);
#8090=EDGE_CURVE('',#5181,#8085,#8089,.T.);
#8091=ORIENTED_EDGE('',*,*,#8090,.F.);
#8092=ORIENTED_EDGE('',*,*,#5369,.F.);
#8093=ORIENTED_EDGE('',*,*,#8072,.T.);
#8094=CARTESIAN_POINT('',(-0.083614826515022,-0.125984251968504,0.037432635341691));
#8095=DIRECTION('',(0.832050294337844,0.0,0.554700196225229));
#8096=VECTOR('',#8095,0.006331792510574);
#8097=LINE('',#8094,#8096);
#8098=EDGE_CURVE('',#8060,#8085,#8097,.T.);
#8099=ORIENTED_EDGE('',*,*,#8098,.T.);
#8100=EDGE_LOOP('',(#8091,#8092,#8093,#8099));
#8101=FACE_OUTER_BOUND('',#8100,.T.);
#8102=ADVANCED_FACE('',(#8101),#8083,.T.);
#8103=CARTESIAN_POINT('',(-0.082771400347195,-0.125393700787402,0.05511811023622));
#8104=DIRECTION('',(0.0,0.0,1.0));
#8105=DIRECTION('',(1.0,0.0,0.0));
#8106=AXIS2_PLACEMENT_3D('',#8103,#8104,#8105);
#8107=PLANE('',#8106);
#8108=CARTESIAN_POINT('',(-0.090551181102362,-0.125984251968504,0.05511811023622));
#8109=VERTEX_POINT('',#8108);
#8110=CARTESIAN_POINT('',(-0.083141866097441,-0.125984251968504,0.05511811023622));
#8111=DIRECTION('',(-1.0,0.0,0.0));
#8112=VECTOR('',#8111,0.007409315004921);
#8113=LINE('',#8110,#8112);
#8114=EDGE_CURVE('',#5388,#8109,#8113,.T.);
#8115=ORIENTED_EDGE('',*,*,#8114,.T.);
#8116=CARTESIAN_POINT('',(-0.090551181102362,-0.137795275590551,0.05511811023622));
#8117=DIRECTION('',(0.0,1.0,0.0));
#8118=VECTOR('',#8117,0.011811023622047);
#8119=LINE('',#8116,#8118);
#8120=EDGE_CURVE('',#5198,#8109,#8119,.T.);
#8121=ORIENTED_EDGE('',*,*,#8120,.F.);
#8122=ORIENTED_EDGE('',*,*,#5203,.F.);
#8123=ORIENTED_EDGE('',*,*,#5400,.T.);
#8124=EDGE_LOOP('',(#8115,#8121,#8122,#8123));
#8125=FACE_OUTER_BOUND('',#8124,.T.);
#8126=ADVANCED_FACE('',(#8125),#8107,.T.);
#8127=CARTESIAN_POINT('',(-0.090551181102362,-0.138385826771653,0.059055118110236));
#8128=DIRECTION('',(0.0,1.0,0.0));
#8129=DIRECTION('',(1.0,0.0,0.0));
#8130=AXIS2_PLACEMENT_3D('',#8127,#8128,#8129);
#8131=CYLINDRICAL_SURFACE('',#8130,0.003937007874016);
#8132=CARTESIAN_POINT('',(-0.094488188976378,-0.125984251968504,0.059055118110236));
#8133=VERTEX_POINT('',#8132);
#8134=CARTESIAN_POINT('',(-0.090551181102362,-0.125984251968504,0.059055118110236));
#8135=DIRECTION('',(0.0,1.0,0.0));
#8136=DIRECTION('',(1.0,0.0,0.0));
#8137=AXIS2_PLACEMENT_3D('',#8134,#8135,#8136);
#8138=CIRCLE('',#8137,0.003937007874016);
#8139=EDGE_CURVE('',#8109,#8133,#8138,.T.);
#8140=ORIENTED_EDGE('',*,*,#8139,.T.);
#8141=CARTESIAN_POINT('',(-0.094488188976378,-0.137795275590551,0.059055118110236));
#8142=DIRECTION('',(0.0,1.0,0.0));
#8143=VECTOR('',#8142,0.011811023622047);
#8144=LINE('',#8141,#8143);
#8145=EDGE_CURVE('',#5206,#8133,#8144,.T.);
#8146=ORIENTED_EDGE('',*,*,#8145,.F.);
#8147=ORIENTED_EDGE('',*,*,#5212,.F.);
#8148=ORIENTED_EDGE('',*,*,#8120,.T.);
#8149=EDGE_LOOP('',(#8140,#8146,#8147,#8148));
#8150=FACE_OUTER_BOUND('',#8149,.T.);
#8151=ADVANCED_FACE('',(#8150),#8131,.F.);
#8152=CARTESIAN_POINT('',(-0.094488188976378,-0.125393700787402,0.058858267716535));
#8153=DIRECTION('',(1.0,0.0,0.0));
#8154=DIRECTION('',(0.0,0.0,-1.0));
#8155=AXIS2_PLACEMENT_3D('',#8152,#8153,#8154);
#8156=PLANE('',#8155);
#8157=CARTESIAN_POINT('',(-0.094488188976378,-0.125984251968504,0.062992125984252));
#8158=VERTEX_POINT('',#8157);
#8159=CARTESIAN_POINT('',(-0.094488188976378,-0.125984251968504,0.059055118110236));
#8160=DIRECTION('',(0.0,0.0,1.0));
#8161=VECTOR('',#8160,0.003937007874016);
#8162=LINE('',#8159,#8161);
#8163=EDGE_CURVE('',#8133,#8158,#8162,.T.);
#8164=ORIENTED_EDGE('',*,*,#8163,.T.);
#8165=CARTESIAN_POINT('',(-0.094488188976378,-0.137795275590551,0.062992125984252));
#8166=DIRECTION('',(0.0,1.0,0.0));
#8167=VECTOR('',#8166,0.011811023622047);
#8168=LINE('',#8165,#8167);
#8169=EDGE_CURVE('',#5215,#8158,#8168,.T.);
#8170=ORIENTED_EDGE('',*,*,#8169,.F.);
#8171=ORIENTED_EDGE('',*,*,#5220,.F.);
#8172=ORIENTED_EDGE('',*,*,#8145,.T.);
#8173=EDGE_LOOP('',(#8164,#8170,#8171,#8172));
#8174=FACE_OUTER_BOUND('',#8173,.T.);
#8175=ADVANCED_FACE('',(#8174),#8156,.T.);
#8176=CARTESIAN_POINT('',(-0.090551181102362,-0.138385826771653,0.062992125984252));
#8177=DIRECTION('',(0.0,1.0,0.0));
#8178=DIRECTION('',(0.0,0.0,-1.0));
#8179=AXIS2_PLACEMENT_3D('',#8176,#8177,#8178);
#8180=CYLINDRICAL_SURFACE('',#8179,0.003937007874016);
#8181=CARTESIAN_POINT('',(-0.090551181102362,-0.125984251968504,0.066929133858268));
#8182=VERTEX_POINT('',#8181);
#8183=CARTESIAN_POINT('',(-0.090551181102362,-0.125984251968504,0.062992125984252));
#8184=DIRECTION('',(0.0,1.0,0.0));
#8185=DIRECTION('',(0.0,0.0,-1.0));
#8186=AXIS2_PLACEMENT_3D('',#8183,#8184,#8185);
#8187=CIRCLE('',#8186,0.003937007874016);
#8188=EDGE_CURVE('',#8158,#8182,#8187,.T.);
#8189=ORIENTED_EDGE('',*,*,#8188,.T.);
#8190=CARTESIAN_POINT('',(-0.090551181102362,-0.137795275590551,0.066929133858268));
#8191=DIRECTION('',(0.0,1.0,0.0));
#8192=VECTOR('',#8191,0.011811023622047);
#8193=LINE('',#8190,#8192);
#8194=EDGE_CURVE('',#5223,#8182,#8193,.T.);
#8195=ORIENTED_EDGE('',*,*,#8194,.F.);
#8196=ORIENTED_EDGE('',*,*,#5229,.F.);
#8197=ORIENTED_EDGE('',*,*,#8169,.T.);
#8198=EDGE_LOOP('',(#8189,#8195,#8196,#8197));
#8199=FACE_OUTER_BOUND('',#8198,.T.);
#8200=ADVANCED_FACE('',(#8199),#8180,.F.);
#8201=CARTESIAN_POINT('',(-0.090748031496063,-0.125393700787402,0.066929133858268));
#8202=DIRECTION('',(0.0,0.0,-1.0));
#8203=DIRECTION('',(-1.0,0.0,0.0));
#8204=AXIS2_PLACEMENT_3D('',#8201,#8202,#8203);
#8205=PLANE('',#8204);
#8206=CARTESIAN_POINT('',(-0.086614173228346,-0.125984251968504,0.066929133858268));
#8207=VERTEX_POINT('',#8206);
#8208=CARTESIAN_POINT('',(-0.090551181102362,-0.125984251968504,0.066929133858268));
#8209=DIRECTION('',(1.0,0.0,0.0));
#8210=VECTOR('',#8209,0.003937007874016);
#8211=LINE('',#8208,#8210);
#8212=EDGE_CURVE('',#8182,#8207,#8211,.T.);
#8213=ORIENTED_EDGE('',*,*,#8212,.T.);
#8214=CARTESIAN_POINT('',(-0.086614173228346,-0.137795275590551,0.066929133858268));
#8215=DIRECTION('',(0.0,1.0,0.0));
#8216=VECTOR('',#8215,0.011811023622047);
#8217=LINE('',#8214,#8216);
#8218=EDGE_CURVE('',#5232,#8207,#8217,.T.);
#8219=ORIENTED_EDGE('',*,*,#8218,.F.);
#8220=ORIENTED_EDGE('',*,*,#5237,.F.);
#8221=ORIENTED_EDGE('',*,*,#8194,.T.);
#8222=EDGE_LOOP('',(#8213,#8219,#8220,#8221));
#8223=FACE_OUTER_BOUND('',#8222,.T.);
#8224=ADVANCED_FACE('',(#8223),#8205,.T.);
#8225=CARTESIAN_POINT('',(-0.086614173228346,-0.138385826771653,0.070866141732283));
#8226=DIRECTION('',(0.0,1.0,0.0));
#8227=DIRECTION('',(-0.707106781186548,0.0,0.707106781186547));
#8228=AXIS2_PLACEMENT_3D('',#8225,#8226,#8227);
#8229=CYLINDRICAL_SURFACE('',#8228,0.003937007874016);
#8230=CARTESIAN_POINT('',(-0.082677165354331,-0.125984251968504,0.070866141732283));
#8231=VERTEX_POINT('',#8230);
#8232=CARTESIAN_POINT('',(-0.086614173228346,-0.125984251968504,0.070866141732283));
#8233=DIRECTION('',(0.0,-1.0,0.0));
#8234=DIRECTION('',(0.0,0.0,-1.0));
#8235=AXIS2_PLACEMENT_3D('',#8232,#8233,#8234);
#8236=CIRCLE('',#8235,0.003937007874016);
#8237=EDGE_CURVE('',#8207,#8231,#8236,.T.);
#8238=ORIENTED_EDGE('',*,*,#8237,.T.);
#8239=CARTESIAN_POINT('',(-0.082677165354331,-0.137795275590551,0.070866141732283));
#8240=DIRECTION('',(0.0,1.0,0.0));
#8241=VECTOR('',#8240,0.011811023622047);
#8242=LINE('',#8239,#8241);
#8243=EDGE_CURVE('',#5240,#8231,#8242,.T.);
#8244=ORIENTED_EDGE('',*,*,#8243,.F.);
#8245=ORIENTED_EDGE('',*,*,#5246,.F.);
#8246=ORIENTED_EDGE('',*,*,#8218,.T.);
#8247=EDGE_LOOP('',(#8238,#8244,#8245,#8246));
#8248=FACE_OUTER_BOUND('',#8247,.T.);
#8249=ADVANCED_FACE('',(#8248),#8229,.T.);
#8250=CARTESIAN_POINT('',(-0.064355190976315,-0.125984251968504,0.001771926091493));
#8251=DIRECTION('',(0.0,-1.0,0.0));
#8252=DIRECTION('',(0.0,0.0,-1.0));
#8253=AXIS2_PLACEMENT_3D('',#8250,#8251,#8252);
#8254=PLANE('',#8253);
#8255=CARTESIAN_POINT('',(-0.078346456692913,-0.125984251968504,0.040944881889764));
#8256=DIRECTION('',(-0.164398987305358,0.0,0.986393923832144));
#8257=VECTOR('',#8256,0.013378047500841);
#8258=LINE('',#8255,#8257);
#8259=EDGE_CURVE('',#8085,#5380,#8258,.T.);
#8260=ORIENTED_EDGE('',*,*,#8259,.F.);
#8261=ORIENTED_EDGE('',*,*,#8098,.F.);
#8262=ORIENTED_EDGE('',*,*,#8066,.F.);
#8263=ORIENTED_EDGE('',*,*,#8041,.F.);
#8264=ORIENTED_EDGE('',*,*,#8017,.F.);
#8265=ORIENTED_EDGE('',*,*,#7992,.F.);
#8266=ORIENTED_EDGE('',*,*,#7968,.F.);
#8267=ORIENTED_EDGE('',*,*,#7943,.F.);
#8268=ORIENTED_EDGE('',*,*,#7919,.F.);
#8269=ORIENTED_EDGE('',*,*,#7894,.F.);
#8270=ORIENTED_EDGE('',*,*,#7870,.F.);
#8271=ORIENTED_EDGE('',*,*,#7845,.F.);
#8272=ORIENTED_EDGE('',*,*,#7821,.F.);
#8273=ORIENTED_EDGE('',*,*,#7796,.F.);
#8274=ORIENTED_EDGE('',*,*,#6124,.F.);
#8275=ORIENTED_EDGE('',*,*,#5662,.F.);
#8276=CARTESIAN_POINT('',(-0.082677165354331,-0.125984251968504,0.070866141732283));
#8277=DIRECTION('',(0.0,0.0,1.0));
#8278=VECTOR('',#8277,0.007874015748032);
#8279=LINE('',#8276,#8278);
#8280=EDGE_CURVE('',#8231,#5649,#8279,.T.);
#8281=ORIENTED_EDGE('',*,*,#8280,.F.);
#8282=ORIENTED_EDGE('',*,*,#8237,.F.);
#8283=ORIENTED_EDGE('',*,*,#8212,.F.);
#8284=ORIENTED_EDGE('',*,*,#8188,.F.);
#8285=ORIENTED_EDGE('',*,*,#8163,.F.);
#8286=ORIENTED_EDGE('',*,*,#8139,.F.);
#8287=ORIENTED_EDGE('',*,*,#8114,.F.);
#8288=ORIENTED_EDGE('',*,*,#5394,.F.);
#8289=EDGE_LOOP('',(#8260,#8261,#8262,#8263,#8264,#8265,#8266,#8267,#8268,#8269,#8270,#8271,#8272,#8273,#8274,#8275,#8281,#8282,#8283,#8284,#8285,#8286,#8287,#8288));
#8290=FACE_OUTER_BOUND('',#8289,.T.);
#8291=ADVANCED_FACE('',(#8290),#8254,.F.);
#8292=CARTESIAN_POINT('',(2.673262E-017,5.953362E-017,0.136417322834645));
#8293=DIRECTION('',(0.0,0.0,-1.0));
#8294=DIRECTION('',(-1.0,0.0,0.0));
#8295=AXIS2_PLACEMENT_3D('',#8292,#8293,#8294);
#8296=CYLINDRICAL_SURFACE('',#8295,0.061023622047244);
#8297=ORIENTED_EDGE('',*,*,#4371,.F.);
#8298=EDGE_LOOP('',(#8297));
#8299=FACE_OUTER_BOUND('',#8298,.T.);
#8300=CARTESIAN_POINT('',(-0.061023622047244,3.711390E-017,0.135826771653543));
#8301=VERTEX_POINT('',#8300);
#8302=CARTESIAN_POINT('',(2.673262E-017,5.953362E-017,0.135826771653543));
#8303=DIRECTION('',(0.0,0.0,-1.0));
#8304=DIRECTION('',(1.0,0.0,0.0));
#8305=AXIS2_PLACEMENT_3D('',#8302,#8303,#8304);
#8306=CIRCLE('',#8305,0.061023622047244);
#8307=EDGE_CURVE('',#8301,#8301,#8306,.T.);
#8308=ORIENTED_EDGE('',*,*,#8307,.F.);
#8309=EDGE_LOOP('',(#8308));
#8310=FACE_BOUND('',#8309,.T.);
#8311=ADVANCED_FACE('',(#8299,#8310),#8296,.F.);
#8312=CARTESIAN_POINT('',(0.128740157480315,-0.067913385826771,0.078740157480315));
#8313=DIRECTION('',(0.0,0.0,1.0));
#8314=DIRECTION('',(1.0,0.0,0.0));
#8315=AXIS2_PLACEMENT_3D('',#8312,#8313,#8314);
#8316=PLANE('',#8315);
#8317=CARTESIAN_POINT('',(0.124015748031496,-0.070866141732283,0.078740157480315));
#8318=VERTEX_POINT('',#8317);
#8319=CARTESIAN_POINT('',(0.125984251968504,-0.070866141732283,0.078740157480315));
#8320=VERTEX_POINT('',#8319);
#8321=CARTESIAN_POINT('',(0.124015748031496,-0.070866141732283,0.078740157480315));
#8322=DIRECTION('',(1.0,0.0,0.0));
#8323=VECTOR('',#8322,0.001968503937008);
#8324=LINE('',#8321,#8323);
#8325=EDGE_CURVE('',#8318,#8320,#8324,.T.);
#8326=ORIENTED_EDGE('',*,*,#8325,.T.);
#8327=CARTESIAN_POINT('',(0.125984251968504,-0.125984251968504,0.078740157480315));
#8328=DIRECTION('',(0.0,1.0,0.0));
#8329=VECTOR('',#8328,0.055118110236221);
#8330=LINE('',#8327,#8329);
#8331=EDGE_CURVE('',#5015,#8320,#8330,.T.);
#8332=ORIENTED_EDGE('',*,*,#8331,.F.);
#8333=ORIENTED_EDGE('',*,*,#5020,.T.);
#8334=ORIENTED_EDGE('',*,*,#5866,.F.);
#8335=ORIENTED_EDGE('',*,*,#5838,.T.);
#8336=ORIENTED_EDGE('',*,*,#5939,.F.);
#8337=CARTESIAN_POINT('',(0.070866141732283,-0.124015748031496,0.078740157480315));
#8338=VERTEX_POINT('',#8337);
#8339=CARTESIAN_POINT('',(0.070866141732283,-0.125984251968504,0.078740157480315));
#8340=DIRECTION('',(0.0,1.0,0.0));
#8341=VECTOR('',#8340,0.001968503937008);
#8342=LINE('',#8339,#8341);
#8343=EDGE_CURVE('',#5928,#8338,#8342,.T.);
#8344=ORIENTED_EDGE('',*,*,#8343,.T.);
#8345=CARTESIAN_POINT('',(0.124015748031496,-0.124015748031496,0.078740157480315));
#8346=VERTEX_POINT('',#8345);
#8347=CARTESIAN_POINT('',(0.070866141732283,-0.124015748031496,0.078740157480315));
#8348=DIRECTION('',(1.0,0.0,0.0));
#8349=VECTOR('',#8348,0.053149606299213);
#8350=LINE('',#8347,#8349);
#8351=EDGE_CURVE('',#8338,#8346,#8350,.T.);
#8352=ORIENTED_EDGE('',*,*,#8351,.T.);
#8353=CARTESIAN_POINT('',(0.124015748031496,-0.124015748031496,0.078740157480315));
#8354=DIRECTION('',(0.0,1.0,0.0));
#8355=VECTOR('',#8354,0.053149606299213);
#8356=LINE('',#8353,#8355);
#8357=EDGE_CURVE('',#8346,#8318,#8356,.T.);
#8358=ORIENTED_EDGE('',*,*,#8357,.T.);
#8359=EDGE_LOOP('',(#8326,#8332,#8333,#8334,#8335,#8336,#8344,#8352,#8358));
#8360=FACE_OUTER_BOUND('',#8359,.T.);
#8361=ADVANCED_FACE('',(#8360),#8316,.F.);
#8362=CARTESIAN_POINT('',(2.673262E-017,5.953362E-017,0.116141732283465));
#8363=DIRECTION('',(0.0,0.0,-1.0));
#8364=DIRECTION('',(-1.0,0.0,0.0));
#8365=AXIS2_PLACEMENT_3D('',#8362,#8363,#8364);
#8366=TOROIDAL_SURFACE('',#8365,0.078740157480315,0.019685039370079);
#8367=CARTESIAN_POINT('',(-0.098425196850394,9.569445E-017,0.116141732283465));
#8368=VERTEX_POINT('',#8367);
#8369=CARTESIAN_POINT('',(2.673262E-017,5.953362E-017,0.116141732283465));
#8370=DIRECTION('',(0.0,0.0,1.0));
#8371=DIRECTION('',(1.0,0.0,0.0));
#8372=AXIS2_PLACEMENT_3D('',#8369,#8370,#8371);
#8373=CIRCLE('',#8372,0.098425196850394);
#8374=EDGE_CURVE('',#8368,#8368,#8373,.T.);
#8375=ORIENTED_EDGE('',*,*,#8374,.T.);
#8376=EDGE_LOOP('',(#8375));
#8377=FACE_OUTER_BOUND('',#8376,.T.);
#8378=CARTESIAN_POINT('',(-0.078740157480315,5.953362E-017,0.135826771653543));
#8379=VERTEX_POINT('',#8378);
#8380=CARTESIAN_POINT('',(2.673262E-017,5.953362E-017,0.135826771653543));
#8381=DIRECTION('',(0.0,0.0,-1.0));
#8382=DIRECTION('',(1.0,0.0,0.0));
#8383=AXIS2_PLACEMENT_3D('',#8380,#8381,#8382);
#8384=CIRCLE('',#8383,0.078740157480315);
#8385=EDGE_CURVE('',#8379,#8379,#8384,.T.);
#8386=ORIENTED_EDGE('',*,*,#8385,.T.);
#8387=EDGE_LOOP('',(#8386));
#8388=FACE_BOUND('',#8387,.T.);
#8389=ADVANCED_FACE('',(#8377,#8388),#8366,.T.);
#8390=CARTESIAN_POINT('',(2.673262E-017,5.953362E-017,0.090551181102362));
#8391=DIRECTION('',(0.0,0.0,1.0));
#8392=DIRECTION('',(-1.0,0.0,0.0));
#8393=AXIS2_PLACEMENT_3D('',#8390,#8391,#8392);
#8394=CYLINDRICAL_SURFACE('',#8393,0.098425196850394);
#8395=ORIENTED_EDGE('',*,*,#8374,.F.);
#8396=EDGE_LOOP('',(#8395));
#8397=FACE_OUTER_BOUND('',#8396,.T.);
#8398=CARTESIAN_POINT('',(0.098425196850394,5.953362E-017,0.098425196850394));
#8399=VERTEX_POINT('',#8398);
#8400=CARTESIAN_POINT('',(2.673262E-017,5.953362E-017,0.098425196850394));
#8401=DIRECTION('',(0.0,0.0,-1.0));
#8402=DIRECTION('',(1.0,0.0,0.0));
#8403=AXIS2_PLACEMENT_3D('',#8400,#8401,#8402);
#8404=CIRCLE('',#8403,0.098425196850394);
#8405=EDGE_CURVE('',#8399,#8399,#8404,.T.);
#8406=ORIENTED_EDGE('',*,*,#8405,.F.);
#8407=EDGE_LOOP('',(#8406));
#8408=FACE_BOUND('',#8407,.T.);
#8409=ADVANCED_FACE('',(#8397,#8408),#8394,.T.);
#8410=CARTESIAN_POINT('',(-0.086614173228346,0.086614173228347,0.135826771653543));
#8411=DIRECTION('',(0.0,0.0,-1.0));
#8412=DIRECTION('',(-1.0,0.0,0.0));
#8413=AXIS2_PLACEMENT_3D('',#8410,#8411,#8412);
#8414=PLANE('',#8413);
#8415=ORIENTED_EDGE('',*,*,#8385,.F.);
#8416=EDGE_LOOP('',(#8415));
#8417=FACE_OUTER_BOUND('',#8416,.T.);
#8418=ORIENTED_EDGE('',*,*,#8307,.T.);
#8419=EDGE_LOOP('',(#8418));
#8420=FACE_BOUND('',#8419,.T.);
#8421=ADVANCED_FACE('',(#8417,#8420),#8414,.F.);
#8422=CARTESIAN_POINT('',(2.673262E-017,5.953362E-017,0.098425196850394));
#8423=DIRECTION('',(0.0,0.0,-1.0));
#8424=DIRECTION('',(-1.0,0.0,0.0));
#8425=AXIS2_PLACEMENT_3D('',#8422,#8423,#8424);
#8426=TOROIDAL_SURFACE('',#8425,0.106299212598425,0.007874015748031);
#8427=ORIENTED_EDGE('',*,*,#8405,.T.);
#8428=EDGE_LOOP('',(#8427));
#8429=FACE_OUTER_BOUND('',#8428,.T.);
#8430=ORIENTED_EDGE('',*,*,#830,.T.);
#8431=EDGE_LOOP('',(#8430));
#8432=FACE_BOUND('',#8431,.T.);
#8433=ADVANCED_FACE('',(#8429,#8432),#8426,.F.);
#8434=CARTESIAN_POINT('',(0.125984251968504,-0.059251968503937,0.067814960629922));
#8435=DIRECTION('',(1.0,0.0,0.0));
#8436=DIRECTION('',(0.0,0.0,-1.0));
#8437=AXIS2_PLACEMENT_3D('',#8434,#8435,#8436);
#8438=PLANE('',#8437);
#8439=ORIENTED_EDGE('',*,*,#5795,.F.);
#8440=ORIENTED_EDGE('',*,*,#429,.T.);
#8441=CARTESIAN_POINT('',(0.125984251968504,-0.137795275590551,0.068897637795276));
#8442=DIRECTION('',(0.0,0.0,1.0));
#8443=VECTOR('',#8442,0.021653543307086);
#8444=LINE('',#8441,#8443);
#8445=EDGE_CURVE('',#7327,#416,#8444,.T.);
#8446=ORIENTED_EDGE('',*,*,#8445,.F.);
#8447=ORIENTED_EDGE('',*,*,#7332,.T.);
#8448=ORIENTED_EDGE('',*,*,#5028,.F.);
#8449=ORIENTED_EDGE('',*,*,#8331,.T.);
#8450=CARTESIAN_POINT('',(0.125984251968504,-0.062992125984252,0.078740157480315));
#8451=DIRECTION('',(0.0,-1.0,0.0));
#8452=VECTOR('',#8451,0.007874015748031);
#8453=LINE('',#8450,#8452);
#8454=EDGE_CURVE('',#5776,#8320,#8453,.T.);
#8455=ORIENTED_EDGE('',*,*,#8454,.F.);
#8456=EDGE_LOOP('',(#8439,#8440,#8446,#8447,#8448,#8449,#8455));
#8457=FACE_OUTER_BOUND('',#8456,.T.);
#8458=ADVANCED_FACE('',(#8457),#8438,.T.);
#8459=CARTESIAN_POINT('',(0.128918969158608,-0.137795275590551,0.001181374910391));
#8460=DIRECTION('',(0.0,-1.0,0.0));
#8461=DIRECTION('',(0.0,0.0,-1.0));
#8462=AXIS2_PLACEMENT_3D('',#8459,#8460,#8461);
#8463=PLANE('',#8462);
#8464=CARTESIAN_POINT('',(0.078346456692913,-0.137795275590551,0.040944881889764));
#8465=DIRECTION('',(0.164398987305357,0.0,0.986393923832144));
#8466=VECTOR('',#8465,0.013378047500841);
#8467=LINE('',#8464,#8466);
#8468=EDGE_CURVE('',#7627,#5147,#8467,.T.);
#8469=ORIENTED_EDGE('',*,*,#8468,.F.);
#8470=ORIENTED_EDGE('',*,*,#7640,.F.);
#8471=ORIENTED_EDGE('',*,*,#7610,.F.);
#8472=ORIENTED_EDGE('',*,*,#7585,.F.);
#8473=ORIENTED_EDGE('',*,*,#7561,.F.);
#8474=ORIENTED_EDGE('',*,*,#7536,.F.);
#8475=ORIENTED_EDGE('',*,*,#7512,.F.);
#8476=ORIENTED_EDGE('',*,*,#7487,.F.);
#8477=ORIENTED_EDGE('',*,*,#7463,.F.);
#8478=ORIENTED_EDGE('',*,*,#7438,.F.);
#8479=ORIENTED_EDGE('',*,*,#7414,.F.);
#8480=ORIENTED_EDGE('',*,*,#7389,.F.);
#8481=ORIENTED_EDGE('',*,*,#7365,.F.);
#8482=ORIENTED_EDGE('',*,*,#7340,.F.);
#8483=ORIENTED_EDGE('',*,*,#8445,.T.);
#8484=ORIENTED_EDGE('',*,*,#421,.T.);
#8485=ORIENTED_EDGE('',*,*,#5881,.F.);
#8486=ORIENTED_EDGE('',*,*,#7779,.F.);
#8487=ORIENTED_EDGE('',*,*,#7756,.F.);
#8488=ORIENTED_EDGE('',*,*,#7732,.F.);
#8489=ORIENTED_EDGE('',*,*,#7707,.F.);
#8490=ORIENTED_EDGE('',*,*,#7683,.F.);
#8491=ORIENTED_EDGE('',*,*,#7658,.F.);
#8492=ORIENTED_EDGE('',*,*,#5161,.F.);
#8493=EDGE_LOOP('',(#8469,#8470,#8471,#8472,#8473,#8474,#8475,#8476,#8477,#8478,#8479,#8480,#8481,#8482,#8483,#8484,#8485,#8486,#8487,#8488,#8489,#8490,#8491,#8492));
#8494=FACE_OUTER_BOUND('',#8493,.T.);
#8495=ADVANCED_FACE('',(#8494),#8463,.T.);
#8496=CARTESIAN_POINT('',(0.06646135585976,-0.128323141961043,0.078149606299213));
#8497=DIRECTION('',(0.98058067569092,-0.196116135138184,0.0));
#8498=DIRECTION('',(0.0,0.0,-1.0));
#8499=AXIS2_PLACEMENT_3D('',#8496,#8497,#8498);
#8500=PLANE('',#8499);
#8501=ORIENTED_EDGE('',*,*,#300,.T.);
#8502=CARTESIAN_POINT('',(0.062992125984252,-0.145669291338583,0.078740157480315));
#8503=DIRECTION('',(0.0,0.0,1.0));
#8504=VECTOR('',#8503,0.011560990838991);
#8505=LINE('',#8502,#8504);
#8506=EDGE_CURVE('',#5751,#284,#8505,.T.);
#8507=ORIENTED_EDGE('',*,*,#8506,.F.);
#8508=ORIENTED_EDGE('',*,*,#5756,.T.);
#8509=CARTESIAN_POINT('',(0.066296154437117,-0.129149149074259,0.078740157480315));
#8510=DIRECTION('',(-0.196116135138184,-0.98058067569092,0.0));
#8511=VECTOR('',#8510,0.012832329559668);
#8512=LINE('',#8509,#8511);
#8513=EDGE_CURVE('',#5895,#5743,#8512,.T.);
#8514=ORIENTED_EDGE('',*,*,#8513,.F.);
#8515=ORIENTED_EDGE('',*,*,#5914,.F.);
#8516=ORIENTED_EDGE('',*,*,#379,.T.);
#8517=EDGE_LOOP('',(#8501,#8507,#8508,#8514,#8515,#8516));
#8518=FACE_OUTER_BOUND('',#8517,.T.);
#8519=ADVANCED_FACE('',(#8518),#8500,.T.);
#8520=CARTESIAN_POINT('',(0.069291338582677,-0.145669291338583,0.078149606299213));
#8521=DIRECTION('',(0.0,-1.0,0.0));
#8522=DIRECTION('',(0.0,0.0,-1.0));
#8523=AXIS2_PLACEMENT_3D('',#8520,#8521,#8522);
#8524=PLANE('',#8523);
#8525=ORIENTED_EDGE('',*,*,#177,.T.);
#8526=ORIENTED_EDGE('',*,*,#4245,.F.);
#8527=ORIENTED_EDGE('',*,*,#5762,.T.);
#8528=ORIENTED_EDGE('',*,*,#8506,.T.);
#8529=ORIENTED_EDGE('',*,*,#291,.T.);
#8530=ORIENTED_EDGE('',*,*,#1934,.T.);
#8531=ORIENTED_EDGE('',*,*,#348,.T.);
#8532=ORIENTED_EDGE('',*,*,#225,.T.);
#8533=EDGE_LOOP('',(#8525,#8526,#8527,#8528,#8529,#8530,#8531,#8532));
#8534=FACE_OUTER_BOUND('',#8533,.T.);
#8535=ADVANCED_FACE('',(#8534),#8524,.T.);
#8536=CARTESIAN_POINT('',(-0.082677165354331,-0.125393700787402,0.069881889763779));
#8537=DIRECTION('',(1.0,0.0,0.0));
#8538=DIRECTION('',(0.0,0.0,-1.0));
#8539=AXIS2_PLACEMENT_3D('',#8536,#8537,#8538);
#8540=PLANE('',#8539);
#8541=ORIENTED_EDGE('',*,*,#6050,.F.);
#8542=ORIENTED_EDGE('',*,*,#766,.T.);
#8543=ORIENTED_EDGE('',*,*,#5252,.F.);
#8544=ORIENTED_EDGE('',*,*,#8243,.T.);
#8545=ORIENTED_EDGE('',*,*,#8280,.T.);
#8546=ORIENTED_EDGE('',*,*,#5654,.T.);
#8547=EDGE_LOOP('',(#8541,#8542,#8543,#8544,#8545,#8546));
#8548=FACE_OUTER_BOUND('',#8547,.T.);
#8549=ADVANCED_FACE('',(#8548),#8540,.T.);
#8550=CARTESIAN_POINT('',(-0.129133858267717,-0.059055118110236,0.078149606299213));
#8551=DIRECTION('',(0.0,-1.0,0.0));
#8552=DIRECTION('',(0.0,0.0,-1.0));
#8553=AXIS2_PLACEMENT_3D('',#8550,#8551,#8552);
#8554=PLANE('',#8553);
#8555=ORIENTED_EDGE('',*,*,#6100,.F.);
#8556=ORIENTED_EDGE('',*,*,#733,.T.);
#8557=CARTESIAN_POINT('',(-0.145669291338583,-0.059055118110236,0.078740157480315));
#8558=DIRECTION('',(0.0,0.0,1.0));
#8559=VECTOR('',#8558,0.011811023622047);
#8560=LINE('',#8557,#8559);
#8561=EDGE_CURVE('',#5511,#720,#8560,.T.);
#8562=ORIENTED_EDGE('',*,*,#8561,.F.);
#8563=ORIENTED_EDGE('',*,*,#5516,.T.);
#8564=CARTESIAN_POINT('',(-0.12992125984252,-0.059055118110236,0.078740157480315));
#8565=DIRECTION('',(-1.0,0.0,0.0));
#8566=VECTOR('',#8565,0.011811023622047);
#8567=LINE('',#8564,#8566);
#8568=EDGE_CURVE('',#6081,#5503,#8567,.T.);
#8569=ORIENTED_EDGE('',*,*,#8568,.F.);
#8570=EDGE_LOOP('',(#8555,#8556,#8562,#8563,#8569));
#8571=FACE_OUTER_BOUND('',#8570,.T.);
#8572=ADVANCED_FACE('',(#8571),#8554,.T.);
#8573=CARTESIAN_POINT('',(-0.145669291338583,0.06496062992126,0.091141732283464));
#8574=DIRECTION('',(-1.0,0.0,0.0));
#8575=DIRECTION('',(0.0,0.0,1.0));
#8576=AXIS2_PLACEMENT_3D('',#8573,#8574,#8575);
#8577=PLANE('',#8576);
#8578=ORIENTED_EDGE('',*,*,#725,.T.);
#8579=ORIENTED_EDGE('',*,*,#6186,.F.);
#8580=ORIENTED_EDGE('',*,*,#5524,.T.);
#8581=ORIENTED_EDGE('',*,*,#8561,.T.);
#8582=EDGE_LOOP('',(#8578,#8579,#8580,#8581));
#8583=FACE_OUTER_BOUND('',#8582,.T.);
#8584=ADVANCED_FACE('',(#8583),#8577,.T.);
#8585=CARTESIAN_POINT('',(-0.125984251968504,0.141535433070866,0.091633858267716));
#8586=DIRECTION('',(-1.0,0.0,0.0));
#8587=DIRECTION('',(0.0,0.0,1.0));
#8588=AXIS2_PLACEMENT_3D('',#8585,#8586,#8587);
#8589=PLANE('',#8588);
#8590=ORIENTED_EDGE('',*,*,#6164,.F.);
#8591=ORIENTED_EDGE('',*,*,#700,.T.);
#8592=CARTESIAN_POINT('',(-0.125984251968504,0.137795275590551,0.068897637795276));
#8593=DIRECTION('',(0.0,0.0,1.0));
#8594=VECTOR('',#8593,0.021653543307086);
#8595=LINE('',#8592,#8594);
#8596=EDGE_CURVE('',#6862,#687,#8595,.T.);
#8597=ORIENTED_EDGE('',*,*,#8596,.F.);
#8598=ORIENTED_EDGE('',*,*,#6867,.T.);
#8599=ORIENTED_EDGE('',*,*,#4786,.F.);
#8600=ORIENTED_EDGE('',*,*,#5449,.T.);
#8601=CARTESIAN_POINT('',(-0.125984251968504,0.062992125984252,0.078740157480315));
#8602=DIRECTION('',(0.0,1.0,0.0));
#8603=VECTOR('',#8602,0.007874015748031);
#8604=LINE('',#8601,#8603);
#8605=EDGE_CURVE('',#6145,#5438,#8604,.T.);
#8606=ORIENTED_EDGE('',*,*,#8605,.F.);
#8607=EDGE_LOOP('',(#8590,#8591,#8597,#8598,#8599,#8600,#8606));
#8608=FACE_OUTER_BOUND('',#8607,.T.);
#8609=ADVANCED_FACE('',(#8608),#8589,.T.);
#8610=CARTESIAN_POINT('',(-0.064355190976315,0.137795275590551,0.094806886159123));
#8611=DIRECTION('',(0.0,1.0,0.0));
#8612=DIRECTION('',(0.0,0.0,1.0));
#8613=AXIS2_PLACEMENT_3D('',#8610,#8611,#8612);
#8614=PLANE('',#8613);
#8615=CARTESIAN_POINT('',(-0.078346456692913,0.137795275590551,0.040944881889764));
#8616=DIRECTION('',(-0.164398987305358,0.0,0.986393923832144));
#8617=VECTOR('',#8616,0.013378047500841);
#8618=LINE('',#8615,#8617);
#8619=EDGE_CURVE('',#7162,#4905,#8618,.T.);
#8620=ORIENTED_EDGE('',*,*,#8619,.F.);
#8621=ORIENTED_EDGE('',*,*,#7175,.F.);
#8622=ORIENTED_EDGE('',*,*,#7145,.F.);
#8623=ORIENTED_EDGE('',*,*,#7120,.F.);
#8624=ORIENTED_EDGE('',*,*,#7096,.F.);
#8625=ORIENTED_EDGE('',*,*,#7071,.F.);
#8626=ORIENTED_EDGE('',*,*,#7047,.F.);
#8627=ORIENTED_EDGE('',*,*,#7022,.F.);
#8628=ORIENTED_EDGE('',*,*,#6998,.F.);
#8629=ORIENTED_EDGE('',*,*,#6973,.F.);
#8630=ORIENTED_EDGE('',*,*,#6949,.F.);
#8631=ORIENTED_EDGE('',*,*,#6924,.F.);
#8632=ORIENTED_EDGE('',*,*,#6900,.F.);
#8633=ORIENTED_EDGE('',*,*,#6875,.F.);
#8634=ORIENTED_EDGE('',*,*,#8596,.T.);
#8635=ORIENTED_EDGE('',*,*,#692,.T.);
#8636=ORIENTED_EDGE('',*,*,#6234,.F.);
#8637=ORIENTED_EDGE('',*,*,#7314,.F.);
#8638=ORIENTED_EDGE('',*,*,#7291,.F.);
#8639=ORIENTED_EDGE('',*,*,#7267,.F.);
#8640=ORIENTED_EDGE('',*,*,#7242,.F.);
#8641=ORIENTED_EDGE('',*,*,#7218,.F.);
#8642=ORIENTED_EDGE('',*,*,#7193,.F.);
#8643=ORIENTED_EDGE('',*,*,#4919,.F.);
#8644=EDGE_LOOP('',(#8620,#8621,#8622,#8623,#8624,#8625,#8626,#8627,#8628,#8629,#8630,#8631,#8632,#8633,#8634,#8635,#8636,#8637,#8638,#8639,#8640,#8641,#8642,#8643));
#8645=FACE_OUTER_BOUND('',#8644,.T.);
#8646=ADVANCED_FACE('',(#8645),#8614,.T.);
#8647=CARTESIAN_POINT('',(0.082677165354331,0.138385826771653,0.091535433070866));
#8648=DIRECTION('',(-1.0,0.0,0.0));
#8649=DIRECTION('',(0.0,0.0,1.0));
#8650=AXIS2_PLACEMENT_3D('',#8647,#8648,#8649);
#8651=PLANE('',#8650);
#8652=ORIENTED_EDGE('',*,*,#6325,.F.);
#8653=ORIENTED_EDGE('',*,*,#568,.T.);
#8654=ORIENTED_EDGE('',*,*,#4535,.F.);
#8655=ORIENTED_EDGE('',*,*,#6806,.T.);
#8656=ORIENTED_EDGE('',*,*,#6843,.T.);
#8657=ORIENTED_EDGE('',*,*,#5597,.T.);
#8658=EDGE_LOOP('',(#8652,#8653,#8654,#8655,#8656,#8657));
#8659=FACE_OUTER_BOUND('',#8658,.T.);
#8660=ADVANCED_FACE('',(#8659),#8651,.T.);
#8661=CARTESIAN_POINT('',(0.146456692913386,0.059055118110236,0.091141732283464));
#8662=DIRECTION('',(0.0,1.0,0.0));
#8663=DIRECTION('',(0.0,0.0,1.0));
#8664=AXIS2_PLACEMENT_3D('',#8661,#8662,#8663);
#8665=PLANE('',#8664);
#8666=ORIENTED_EDGE('',*,*,#5971,.F.);
#8667=ORIENTED_EDGE('',*,*,#535,.T.);
#8668=ORIENTED_EDGE('',*,*,#4330,.T.);
#8669=CARTESIAN_POINT('',(0.145669291338583,0.059055118110236,0.078740157480315));
#8670=DIRECTION('',(0.0,0.0,1.0));
#8671=VECTOR('',#8670,0.011811023622047);
#8672=LINE('',#8669,#8671);
#8673=EDGE_CURVE('',#5713,#4319,#8672,.T.);
#8674=ORIENTED_EDGE('',*,*,#8673,.F.);
#8675=ORIENTED_EDGE('',*,*,#5718,.T.);
#8676=CARTESIAN_POINT('',(0.12992125984252,0.059055118110236,0.078740157480315));
#8677=DIRECTION('',(1.0,0.0,0.0));
#8678=VECTOR('',#8677,0.011811023622047);
#8679=LINE('',#8676,#8678);
#8680=EDGE_CURVE('',#5952,#5705,#8679,.T.);
#8681=ORIENTED_EDGE('',*,*,#8680,.F.);
#8682=EDGE_LOOP('',(#8666,#8667,#8668,#8674,#8675,#8681));
#8683=FACE_OUTER_BOUND('',#8682,.T.);
#8684=ADVANCED_FACE('',(#8683),#8665,.T.);
#8685=CARTESIAN_POINT('',(0.145669291338583,0.06496062992126,0.078149606299213));
#8686=DIRECTION('',(1.0,0.0,0.0));
#8687=DIRECTION('',(0.0,0.0,-1.0));
#8688=AXIS2_PLACEMENT_3D('',#8685,#8686,#8687);
#8689=PLANE('',#8688);
#8690=ORIENTED_EDGE('',*,*,#4324,.T.);
#8691=ORIENTED_EDGE('',*,*,#471,.T.);
#8692=ORIENTED_EDGE('',*,*,#4353,.T.);
#8693=ORIENTED_EDGE('',*,*,#5817,.F.);
#8694=ORIENTED_EDGE('',*,*,#5726,.T.);
#8695=ORIENTED_EDGE('',*,*,#8673,.T.);
#8696=EDGE_LOOP('',(#8690,#8691,#8692,#8693,#8694,#8695));
#8697=FACE_OUTER_BOUND('',#8696,.T.);
#8698=ADVANCED_FACE('',(#8697),#8689,.T.);
#8699=CARTESIAN_POINT('',(-0.125196850393701,0.071456692913385,0.078740157480315));
#8700=DIRECTION('',(0.0,0.0,-1.0));
#8701=DIRECTION('',(-1.0,0.0,0.0));
#8702=AXIS2_PLACEMENT_3D('',#8699,#8700,#8701);
#8703=PLANE('',#8702);
#8704=ORIENTED_EDGE('',*,*,#6179,.T.);
#8705=ORIENTED_EDGE('',*,*,#6151,.T.);
#8706=ORIENTED_EDGE('',*,*,#8605,.T.);
#8707=CARTESIAN_POINT('',(-0.141732283464567,0.070866141732283,0.078740157480315));
#8708=VERTEX_POINT('',#8707);
#8709=CARTESIAN_POINT('',(-0.125984251968504,0.070866141732283,0.078740157480315));
#8710=DIRECTION('',(-1.0,0.0,0.0));
#8711=VECTOR('',#8710,0.015748031496063);
#8712=LINE('',#8709,#8711);
#8713=EDGE_CURVE('',#5438,#8708,#8712,.T.);
#8714=ORIENTED_EDGE('',*,*,#8713,.T.);
#8715=CARTESIAN_POINT('',(-0.141732283464567,0.070866141732283,0.078740157480315));
#8716=DIRECTION('',(0.0,-1.0,0.0));
#8717=VECTOR('',#8716,0.011811023622047);
#8718=LINE('',#8715,#8717);
#8719=EDGE_CURVE('',#8708,#5501,#8718,.T.);
#8720=ORIENTED_EDGE('',*,*,#8719,.T.);
#8721=EDGE_LOOP('',(#8704,#8705,#8706,#8714,#8720));
#8722=FACE_OUTER_BOUND('',#8721,.T.);
#8723=ADVANCED_FACE('',(#8722),#8703,.F.);
#8724=CARTESIAN_POINT('',(7.341843E-018,0.0,0.078740157480315));
#8725=DIRECTION('',(0.0,0.0,-1.0));
#8726=DIRECTION('',(-1.0,0.0,0.0));
#8727=AXIS2_PLACEMENT_3D('',#8724,#8725,#8726);
#8728=PLANE('',#8727);
#8729=ORIENTED_EDGE('',*,*,#6115,.T.);
#8730=ORIENTED_EDGE('',*,*,#6087,.T.);
#8731=ORIENTED_EDGE('',*,*,#8568,.T.);
#8732=CARTESIAN_POINT('',(-0.141732283464567,-0.070866141732283,0.078740157480315));
#8733=VERTEX_POINT('',#8732);
#8734=CARTESIAN_POINT('',(-0.141732283464567,-0.059055118110236,0.078740157480315));
#8735=DIRECTION('',(0.0,-1.0,0.0));
#8736=VECTOR('',#8735,0.011811023622047);
#8737=LINE('',#8734,#8736);
#8738=EDGE_CURVE('',#5503,#8733,#8737,.T.);
#8739=ORIENTED_EDGE('',*,*,#8738,.T.);
#8740=CARTESIAN_POINT('',(-0.141732283464567,-0.070866141732283,0.078740157480315));
#8741=DIRECTION('',(1.0,0.0,0.0));
#8742=VECTOR('',#8741,0.015748031496063);
#8743=LINE('',#8740,#8742);
#8744=EDGE_CURVE('',#8733,#5665,#8743,.T.);
#8745=ORIENTED_EDGE('',*,*,#8744,.T.);
#8746=EDGE_LOOP('',(#8729,#8730,#8731,#8739,#8745));
#8747=FACE_OUTER_BOUND('',#8746,.T.);
#8748=ADVANCED_FACE('',(#8747),#8728,.F.);
#8749=CARTESIAN_POINT('',(-0.063425196850394,0.14251968503937,0.078740157480315));
#8750=DIRECTION('',(0.0,0.0,-1.0));
#8751=DIRECTION('',(-1.0,0.0,0.0));
#8752=AXIS2_PLACEMENT_3D('',#8749,#8750,#8751);
#8753=PLANE('',#8752);
#8754=ORIENTED_EDGE('',*,*,#4198,.T.);
#8755=CARTESIAN_POINT('',(-0.070866141732283,0.141732283464567,0.078740157480315));
#8756=VERTEX_POINT('',#8755);
#8757=CARTESIAN_POINT('',(-0.063779527559055,0.141732283464567,0.078740157480315));
#8758=DIRECTION('',(-1.0,0.0,0.0));
#8759=VECTOR('',#8758,0.007086614173228);
#8760=LINE('',#8757,#8759);
#8761=EDGE_CURVE('',#4185,#8756,#8760,.T.);
#8762=ORIENTED_EDGE('',*,*,#8761,.T.);
#8763=CARTESIAN_POINT('',(-0.070866141732283,0.141732283464567,0.078740157480315));
#8764=DIRECTION('',(0.0,-1.0,0.0));
#8765=VECTOR('',#8764,0.015748031496063);
#8766=LINE('',#8763,#8765);
#8767=EDGE_CURVE('',#8756,#5412,#8766,.T.);
#8768=ORIENTED_EDGE('',*,*,#8767,.T.);
#8769=ORIENTED_EDGE('',*,*,#6277,.T.);
#8770=ORIENTED_EDGE('',*,*,#6252,.T.);
#8771=EDGE_LOOP('',(#8754,#8762,#8768,#8769,#8770));
#8772=FACE_OUTER_BOUND('',#8771,.T.);
#8773=ADVANCED_FACE('',(#8772),#8753,.F.);
#8774=CARTESIAN_POINT('',(7.341843E-018,0.0,0.078740157480315));
#8775=DIRECTION('',(0.0,0.0,-1.0));
#8776=DIRECTION('',(-1.0,0.0,0.0));
#8777=AXIS2_PLACEMENT_3D('',#8774,#8775,#8776);
#8778=PLANE('',#8777);
#8779=ORIENTED_EDGE('',*,*,#4231,.T.);
#8780=ORIENTED_EDGE('',*,*,#6020,.T.);
#8781=ORIENTED_EDGE('',*,*,#6068,.T.);
#8782=CARTESIAN_POINT('',(-0.070866141732283,-0.141732283464567,0.078740157480315));
#8783=VERTEX_POINT('',#8782);
#8784=CARTESIAN_POINT('',(-0.070866141732283,-0.125984251968504,0.078740157480315));
#8785=DIRECTION('',(0.0,-1.0,0.0));
#8786=VECTOR('',#8785,0.015748031496063);
#8787=LINE('',#8784,#8786);
#8788=EDGE_CURVE('',#5624,#8783,#8787,.T.);
#8789=ORIENTED_EDGE('',*,*,#8788,.T.);
#8790=CARTESIAN_POINT('',(-0.070866141732283,-0.141732283464567,0.078740157480315));
#8791=DIRECTION('',(1.0,0.0,0.0));
#8792=VECTOR('',#8791,0.007086614173228);
#8793=LINE('',#8790,#8792);
#8794=EDGE_CURVE('',#8783,#4226,#8793,.T.);
#8795=ORIENTED_EDGE('',*,*,#8794,.T.);
#8796=EDGE_LOOP('',(#8779,#8780,#8781,#8789,#8795));
#8797=FACE_OUTER_BOUND('',#8796,.T.);
#8798=ADVANCED_FACE('',(#8797),#8778,.F.);
#8799=CARTESIAN_POINT('',(0.071220472440944,0.14251968503937,0.078740157480315));
#8800=DIRECTION('',(0.0,0.0,-1.0));
#8801=DIRECTION('',(-1.0,0.0,0.0));
#8802=AXIS2_PLACEMENT_3D('',#8799,#8800,#8801);
#8803=PLANE('',#8802);
#8804=ORIENTED_EDGE('',*,*,#6343,.T.);
#8805=CARTESIAN_POINT('',(0.070866141732283,0.141732283464567,0.078740157480315));
#8806=VERTEX_POINT('',#8805);
#8807=CARTESIAN_POINT('',(0.070866141732283,0.125984251968504,0.078740157480315));
#8808=DIRECTION('',(0.0,1.0,0.0));
#8809=VECTOR('',#8808,0.015748031496063);
#8810=LINE('',#8807,#8809);
#8811=EDGE_CURVE('',#5567,#8806,#8810,.T.);
#8812=ORIENTED_EDGE('',*,*,#8811,.T.);
#8813=CARTESIAN_POINT('',(0.070866141732283,0.141732283464567,0.078740157480315));
#8814=DIRECTION('',(-1.0,0.0,0.0));
#8815=VECTOR('',#8814,0.007086614173228);
#8816=LINE('',#8813,#8815);
#8817=EDGE_CURVE('',#8806,#4294,#8816,.T.);
#8818=ORIENTED_EDGE('',*,*,#8817,.T.);
#8819=ORIENTED_EDGE('',*,*,#4299,.T.);
#8820=ORIENTED_EDGE('',*,*,#6295,.T.);
#8821=EDGE_LOOP('',(#8804,#8812,#8818,#8819,#8820));
#8822=FACE_OUTER_BOUND('',#8821,.T.);
#8823=ADVANCED_FACE('',(#8822),#8803,.F.);
#8824=CARTESIAN_POINT('',(0.071220472440944,-0.125196850393701,0.078740157480315));
#8825=DIRECTION('',(0.0,0.0,-1.0));
#8826=DIRECTION('',(-1.0,0.0,0.0));
#8827=AXIS2_PLACEMENT_3D('',#8824,#8825,#8826);
#8828=PLANE('',#8827);
#8829=ORIENTED_EDGE('',*,*,#5933,.T.);
#8830=ORIENTED_EDGE('',*,*,#5901,.T.);
#8831=ORIENTED_EDGE('',*,*,#8513,.T.);
#8832=CARTESIAN_POINT('',(0.070866141732283,-0.141732283464567,0.078740157480315));
#8833=VERTEX_POINT('',#8832);
#8834=CARTESIAN_POINT('',(0.063779527559055,-0.141732283464567,0.078740157480315));
#8835=DIRECTION('',(1.0,0.0,0.0));
#8836=VECTOR('',#8835,0.007086614173228);
#8837=LINE('',#8834,#8836);
#8838=EDGE_CURVE('',#5743,#8833,#8837,.T.);
#8839=ORIENTED_EDGE('',*,*,#8838,.T.);
#8840=CARTESIAN_POINT('',(0.070866141732283,-0.141732283464567,0.078740157480315));
#8841=DIRECTION('',(0.0,1.0,0.0));
#8842=VECTOR('',#8841,0.015748031496063);
#8843=LINE('',#8840,#8842);
#8844=EDGE_CURVE('',#8833,#5928,#8843,.T.);
#8845=ORIENTED_EDGE('',*,*,#8844,.T.);
#8846=EDGE_LOOP('',(#8829,#8830,#8831,#8839,#8845));
#8847=FACE_OUTER_BOUND('',#8846,.T.);
#8848=ADVANCED_FACE('',(#8847),#8828,.F.);
#8849=CARTESIAN_POINT('',(0.14251968503937,0.071456692913385,0.078740157480315));
#8850=DIRECTION('',(0.0,0.0,-1.0));
#8851=DIRECTION('',(-1.0,0.0,0.0));
#8852=AXIS2_PLACEMENT_3D('',#8849,#8850,#8851);
#8853=PLANE('',#8852);
#8854=ORIENTED_EDGE('',*,*,#8680,.T.);
#8855=CARTESIAN_POINT('',(0.141732283464567,0.070866141732283,0.078740157480315));
#8856=VERTEX_POINT('',#8855);
#8857=CARTESIAN_POINT('',(0.141732283464567,0.059055118110236,0.078740157480315));
#8858=DIRECTION('',(0.0,1.0,0.0));
#8859=VECTOR('',#8858,0.011811023622047);
#8860=LINE('',#8857,#8859);
#8861=EDGE_CURVE('',#5705,#8856,#8860,.T.);
#8862=ORIENTED_EDGE('',*,*,#8861,.T.);
#8863=CARTESIAN_POINT('',(0.141732283464567,0.070866141732283,0.078740157480315));
#8864=DIRECTION('',(-1.0,0.0,0.0));
#8865=VECTOR('',#8864,0.015748031496063);
#8866=LINE('',#8863,#8865);
#8867=EDGE_CURVE('',#8856,#5541,#8866,.T.);
#8868=ORIENTED_EDGE('',*,*,#8867,.T.);
#8869=ORIENTED_EDGE('',*,*,#5986,.T.);
#8870=ORIENTED_EDGE('',*,*,#5958,.T.);
#8871=EDGE_LOOP('',(#8854,#8862,#8868,#8869,#8870));
#8872=FACE_OUTER_BOUND('',#8871,.T.);
#8873=ADVANCED_FACE('',(#8872),#8853,.F.);
#8874=CARTESIAN_POINT('',(-0.160236220472441,-0.136417322834646,0.0));
#8875=DIRECTION('',(0.0,0.0,1.0));
#8876=DIRECTION('',(1.0,0.0,0.0));
#8877=AXIS2_PLACEMENT_3D('',#8874,#8875,#8876);
#8878=PLANE('',#8877);
#8879=CARTESIAN_POINT('',(-0.090551181102362,-0.084645669291339,0.0));
#8880=VERTEX_POINT('',#8879);
#8881=CARTESIAN_POINT('',(-0.118110236220472,-0.084645669291339,0.0));
#8882=VERTEX_POINT('',#8881);
#8883=CARTESIAN_POINT('',(-0.090551181102362,-0.084645669291339,0.0));
#8884=DIRECTION('',(-1.0,0.0,0.0));
#8885=VECTOR('',#8884,0.02755905511811);
#8886=LINE('',#8883,#8885);
#8887=EDGE_CURVE('',#8880,#8882,#8886,.T.);
#8888=ORIENTED_EDGE('',*,*,#8887,.T.);
#8889=CARTESIAN_POINT('',(-0.118110236220472,-0.062992125984252,0.0));
#8890=VERTEX_POINT('',#8889);
#8891=CARTESIAN_POINT('',(-0.118110236220472,-0.084645669291339,0.0));
#8892=DIRECTION('',(0.0,1.0,0.0));
#8893=VECTOR('',#8892,0.021653543307087);
#8894=LINE('',#8891,#8893);
#8895=EDGE_CURVE('',#8882,#8890,#8894,.T.);
#8896=ORIENTED_EDGE('',*,*,#8895,.T.);
#8897=CARTESIAN_POINT('',(-0.145669291338583,-0.062992125984252,0.0));
#8898=VERTEX_POINT('',#8897);
#8899=CARTESIAN_POINT('',(-0.118110236220472,-0.062992125984252,0.0));
#8900=DIRECTION('',(-1.0,0.0,0.0));
#8901=VECTOR('',#8900,0.027559055118111);
#8902=LINE('',#8899,#8901);
#8903=EDGE_CURVE('',#8890,#8898,#8902,.T.);
#8904=ORIENTED_EDGE('',*,*,#8903,.T.);
#8905=CARTESIAN_POINT('',(-0.145669291338583,0.062992125984252,0.0));
#8906=VERTEX_POINT('',#8905);
#8907=CARTESIAN_POINT('',(-0.145669291338583,-0.062992125984252,0.0));
#8908=DIRECTION('',(0.0,1.0,0.0));
#8909=VECTOR('',#8908,0.125984251968504);
#8910=LINE('',#8907,#8909);
#8911=EDGE_CURVE('',#8898,#8906,#8910,.T.);
#8912=ORIENTED_EDGE('',*,*,#8911,.T.);
#8913=CARTESIAN_POINT('',(-0.118110236220472,0.062992125984252,0.0));
#8914=VERTEX_POINT('',#8913);
#8915=CARTESIAN_POINT('',(-0.145669291338583,0.062992125984252,0.0));
#8916=DIRECTION('',(1.0,0.0,0.0));
#8917=VECTOR('',#8916,0.027559055118111);
#8918=LINE('',#8915,#8917);
#8919=EDGE_CURVE('',#8906,#8914,#8918,.T.);
#8920=ORIENTED_EDGE('',*,*,#8919,.T.);
#8921=CARTESIAN_POINT('',(-0.118110236220472,0.084645669291339,0.0));
#8922=VERTEX_POINT('',#8921);
#8923=CARTESIAN_POINT('',(-0.118110236220472,0.062992125984252,0.0));
#8924=DIRECTION('',(0.0,1.0,0.0));
#8925=VECTOR('',#8924,0.021653543307087);
#8926=LINE('',#8923,#8925);
#8927=EDGE_CURVE('',#8914,#8922,#8926,.T.);
#8928=ORIENTED_EDGE('',*,*,#8927,.T.);
#8929=CARTESIAN_POINT('',(-0.090551181102362,0.084645669291339,0.0));
#8930=VERTEX_POINT('',#8929);
#8931=CARTESIAN_POINT('',(-0.118110236220472,0.084645669291339,0.0));
#8932=DIRECTION('',(1.0,0.0,0.0));
#8933=VECTOR('',#8932,0.02755905511811);
#8934=LINE('',#8931,#8933);
#8935=EDGE_CURVE('',#8922,#8930,#8934,.T.);
#8936=ORIENTED_EDGE('',*,*,#8935,.T.);
#8937=CARTESIAN_POINT('',(-0.090551181102362,0.124015748031496,0.0));
#8938=VERTEX_POINT('',#8937);
#8939=CARTESIAN_POINT('',(-0.090551181102362,0.084645669291339,0.0));
#8940=DIRECTION('',(0.0,1.0,0.0));
#8941=VECTOR('',#8940,0.039370078740157);
#8942=LINE('',#8939,#8941);
#8943=EDGE_CURVE('',#8930,#8938,#8942,.T.);
#8944=ORIENTED_EDGE('',*,*,#8943,.T.);
#8945=CARTESIAN_POINT('',(0.090551181102362,0.124015748031496,0.0));
#8946=VERTEX_POINT('',#8945);
#8947=CARTESIAN_POINT('',(-0.090551181102362,0.124015748031496,0.0));
#8948=DIRECTION('',(1.0,0.0,0.0));
#8949=VECTOR('',#8948,0.181102362204724);
#8950=LINE('',#8947,#8949);
#8951=EDGE_CURVE('',#8938,#8946,#8950,.T.);
#8952=ORIENTED_EDGE('',*,*,#8951,.T.);
#8953=CARTESIAN_POINT('',(0.090551181102362,0.084645669291339,0.0));
#8954=VERTEX_POINT('',#8953);
#8955=CARTESIAN_POINT('',(0.090551181102362,0.124015748031496,0.0));
#8956=DIRECTION('',(0.0,-1.0,0.0));
#8957=VECTOR('',#8956,0.039370078740157);
#8958=LINE('',#8955,#8957);
#8959=EDGE_CURVE('',#8946,#8954,#8958,.T.);
#8960=ORIENTED_EDGE('',*,*,#8959,.T.);
#8961=CARTESIAN_POINT('',(0.118110236220472,0.084645669291339,0.0));
#8962=VERTEX_POINT('',#8961);
#8963=CARTESIAN_POINT('',(0.090551181102362,0.084645669291339,0.0));
#8964=DIRECTION('',(1.0,0.0,0.0));
#8965=VECTOR('',#8964,0.02755905511811);
#8966=LINE('',#8963,#8965);
#8967=EDGE_CURVE('',#8954,#8962,#8966,.T.);
#8968=ORIENTED_EDGE('',*,*,#8967,.T.);
#8969=CARTESIAN_POINT('',(0.118110236220472,0.062992125984252,0.0));
#8970=VERTEX_POINT('',#8969);
#8971=CARTESIAN_POINT('',(0.118110236220472,0.084645669291339,0.0));
#8972=DIRECTION('',(0.0,-1.0,0.0));
#8973=VECTOR('',#8972,0.021653543307087);
#8974=LINE('',#8971,#8973);
#8975=EDGE_CURVE('',#8962,#8970,#8974,.T.);
#8976=ORIENTED_EDGE('',*,*,#8975,.T.);
#8977=CARTESIAN_POINT('',(0.145669291338583,0.062992125984252,0.0));
#8978=VERTEX_POINT('',#8977);
#8979=CARTESIAN_POINT('',(0.118110236220472,0.062992125984252,0.0));
#8980=DIRECTION('',(1.0,0.0,0.0));
#8981=VECTOR('',#8980,0.027559055118111);
#8982=LINE('',#8979,#8981);
#8983=EDGE_CURVE('',#8970,#8978,#8982,.T.);
#8984=ORIENTED_EDGE('',*,*,#8983,.T.);
#8985=CARTESIAN_POINT('',(0.145669291338583,-0.062992125984252,0.0));
#8986=VERTEX_POINT('',#8985);
#8987=CARTESIAN_POINT('',(0.145669291338583,0.062992125984252,0.0));
#8988=DIRECTION('',(0.0,-1.0,0.0));
#8989=VECTOR('',#8988,0.125984251968504);
#8990=LINE('',#8987,#8989);
#8991=EDGE_CURVE('',#8978,#8986,#8990,.T.);
#8992=ORIENTED_EDGE('',*,*,#8991,.T.);
#8993=CARTESIAN_POINT('',(0.118110236220472,-0.062992125984252,0.0));
#8994=VERTEX_POINT('',#8993);
#8995=CARTESIAN_POINT('',(0.145669291338583,-0.062992125984252,0.0));
#8996=DIRECTION('',(-1.0,0.0,0.0));
#8997=VECTOR('',#8996,0.027559055118111);
#8998=LINE('',#8995,#8997);
#8999=EDGE_CURVE('',#8986,#8994,#8998,.T.);
#9000=ORIENTED_EDGE('',*,*,#8999,.T.);
#9001=CARTESIAN_POINT('',(0.118110236220472,-0.084645669291339,0.0));
#9002=VERTEX_POINT('',#9001);
#9003=CARTESIAN_POINT('',(0.118110236220472,-0.062992125984252,0.0));
#9004=DIRECTION('',(0.0,-1.0,0.0));
#9005=VECTOR('',#9004,0.021653543307087);
#9006=LINE('',#9003,#9005);
#9007=EDGE_CURVE('',#8994,#9002,#9006,.T.);
#9008=ORIENTED_EDGE('',*,*,#9007,.T.);
#9009=CARTESIAN_POINT('',(0.090551181102362,-0.084645669291339,0.0));
#9010=VERTEX_POINT('',#9009);
#9011=CARTESIAN_POINT('',(0.118110236220472,-0.084645669291339,0.0));
#9012=DIRECTION('',(-1.0,0.0,0.0));
#9013=VECTOR('',#9012,0.02755905511811);
#9014=LINE('',#9011,#9013);
#9015=EDGE_CURVE('',#9002,#9010,#9014,.T.);
#9016=ORIENTED_EDGE('',*,*,#9015,.T.);
#9017=CARTESIAN_POINT('',(0.090551181102362,-0.124015748031496,0.0));
#9018=VERTEX_POINT('',#9017);
#9019=CARTESIAN_POINT('',(0.090551181102362,-0.084645669291339,0.0));
#9020=DIRECTION('',(0.0,-1.0,0.0));
#9021=VECTOR('',#9020,0.039370078740157);
#9022=LINE('',#9019,#9021);
#9023=EDGE_CURVE('',#9010,#9018,#9022,.T.);
#9024=ORIENTED_EDGE('',*,*,#9023,.T.);
#9025=CARTESIAN_POINT('',(-0.090551181102362,-0.124015748031496,0.0));
#9026=VERTEX_POINT('',#9025);
#9027=CARTESIAN_POINT('',(0.090551181102362,-0.124015748031496,0.0));
#9028=DIRECTION('',(-1.0,0.0,0.0));
#9029=VECTOR('',#9028,0.181102362204724);
#9030=LINE('',#9027,#9029);
#9031=EDGE_CURVE('',#9018,#9026,#9030,.T.);
#9032=ORIENTED_EDGE('',*,*,#9031,.T.);
#9033=CARTESIAN_POINT('',(-0.090551181102362,-0.124015748031496,0.0));
#9034=DIRECTION('',(0.0,1.0,0.0));
#9035=VECTOR('',#9034,0.039370078740157);
#9036=LINE('',#9033,#9035);
#9037=EDGE_CURVE('',#9026,#8880,#9036,.T.);
#9038=ORIENTED_EDGE('',*,*,#9037,.T.);
#9039=EDGE_LOOP('',(#8888,#8896,#8904,#8912,#8920,#8928,#8936,#8944,#8952,#8960,#8968,#8976,#8984,#8992,#9000,#9008,#9016,#9024,#9032,#9038));
#9040=FACE_OUTER_BOUND('',#9039,.T.);
#9041=CARTESIAN_POINT('',(-0.122047244094488,-0.035433070866142,0.0));
#9042=VERTEX_POINT('',#9041);
#9043=CARTESIAN_POINT('',(0.122047244094488,-0.035433070866142,0.0));
#9044=VERTEX_POINT('',#9043);
#9045=CARTESIAN_POINT('',(-0.122047244094488,-0.035433070866142,0.0));
#9046=DIRECTION('',(1.0,0.0,0.0));
#9047=VECTOR('',#9046,0.244094488188976);
#9048=LINE('',#9045,#9047);
#9049=EDGE_CURVE('',#9042,#9044,#9048,.T.);
#9050=ORIENTED_EDGE('',*,*,#9049,.T.);
#9051=CARTESIAN_POINT('',(0.122047244094488,0.035433070866142,0.0));
#9052=VERTEX_POINT('',#9051);
#9053=CARTESIAN_POINT('',(0.122047244094488,-0.035433070866142,0.0));
#9054=DIRECTION('',(0.0,1.0,0.0));
#9055=VECTOR('',#9054,0.070866141732284);
#9056=LINE('',#9053,#9055);
#9057=EDGE_CURVE('',#9044,#9052,#9056,.T.);
#9058=ORIENTED_EDGE('',*,*,#9057,.T.);
#9059=CARTESIAN_POINT('',(-0.122047244094488,0.035433070866142,0.0));
#9060=VERTEX_POINT('',#9059);
#9061=CARTESIAN_POINT('',(0.122047244094488,0.035433070866142,0.0));
#9062=DIRECTION('',(-1.0,0.0,0.0));
#9063=VECTOR('',#9062,0.244094488188976);
#9064=LINE('',#9061,#9063);
#9065=EDGE_CURVE('',#9052,#9060,#9064,.T.);
#9066=ORIENTED_EDGE('',*,*,#9065,.T.);
#9067=CARTESIAN_POINT('',(-0.122047244094488,0.035433070866142,0.0));
#9068=DIRECTION('',(0.0,-1.0,0.0));
#9069=VECTOR('',#9068,0.070866141732284);
#9070=LINE('',#9067,#9069);
#9071=EDGE_CURVE('',#9060,#9042,#9070,.T.);
#9072=ORIENTED_EDGE('',*,*,#9071,.T.);
#9073=EDGE_LOOP('',(#9050,#9058,#9066,#9072));
#9074=FACE_BOUND('',#9073,.T.);
#9075=ADVANCED_FACE('',(#9040,#9074),#8878,.F.);
#9076=CARTESIAN_POINT('',(-0.090944881889764,-0.143700787401575,0.029724409448819));
#9077=DIRECTION('',(0.0,1.0,0.0));
#9078=DIRECTION('',(0.0,0.0,1.0));
#9079=AXIS2_PLACEMENT_3D('',#9076,#9077,#9078);
#9080=PLANE('',#9079);
#9081=CARTESIAN_POINT('',(-0.082677165354331,-0.143700787401575,0.066929133858268));
#9082=VERTEX_POINT('',#9081);
#9083=CARTESIAN_POINT('',(0.082677165354331,-0.143700787401575,0.066929133858268));
#9084=VERTEX_POINT('',#9083);
#9085=CARTESIAN_POINT('',(-0.082677165354331,-0.143700787401575,0.066929133858268));
#9086=DIRECTION('',(1.0,0.0,0.0));
#9087=VECTOR('',#9086,0.165354330708662);
#9088=LINE('',#9085,#9087);
#9089=EDGE_CURVE('',#9082,#9084,#9088,.T.);
#9090=ORIENTED_EDGE('',*,*,#9089,.F.);
#9091=CARTESIAN_POINT('',(-0.076771653543307,-0.143700787401575,0.031496062992126));
#9092=VERTEX_POINT('',#9091);
#9093=CARTESIAN_POINT('',(-0.076771653543307,-0.143700787401575,0.031496062992126));
#9094=DIRECTION('',(-0.164398987305358,0.0,0.986393923832144));
#9095=VECTOR('',#9094,0.035921825966328);
#9096=LINE('',#9093,#9095);
#9097=EDGE_CURVE('',#9092,#9082,#9096,.T.);
#9098=ORIENTED_EDGE('',*,*,#9097,.F.);
#9099=CARTESIAN_POINT('',(-0.041338582677165,-0.143700787401575,0.031496062992126));
#9100=VERTEX_POINT('',#9099);
#9101=CARTESIAN_POINT('',(-0.041338582677165,-0.143700787401575,0.031496062992126));
#9102=DIRECTION('',(-1.0,0.0,0.0));
#9103=VECTOR('',#9102,0.035433070866142);
#9104=LINE('',#9101,#9103);
#9105=EDGE_CURVE('',#9100,#9092,#9104,.T.);
#9106=ORIENTED_EDGE('',*,*,#9105,.F.);
#9107=CARTESIAN_POINT('',(-0.041338582677165,-0.143700787401575,0.05511811023622));
#9108=VERTEX_POINT('',#9107);
#9109=CARTESIAN_POINT('',(-0.041338582677165,-0.143700787401575,0.05511811023622));
#9110=DIRECTION('',(0.0,0.0,-1.0));
#9111=VECTOR('',#9110,0.023622047244094);
#9112=LINE('',#9109,#9111);
#9113=EDGE_CURVE('',#9108,#9100,#9112,.T.);
#9114=ORIENTED_EDGE('',*,*,#9113,.F.);
#9115=CARTESIAN_POINT('',(0.041338582677165,-0.143700787401575,0.05511811023622));
#9116=VERTEX_POINT('',#9115);
#9117=CARTESIAN_POINT('',(0.041338582677165,-0.143700787401575,0.05511811023622));
#9118=DIRECTION('',(-1.0,0.0,0.0));
#9119=VECTOR('',#9118,0.08267716535433);
#9120=LINE('',#9117,#9119);
#9121=EDGE_CURVE('',#9116,#9108,#9120,.T.);
#9122=ORIENTED_EDGE('',*,*,#9121,.F.);
#9123=CARTESIAN_POINT('',(0.041338582677165,-0.143700787401575,0.031496062992126));
#9124=VERTEX_POINT('',#9123);
#9125=CARTESIAN_POINT('',(0.041338582677165,-0.143700787401575,0.031496062992126));
#9126=DIRECTION('',(0.0,0.0,1.0));
#9127=VECTOR('',#9126,0.023622047244094);
#9128=LINE('',#9125,#9127);
#9129=EDGE_CURVE('',#9124,#9116,#9128,.T.);
#9130=ORIENTED_EDGE('',*,*,#9129,.F.);
#9131=CARTESIAN_POINT('',(0.076771653543307,-0.143700787401575,0.031496062992126));
#9132=VERTEX_POINT('',#9131);
#9133=CARTESIAN_POINT('',(0.076771653543307,-0.143700787401575,0.031496062992126));
#9134=DIRECTION('',(-1.0,0.0,0.0));
#9135=VECTOR('',#9134,0.035433070866142);
#9136=LINE('',#9133,#9135);
#9137=EDGE_CURVE('',#9132,#9124,#9136,.T.);
#9138=ORIENTED_EDGE('',*,*,#9137,.F.);
#9139=CARTESIAN_POINT('',(0.082677165354331,-0.143700787401575,0.066929133858268));
#9140=DIRECTION('',(-0.164398987305358,0.0,-0.986393923832144));
#9141=VECTOR('',#9140,0.035921825966328);
#9142=LINE('',#9139,#9141);
#9143=EDGE_CURVE('',#9084,#9132,#9142,.T.);
#9144=ORIENTED_EDGE('',*,*,#9143,.F.);
#9145=EDGE_LOOP('',(#9090,#9098,#9106,#9114,#9122,#9130,#9138,#9144));
#9146=FACE_OUTER_BOUND('',#9145,.T.);
#9147=ADVANCED_FACE('',(#9146),#9080,.F.);
#9148=CARTESIAN_POINT('',(-0.076476377952756,-0.144685039370079,0.029724409448819));
#9149=DIRECTION('',(-0.986393923832144,0.0,-0.164398987305358));
#9150=DIRECTION('',(-0.164398987305358,0.0,0.986393923832144));
#9151=AXIS2_PLACEMENT_3D('',#9148,#9149,#9150);
#9152=PLANE('',#9151);
#9153=ORIENTED_EDGE('',*,*,#9097,.T.);
#9154=CARTESIAN_POINT('',(-0.082677165354331,-0.124015748031496,0.066929133858268));
#9155=VERTEX_POINT('',#9154);
#9156=CARTESIAN_POINT('',(-0.082677165354331,-0.124015748031496,0.066929133858268));
#9157=DIRECTION('',(0.0,-1.0,0.0));
#9158=VECTOR('',#9157,0.019685039370079);
#9159=LINE('',#9156,#9158);
#9160=EDGE_CURVE('',#9155,#9082,#9159,.T.);
#9161=ORIENTED_EDGE('',*,*,#9160,.F.);
#9162=CARTESIAN_POINT('',(-0.076771653543307,-0.124015748031496,0.031496062992126));
#9163=VERTEX_POINT('',#9162);
#9164=CARTESIAN_POINT('',(-0.076771653543307,-0.124015748031496,0.031496062992126));
#9165=DIRECTION('',(-0.164398987305358,0.0,0.986393923832144));
#9166=VECTOR('',#9165,0.035921825966328);
#9167=LINE('',#9164,#9166);
#9168=EDGE_CURVE('',#9163,#9155,#9167,.T.);
#9169=ORIENTED_EDGE('',*,*,#9168,.F.);
#9170=CARTESIAN_POINT('',(-0.076771653543307,-0.124015748031496,0.031496062992126));
#9171=DIRECTION('',(0.0,-1.0,0.0));
#9172=VECTOR('',#9171,0.019685039370079);
#9173=LINE('',#9170,#9172);
#9174=EDGE_CURVE('',#9163,#9092,#9173,.T.);
#9175=ORIENTED_EDGE('',*,*,#9174,.T.);
#9176=EDGE_LOOP('',(#9153,#9161,#9169,#9175));
#9177=FACE_OUTER_BOUND('',#9176,.T.);
#9178=ORIENTED_EDGE('',*,*,#5385,.T.);
#9179=ORIENTED_EDGE('',*,*,#5186,.T.);
#9180=ORIENTED_EDGE('',*,*,#8090,.T.);
#9181=ORIENTED_EDGE('',*,*,#8259,.T.);
#9182=EDGE_LOOP('',(#9178,#9179,#9180,#9181));
#9183=FACE_BOUND('',#9182,.T.);
#9184=ADVANCED_FACE('',(#9177,#9183),#9152,.T.);
#9185=CARTESIAN_POINT('',(-0.039566929133858,-0.144685039370079,0.031496062992126));
#9186=DIRECTION('',(0.0,0.0,-1.0));
#9187=DIRECTION('',(-1.0,0.0,0.0));
#9188=AXIS2_PLACEMENT_3D('',#9185,#9186,#9187);
#9189=PLANE('',#9188);
#9190=ORIENTED_EDGE('',*,*,#9105,.T.);
#9191=ORIENTED_EDGE('',*,*,#9174,.F.);
#9192=CARTESIAN_POINT('',(-0.041338582677165,-0.124015748031496,0.031496062992126));
#9193=VERTEX_POINT('',#9192);
#9194=CARTESIAN_POINT('',(-0.041338582677165,-0.124015748031496,0.031496062992126));
#9195=DIRECTION('',(-1.0,0.0,0.0));
#9196=VECTOR('',#9195,0.035433070866142);
#9197=LINE('',#9194,#9196);
#9198=EDGE_CURVE('',#9193,#9163,#9197,.T.);
#9199=ORIENTED_EDGE('',*,*,#9198,.F.);
#9200=CARTESIAN_POINT('',(-0.041338582677165,-0.124015748031496,0.031496062992126));
#9201=DIRECTION('',(0.0,-1.0,0.0));
#9202=VECTOR('',#9201,0.019685039370079);
#9203=LINE('',#9200,#9202);
#9204=EDGE_CURVE('',#9193,#9100,#9203,.T.);
#9205=ORIENTED_EDGE('',*,*,#9204,.T.);
#9206=EDGE_LOOP('',(#9190,#9191,#9199,#9205));
#9207=FACE_OUTER_BOUND('',#9206,.T.);
#9208=ADVANCED_FACE('',(#9207),#9189,.T.);
#9209=CARTESIAN_POINT('',(-0.041338582677165,-0.144685039370079,0.056299212598425));
#9210=DIRECTION('',(1.0,0.0,0.0));
#9211=DIRECTION('',(0.0,0.0,-1.0));
#9212=AXIS2_PLACEMENT_3D('',#9209,#9210,#9211);
#9213=PLANE('',#9212);
#9214=ORIENTED_EDGE('',*,*,#9113,.T.);
#9215=ORIENTED_EDGE('',*,*,#9204,.F.);
#9216=CARTESIAN_POINT('',(-0.041338582677165,-0.124015748031496,0.05511811023622));
#9217=VERTEX_POINT('',#9216);
#9218=CARTESIAN_POINT('',(-0.041338582677165,-0.124015748031496,0.05511811023622));
#9219=DIRECTION('',(0.0,0.0,-1.0));
#9220=VECTOR('',#9219,0.023622047244094);
#9221=LINE('',#9218,#9220);
#9222=EDGE_CURVE('',#9217,#9193,#9221,.T.);
#9223=ORIENTED_EDGE('',*,*,#9222,.F.);
#9224=CARTESIAN_POINT('',(-0.041338582677165,-0.124015748031496,0.05511811023622));
#9225=DIRECTION('',(0.0,-1.0,0.0));
#9226=VECTOR('',#9225,0.019685039370079);
#9227=LINE('',#9224,#9226);
#9228=EDGE_CURVE('',#9217,#9108,#9227,.T.);
#9229=ORIENTED_EDGE('',*,*,#9228,.T.);
#9230=EDGE_LOOP('',(#9214,#9215,#9223,#9229));
#9231=FACE_OUTER_BOUND('',#9230,.T.);
#9232=ADVANCED_FACE('',(#9231),#9213,.T.);
#9233=CARTESIAN_POINT('',(0.045472440944882,-0.144685039370079,0.05511811023622));
#9234=DIRECTION('',(0.0,0.0,-1.0));
#9235=DIRECTION('',(-1.0,0.0,0.0));
#9236=AXIS2_PLACEMENT_3D('',#9233,#9234,#9235);
#9237=PLANE('',#9236);
#9238=ORIENTED_EDGE('',*,*,#9121,.T.);
#9239=ORIENTED_EDGE('',*,*,#9228,.F.);
#9240=CARTESIAN_POINT('',(0.041338582677165,-0.124015748031496,0.05511811023622));
#9241=VERTEX_POINT('',#9240);
#9242=CARTESIAN_POINT('',(0.041338582677165,-0.124015748031496,0.05511811023622));
#9243=DIRECTION('',(-1.0,0.0,0.0));
#9244=VECTOR('',#9243,0.08267716535433);
#9245=LINE('',#9242,#9244);
#9246=EDGE_CURVE('',#9241,#9217,#9245,.T.);
#9247=ORIENTED_EDGE('',*,*,#9246,.F.);
#9248=CARTESIAN_POINT('',(0.041338582677165,-0.124015748031496,0.05511811023622));
#9249=DIRECTION('',(0.0,-1.0,0.0));
#9250=VECTOR('',#9249,0.019685039370079);
#9251=LINE('',#9248,#9250);
#9252=EDGE_CURVE('',#9241,#9116,#9251,.T.);
#9253=ORIENTED_EDGE('',*,*,#9252,.T.);
#9254=EDGE_LOOP('',(#9238,#9239,#9247,#9253));
#9255=FACE_OUTER_BOUND('',#9254,.T.);
#9256=ADVANCED_FACE('',(#9255),#9237,.T.);
#9257=CARTESIAN_POINT('',(0.041338582677165,-0.144685039370079,0.030314960629921));
#9258=DIRECTION('',(-1.0,0.0,0.0));
#9259=DIRECTION('',(0.0,0.0,1.0));
#9260=AXIS2_PLACEMENT_3D('',#9257,#9258,#9259);
#9261=PLANE('',#9260);
#9262=ORIENTED_EDGE('',*,*,#9129,.T.);
#9263=ORIENTED_EDGE('',*,*,#9252,.F.);
#9264=CARTESIAN_POINT('',(0.041338582677165,-0.124015748031496,0.031496062992126));
#9265=VERTEX_POINT('',#9264);
#9266=CARTESIAN_POINT('',(0.041338582677165,-0.124015748031496,0.031496062992126));
#9267=DIRECTION('',(0.0,0.0,1.0));
#9268=VECTOR('',#9267,0.023622047244094);
#9269=LINE('',#9266,#9268);
#9270=EDGE_CURVE('',#9265,#9241,#9269,.T.);
#9271=ORIENTED_EDGE('',*,*,#9270,.F.);
#9272=CARTESIAN_POINT('',(0.041338582677165,-0.124015748031496,0.031496062992126));
#9273=DIRECTION('',(0.0,-1.0,0.0));
#9274=VECTOR('',#9273,0.019685039370079);
#9275=LINE('',#9272,#9274);
#9276=EDGE_CURVE('',#9265,#9124,#9275,.T.);
#9277=ORIENTED_EDGE('',*,*,#9276,.T.);
#9278=EDGE_LOOP('',(#9262,#9263,#9271,#9277));
#9279=FACE_OUTER_BOUND('',#9278,.T.);
#9280=ADVANCED_FACE('',(#9279),#9261,.T.);
#9281=CARTESIAN_POINT('',(0.078543307086614,-0.144685039370079,0.031496062992126));
#9282=DIRECTION('',(0.0,0.0,-1.0));
#9283=DIRECTION('',(-1.0,0.0,0.0));
#9284=AXIS2_PLACEMENT_3D('',#9281,#9282,#9283);
#9285=PLANE('',#9284);
#9286=ORIENTED_EDGE('',*,*,#9137,.T.);
#9287=ORIENTED_EDGE('',*,*,#9276,.F.);
#9288=CARTESIAN_POINT('',(0.076771653543307,-0.124015748031496,0.031496062992126));
#9289=VERTEX_POINT('',#9288);
#9290=CARTESIAN_POINT('',(0.076771653543307,-0.124015748031496,0.031496062992126));
#9291=DIRECTION('',(-1.0,0.0,0.0));
#9292=VECTOR('',#9291,0.035433070866142);
#9293=LINE('',#9290,#9292);
#9294=EDGE_CURVE('',#9289,#9265,#9293,.T.);
#9295=ORIENTED_EDGE('',*,*,#9294,.F.);
#9296=CARTESIAN_POINT('',(0.076771653543307,-0.124015748031496,0.031496062992126));
#9297=DIRECTION('',(0.0,-1.0,0.0));
#9298=VECTOR('',#9297,0.019685039370079);
#9299=LINE('',#9296,#9298);
#9300=EDGE_CURVE('',#9289,#9132,#9299,.T.);
#9301=ORIENTED_EDGE('',*,*,#9300,.T.);
#9302=EDGE_LOOP('',(#9286,#9287,#9295,#9301));
#9303=FACE_OUTER_BOUND('',#9302,.T.);
#9304=ADVANCED_FACE('',(#9303),#9285,.T.);
#9305=CARTESIAN_POINT('',(0.082972440944882,-0.144685039370079,0.068700787401575));
#9306=DIRECTION('',(0.986393923832144,0.0,-0.164398987305357));
#9307=DIRECTION('',(-0.164398987305357,0.0,-0.986393923832144));
#9308=AXIS2_PLACEMENT_3D('',#9305,#9306,#9307);
#9309=PLANE('',#9308);
#9310=ORIENTED_EDGE('',*,*,#9143,.T.);
#9311=ORIENTED_EDGE('',*,*,#9300,.F.);
#9312=CARTESIAN_POINT('',(0.082677165354331,-0.124015748031496,0.066929133858268));
#9313=VERTEX_POINT('',#9312);
#9314=CARTESIAN_POINT('',(0.082677165354331,-0.124015748031496,0.066929133858268));
#9315=DIRECTION('',(-0.164398987305357,0.0,-0.986393923832144));
#9316=VECTOR('',#9315,0.035921825966328);
#9317=LINE('',#9314,#9316);
#9318=EDGE_CURVE('',#9313,#9289,#9317,.T.);
#9319=ORIENTED_EDGE('',*,*,#9318,.F.);
#9320=CARTESIAN_POINT('',(0.082677165354331,-0.124015748031496,0.066929133858268));
#9321=DIRECTION('',(0.0,-1.0,0.0));
#9322=VECTOR('',#9321,0.019685039370079);
#9323=LINE('',#9320,#9322);
#9324=EDGE_CURVE('',#9313,#9084,#9323,.T.);
#9325=ORIENTED_EDGE('',*,*,#9324,.T.);
#9326=EDGE_LOOP('',(#9310,#9311,#9319,#9325));
#9327=FACE_OUTER_BOUND('',#9326,.T.);
#9328=ORIENTED_EDGE('',*,*,#5152,.T.);
#9329=ORIENTED_EDGE('',*,*,#4944,.T.);
#9330=ORIENTED_EDGE('',*,*,#7632,.T.);
#9331=ORIENTED_EDGE('',*,*,#8468,.T.);
#9332=EDGE_LOOP('',(#9328,#9329,#9330,#9331));
#9333=FACE_BOUND('',#9332,.T.);
#9334=ADVANCED_FACE('',(#9327,#9333),#9309,.T.);
#9335=CARTESIAN_POINT('',(-0.090944881889764,0.143700787401575,0.029724409448819));
#9336=DIRECTION('',(0.0,1.0,0.0));
#9337=DIRECTION('',(0.0,0.0,1.0));
#9338=AXIS2_PLACEMENT_3D('',#9335,#9336,#9337);
#9339=PLANE('',#9338);
#9340=CARTESIAN_POINT('',(-0.082677165354331,0.143700787401575,0.066929133858268));
#9341=VERTEX_POINT('',#9340);
#9342=CARTESIAN_POINT('',(0.082677165354331,0.143700787401575,0.066929133858268));
#9343=VERTEX_POINT('',#9342);
#9344=CARTESIAN_POINT('',(-0.082677165354331,0.143700787401575,0.066929133858268));
#9345=DIRECTION('',(1.0,0.0,0.0));
#9346=VECTOR('',#9345,0.165354330708662);
#9347=LINE('',#9344,#9346);
#9348=EDGE_CURVE('',#9341,#9343,#9347,.T.);
#9349=ORIENTED_EDGE('',*,*,#9348,.T.);
#9350=CARTESIAN_POINT('',(0.076771653543307,0.143700787401575,0.031496062992126));
#9351=VERTEX_POINT('',#9350);
#9352=CARTESIAN_POINT('',(0.082677165354331,0.143700787401575,0.066929133858268));
#9353=DIRECTION('',(-0.164398987305358,0.0,-0.986393923832144));
#9354=VECTOR('',#9353,0.035921825966328);
#9355=LINE('',#9352,#9354);
#9356=EDGE_CURVE('',#9343,#9351,#9355,.T.);
#9357=ORIENTED_EDGE('',*,*,#9356,.T.);
#9358=CARTESIAN_POINT('',(0.041338582677165,0.143700787401575,0.031496062992126));
#9359=VERTEX_POINT('',#9358);
#9360=CARTESIAN_POINT('',(0.076771653543307,0.143700787401575,0.031496062992126));
#9361=DIRECTION('',(-1.0,0.0,0.0));
#9362=VECTOR('',#9361,0.035433070866142);
#9363=LINE('',#9360,#9362);
#9364=EDGE_CURVE('',#9351,#9359,#9363,.T.);
#9365=ORIENTED_EDGE('',*,*,#9364,.T.);
#9366=CARTESIAN_POINT('',(0.041338582677165,0.143700787401575,0.05511811023622));
#9367=VERTEX_POINT('',#9366);
#9368=CARTESIAN_POINT('',(0.041338582677165,0.143700787401575,0.031496062992126));
#9369=DIRECTION('',(0.0,0.0,1.0));
#9370=VECTOR('',#9369,0.023622047244094);
#9371=LINE('',#9368,#9370);
#9372=EDGE_CURVE('',#9359,#9367,#9371,.T.);
#9373=ORIENTED_EDGE('',*,*,#9372,.T.);
#9374=CARTESIAN_POINT('',(-0.041338582677165,0.143700787401575,0.05511811023622));
#9375=VERTEX_POINT('',#9374);
#9376=CARTESIAN_POINT('',(0.041338582677165,0.143700787401575,0.05511811023622));
#9377=DIRECTION('',(-1.0,0.0,0.0));
#9378=VECTOR('',#9377,0.08267716535433);
#9379=LINE('',#9376,#9378);
#9380=EDGE_CURVE('',#9367,#9375,#9379,.T.);
#9381=ORIENTED_EDGE('',*,*,#9380,.T.);
#9382=CARTESIAN_POINT('',(-0.041338582677165,0.143700787401575,0.031496062992126));
#9383=VERTEX_POINT('',#9382);
#9384=CARTESIAN_POINT('',(-0.041338582677165,0.143700787401575,0.05511811023622));
#9385=DIRECTION('',(0.0,0.0,-1.0));
#9386=VECTOR('',#9385,0.023622047244094);
#9387=LINE('',#9384,#9386);
#9388=EDGE_CURVE('',#9375,#9383,#9387,.T.);
#9389=ORIENTED_EDGE('',*,*,#9388,.T.);
#9390=CARTESIAN_POINT('',(-0.076771653543307,0.143700787401575,0.031496062992126));
#9391=VERTEX_POINT('',#9390);
#9392=CARTESIAN_POINT('',(-0.041338582677165,0.143700787401575,0.031496062992126));
#9393=DIRECTION('',(-1.0,0.0,0.0));
#9394=VECTOR('',#9393,0.035433070866142);
#9395=LINE('',#9392,#9394);
#9396=EDGE_CURVE('',#9383,#9391,#9395,.T.);
#9397=ORIENTED_EDGE('',*,*,#9396,.T.);
#9398=CARTESIAN_POINT('',(-0.076771653543307,0.143700787401575,0.031496062992126));
#9399=DIRECTION('',(-0.164398987305358,0.0,0.986393923832144));
#9400=VECTOR('',#9399,0.035921825966328);
#9401=LINE('',#9398,#9400);
#9402=EDGE_CURVE('',#9391,#9341,#9401,.T.);
#9403=ORIENTED_EDGE('',*,*,#9402,.T.);
#9404=EDGE_LOOP('',(#9349,#9357,#9365,#9373,#9381,#9389,#9397,#9403));
#9405=FACE_OUTER_BOUND('',#9404,.T.);
#9406=ADVANCED_FACE('',(#9405),#9339,.T.);
#9407=CARTESIAN_POINT('',(-0.082972440944882,0.123031496062992,0.068700787401575));
#9408=DIRECTION('',(0.986393923832144,0.0,0.164398987305358));
#9409=DIRECTION('',(0.164398987305358,0.0,-0.986393923832144));
#9410=AXIS2_PLACEMENT_3D('',#9407,#9408,#9409);
#9411=PLANE('',#9410);
#9412=ORIENTED_EDGE('',*,*,#9402,.F.);
#9413=CARTESIAN_POINT('',(-0.076771653543307,0.124015748031496,0.031496062992126));
#9414=VERTEX_POINT('',#9413);
#9415=CARTESIAN_POINT('',(-0.076771653543307,0.124015748031496,0.031496062992126));
#9416=DIRECTION('',(0.0,1.0,0.0));
#9417=VECTOR('',#9416,0.019685039370079);
#9418=LINE('',#9415,#9417);
#9419=EDGE_CURVE('',#9414,#9391,#9418,.T.);
#9420=ORIENTED_EDGE('',*,*,#9419,.F.);
#9421=CARTESIAN_POINT('',(-0.082677165354331,0.124015748031496,0.066929133858268));
#9422=VERTEX_POINT('',#9421);
#9423=CARTESIAN_POINT('',(-0.082677165354331,0.124015748031496,0.066929133858268));
#9424=DIRECTION('',(0.164398987305358,0.0,-0.986393923832144));
#9425=VECTOR('',#9424,0.035921825966328);
#9426=LINE('',#9423,#9425);
#9427=EDGE_CURVE('',#9422,#9414,#9426,.T.);
#9428=ORIENTED_EDGE('',*,*,#9427,.F.);
#9429=CARTESIAN_POINT('',(-0.082677165354331,0.124015748031496,0.066929133858268));
#9430=DIRECTION('',(0.0,1.0,0.0));
#9431=VECTOR('',#9430,0.019685039370079);
#9432=LINE('',#9429,#9431);
#9433=EDGE_CURVE('',#9422,#9341,#9432,.T.);
#9434=ORIENTED_EDGE('',*,*,#9433,.T.);
#9435=EDGE_LOOP('',(#9412,#9420,#9428,#9434));
#9436=FACE_OUTER_BOUND('',#9435,.T.);
#9437=ORIENTED_EDGE('',*,*,#4910,.T.);
#9438=ORIENTED_EDGE('',*,*,#4702,.T.);
#9439=ORIENTED_EDGE('',*,*,#7167,.T.);
#9440=ORIENTED_EDGE('',*,*,#8619,.T.);
#9441=EDGE_LOOP('',(#9437,#9438,#9439,#9440));
#9442=FACE_BOUND('',#9441,.T.);
#9443=ADVANCED_FACE('',(#9436,#9442),#9411,.F.);
#9444=CARTESIAN_POINT('',(-0.078543307086614,0.123031496062992,0.031496062992126));
#9445=DIRECTION('',(0.0,0.0,1.0));
#9446=DIRECTION('',(1.0,0.0,0.0));
#9447=AXIS2_PLACEMENT_3D('',#9444,#9445,#9446);
#9448=PLANE('',#9447);
#9449=ORIENTED_EDGE('',*,*,#9396,.F.);
#9450=CARTESIAN_POINT('',(-0.041338582677165,0.124015748031496,0.031496062992126));
#9451=VERTEX_POINT('',#9450);
#9452=CARTESIAN_POINT('',(-0.041338582677165,0.124015748031496,0.031496062992126));
#9453=DIRECTION('',(0.0,1.0,0.0));
#9454=VECTOR('',#9453,0.019685039370079);
#9455=LINE('',#9452,#9454);
#9456=EDGE_CURVE('',#9451,#9383,#9455,.T.);
#9457=ORIENTED_EDGE('',*,*,#9456,.F.);
#9458=CARTESIAN_POINT('',(-0.076771653543307,0.124015748031496,0.031496062992126));
#9459=DIRECTION('',(1.0,0.0,0.0));
#9460=VECTOR('',#9459,0.035433070866142);
#9461=LINE('',#9458,#9460);
#9462=EDGE_CURVE('',#9414,#9451,#9461,.T.);
#9463=ORIENTED_EDGE('',*,*,#9462,.F.);
#9464=ORIENTED_EDGE('',*,*,#9419,.T.);
#9465=EDGE_LOOP('',(#9449,#9457,#9463,#9464));
#9466=FACE_OUTER_BOUND('',#9465,.T.);
#9467=ADVANCED_FACE('',(#9466),#9448,.F.);
#9468=CARTESIAN_POINT('',(-0.041338582677165,0.123031496062992,0.030314960629921));
#9469=DIRECTION('',(-1.0,0.0,0.0));
#9470=DIRECTION('',(0.0,0.0,1.0));
#9471=AXIS2_PLACEMENT_3D('',#9468,#9469,#9470);
#9472=PLANE('',#9471);
#9473=ORIENTED_EDGE('',*,*,#9388,.F.);
#9474=CARTESIAN_POINT('',(-0.041338582677165,0.124015748031496,0.05511811023622));
#9475=VERTEX_POINT('',#9474);
#9476=CARTESIAN_POINT('',(-0.041338582677165,0.124015748031496,0.05511811023622));
#9477=DIRECTION('',(0.0,1.0,0.0));
#9478=VECTOR('',#9477,0.019685039370079);
#9479=LINE('',#9476,#9478);
#9480=EDGE_CURVE('',#9475,#9375,#9479,.T.);
#9481=ORIENTED_EDGE('',*,*,#9480,.F.);
#9482=CARTESIAN_POINT('',(-0.041338582677165,0.124015748031496,0.031496062992126));
#9483=DIRECTION('',(0.0,0.0,1.0));
#9484=VECTOR('',#9483,0.023622047244094);
#9485=LINE('',#9482,#9484);
#9486=EDGE_CURVE('',#9451,#9475,#9485,.T.);
#9487=ORIENTED_EDGE('',*,*,#9486,.F.);
#9488=ORIENTED_EDGE('',*,*,#9456,.T.);
#9489=EDGE_LOOP('',(#9473,#9481,#9487,#9488));
#9490=FACE_OUTER_BOUND('',#9489,.T.);
#9491=ADVANCED_FACE('',(#9490),#9472,.F.);
#9492=CARTESIAN_POINT('',(-0.045472440944882,0.123031496062992,0.05511811023622));
#9493=DIRECTION('',(0.0,0.0,1.0));
#9494=DIRECTION('',(1.0,0.0,0.0));
#9495=AXIS2_PLACEMENT_3D('',#9492,#9493,#9494);
#9496=PLANE('',#9495);
#9497=ORIENTED_EDGE('',*,*,#9380,.F.);
#9498=CARTESIAN_POINT('',(0.041338582677165,0.124015748031496,0.05511811023622));
#9499=VERTEX_POINT('',#9498);
#9500=CARTESIAN_POINT('',(0.041338582677165,0.124015748031496,0.05511811023622));
#9501=DIRECTION('',(0.0,1.0,0.0));
#9502=VECTOR('',#9501,0.019685039370079);
#9503=LINE('',#9500,#9502);
#9504=EDGE_CURVE('',#9499,#9367,#9503,.T.);
#9505=ORIENTED_EDGE('',*,*,#9504,.F.);
#9506=CARTESIAN_POINT('',(-0.041338582677165,0.124015748031496,0.05511811023622));
#9507=DIRECTION('',(1.0,0.0,0.0));
#9508=VECTOR('',#9507,0.08267716535433);
#9509=LINE('',#9506,#9508);
#9510=EDGE_CURVE('',#9475,#9499,#9509,.T.);
#9511=ORIENTED_EDGE('',*,*,#9510,.F.);
#9512=ORIENTED_EDGE('',*,*,#9480,.T.);
#9513=EDGE_LOOP('',(#9497,#9505,#9511,#9512));
#9514=FACE_OUTER_BOUND('',#9513,.T.);
#9515=ADVANCED_FACE('',(#9514),#9496,.F.);
#9516=CARTESIAN_POINT('',(0.041338582677165,0.123031496062992,0.056299212598425));
#9517=DIRECTION('',(1.0,0.0,0.0));
#9518=DIRECTION('',(0.0,0.0,-1.0));
#9519=AXIS2_PLACEMENT_3D('',#9516,#9517,#9518);
#9520=PLANE('',#9519);
#9521=ORIENTED_EDGE('',*,*,#9372,.F.);
#9522=CARTESIAN_POINT('',(0.041338582677165,0.124015748031496,0.031496062992126));
#9523=VERTEX_POINT('',#9522);
#9524=CARTESIAN_POINT('',(0.041338582677165,0.124015748031496,0.031496062992126));
#9525=DIRECTION('',(0.0,1.0,0.0));
#9526=VECTOR('',#9525,0.019685039370079);
#9527=LINE('',#9524,#9526);
#9528=EDGE_CURVE('',#9523,#9359,#9527,.T.);
#9529=ORIENTED_EDGE('',*,*,#9528,.F.);
#9530=CARTESIAN_POINT('',(0.041338582677165,0.124015748031496,0.05511811023622));
#9531=DIRECTION('',(0.0,0.0,-1.0));
#9532=VECTOR('',#9531,0.023622047244094);
#9533=LINE('',#9530,#9532);
#9534=EDGE_CURVE('',#9499,#9523,#9533,.T.);
#9535=ORIENTED_EDGE('',*,*,#9534,.F.);
#9536=ORIENTED_EDGE('',*,*,#9504,.T.);
#9537=EDGE_LOOP('',(#9521,#9529,#9535,#9536));
#9538=FACE_OUTER_BOUND('',#9537,.T.);
#9539=ADVANCED_FACE('',(#9538),#9520,.F.);
#9540=CARTESIAN_POINT('',(0.039566929133858,0.123031496062992,0.031496062992126));
#9541=DIRECTION('',(0.0,0.0,1.0));
#9542=DIRECTION('',(1.0,0.0,0.0));
#9543=AXIS2_PLACEMENT_3D('',#9540,#9541,#9542);
#9544=PLANE('',#9543);
#9545=ORIENTED_EDGE('',*,*,#9364,.F.);
#9546=CARTESIAN_POINT('',(0.076771653543307,0.124015748031496,0.031496062992126));
#9547=VERTEX_POINT('',#9546);
#9548=CARTESIAN_POINT('',(0.076771653543307,0.124015748031496,0.031496062992126));
#9549=DIRECTION('',(0.0,1.0,0.0));
#9550=VECTOR('',#9549,0.019685039370079);
#9551=LINE('',#9548,#9550);
#9552=EDGE_CURVE('',#9547,#9351,#9551,.T.);
#9553=ORIENTED_EDGE('',*,*,#9552,.F.);
#9554=CARTESIAN_POINT('',(0.041338582677165,0.124015748031496,0.031496062992126));
#9555=DIRECTION('',(1.0,0.0,0.0));
#9556=VECTOR('',#9555,0.035433070866142);
#9557=LINE('',#9554,#9556);
#9558=EDGE_CURVE('',#9523,#9547,#9557,.T.);
#9559=ORIENTED_EDGE('',*,*,#9558,.F.);
#9560=ORIENTED_EDGE('',*,*,#9528,.T.);
#9561=EDGE_LOOP('',(#9545,#9553,#9559,#9560));
#9562=FACE_OUTER_BOUND('',#9561,.T.);
#9563=ADVANCED_FACE('',(#9562),#9544,.F.);
#9564=CARTESIAN_POINT('',(0.076476377952756,0.123031496062992,0.029724409448819));
#9565=DIRECTION('',(-0.986393923832144,0.0,0.164398987305357));
#9566=DIRECTION('',(0.164398987305357,0.0,0.986393923832144));
#9567=AXIS2_PLACEMENT_3D('',#9564,#9565,#9566);
#9568=PLANE('',#9567);
#9569=ORIENTED_EDGE('',*,*,#9356,.F.);
#9570=CARTESIAN_POINT('',(0.082677165354331,0.124015748031496,0.066929133858268));
#9571=VERTEX_POINT('',#9570);
#9572=CARTESIAN_POINT('',(0.082677165354331,0.124015748031496,0.066929133858268));
#9573=DIRECTION('',(0.0,1.0,0.0));
#9574=VECTOR('',#9573,0.019685039370079);
#9575=LINE('',#9572,#9574);
#9576=EDGE_CURVE('',#9571,#9343,#9575,.T.);
#9577=ORIENTED_EDGE('',*,*,#9576,.F.);
#9578=CARTESIAN_POINT('',(0.076771653543307,0.124015748031496,0.031496062992126));
#9579=DIRECTION('',(0.164398987305358,0.0,0.986393923832144));
#9580=VECTOR('',#9579,0.035921825966328);
#9581=LINE('',#9578,#9580);
#9582=EDGE_CURVE('',#9547,#9571,#9581,.T.);
#9583=ORIENTED_EDGE('',*,*,#9582,.F.);
#9584=ORIENTED_EDGE('',*,*,#9552,.T.);
#9585=EDGE_LOOP('',(#9569,#9577,#9583,#9584));
#9586=FACE_OUTER_BOUND('',#9585,.T.);
#9587=ORIENTED_EDGE('',*,*,#4668,.T.);
#9588=ORIENTED_EDGE('',*,*,#4469,.T.);
#9589=ORIENTED_EDGE('',*,*,#6653,.T.);
#9590=ORIENTED_EDGE('',*,*,#6822,.T.);
#9591=EDGE_LOOP('',(#9587,#9588,#9589,#9590));
#9592=FACE_BOUND('',#9591,.T.);
#9593=ADVANCED_FACE('',(#9586,#9592),#9568,.F.);
#9594=CARTESIAN_POINT('',(-0.04763779527559,-0.038976377952756,0.009842519685039));
#9595=DIRECTION('',(0.0,0.0,1.0));
#9596=DIRECTION('',(1.0,0.0,0.0));
#9597=AXIS2_PLACEMENT_3D('',#9594,#9595,#9596);
#9598=PLANE('',#9597);
#9599=CARTESIAN_POINT('',(-0.043307086614173,-0.035433070866142,0.009842519685039));
#9600=VERTEX_POINT('',#9599);
#9601=CARTESIAN_POINT('',(-0.043307086614173,0.035433070866142,0.009842519685039));
#9602=VERTEX_POINT('',#9601);
#9603=CARTESIAN_POINT('',(-0.043307086614173,-0.035433070866142,0.009842519685039));
#9604=DIRECTION('',(0.0,1.0,0.0));
#9605=VECTOR('',#9604,0.070866141732284);
#9606=LINE('',#9603,#9605);
#9607=EDGE_CURVE('',#9600,#9602,#9606,.T.);
#9608=ORIENTED_EDGE('',*,*,#9607,.T.);
#9609=CARTESIAN_POINT('',(0.043307086614173,0.035433070866142,0.009842519685039));
#9610=VERTEX_POINT('',#9609);
#9611=CARTESIAN_POINT('',(-0.043307086614173,0.035433070866142,0.009842519685039));
#9612=DIRECTION('',(1.0,0.0,0.0));
#9613=VECTOR('',#9612,0.086614173228346);
#9614=LINE('',#9611,#9613);
#9615=EDGE_CURVE('',#9602,#9610,#9614,.T.);
#9616=ORIENTED_EDGE('',*,*,#9615,.T.);
#9617=CARTESIAN_POINT('',(0.043307086614173,-0.035433070866142,0.009842519685039));
#9618=VERTEX_POINT('',#9617);
#9619=CARTESIAN_POINT('',(0.043307086614173,0.035433070866142,0.009842519685039));
#9620=DIRECTION('',(0.0,-1.0,0.0));
#9621=VECTOR('',#9620,0.070866141732284);
#9622=LINE('',#9619,#9621);
#9623=EDGE_CURVE('',#9610,#9618,#9622,.T.);
#9624=ORIENTED_EDGE('',*,*,#9623,.T.);
#9625=CARTESIAN_POINT('',(0.043307086614173,-0.035433070866142,0.009842519685039));
#9626=DIRECTION('',(-1.0,0.0,0.0));
#9627=VECTOR('',#9626,0.086614173228346);
#9628=LINE('',#9625,#9627);
#9629=EDGE_CURVE('',#9618,#9600,#9628,.T.);
#9630=ORIENTED_EDGE('',*,*,#9629,.T.);
#9631=EDGE_LOOP('',(#9608,#9616,#9624,#9630));
#9632=FACE_OUTER_BOUND('',#9631,.T.);
#9633=ADVANCED_FACE('',(#9632),#9598,.F.);
#9634=CARTESIAN_POINT('',(0.043307086614173,-0.038976377952756,0.01013779527559));
#9635=DIRECTION('',(1.0,0.0,0.0));
#9636=DIRECTION('',(0.0,0.0,-1.0));
#9637=AXIS2_PLACEMENT_3D('',#9634,#9635,#9636);
#9638=PLANE('',#9637);
#9639=CARTESIAN_POINT('',(0.043307086614173,0.035433070866142,0.003937007874016));
#9640=VERTEX_POINT('',#9639);
#9641=CARTESIAN_POINT('',(0.043307086614173,-0.035433070866142,0.003937007874016));
#9642=VERTEX_POINT('',#9641);
#9643=CARTESIAN_POINT('',(0.043307086614173,0.035433070866142,0.003937007874016));
#9644=DIRECTION('',(0.0,-1.0,0.0));
#9645=VECTOR('',#9644,0.070866141732284);
#9646=LINE('',#9643,#9645);
#9647=EDGE_CURVE('',#9640,#9642,#9646,.T.);
#9648=ORIENTED_EDGE('',*,*,#9647,.T.);
#9649=CARTESIAN_POINT('',(0.043307086614173,-0.035433070866142,0.003937007874016));
#9650=DIRECTION('',(0.0,0.0,1.0));
#9651=VECTOR('',#9650,0.005905511811023);
#9652=LINE('',#9649,#9651);
#9653=EDGE_CURVE('',#9642,#9618,#9652,.T.);
#9654=ORIENTED_EDGE('',*,*,#9653,.T.);
#9655=ORIENTED_EDGE('',*,*,#9623,.F.);
#9656=CARTESIAN_POINT('',(0.043307086614173,0.035433070866142,0.003937007874016));
#9657=DIRECTION('',(0.0,0.0,1.0));
#9658=VECTOR('',#9657,0.005905511811023);
#9659=LINE('',#9656,#9658);
#9660=EDGE_CURVE('',#9640,#9610,#9659,.T.);
#9661=ORIENTED_EDGE('',*,*,#9660,.F.);
#9662=EDGE_LOOP('',(#9648,#9654,#9655,#9661));
#9663=FACE_OUTER_BOUND('',#9662,.T.);
#9664=ADVANCED_FACE('',(#9663),#9638,.F.);
#9665=CARTESIAN_POINT('',(0.065157480314961,-0.038976377952756,0.009842519685039));
#9666=DIRECTION('',(0.0,0.0,1.0));
#9667=DIRECTION('',(1.0,0.0,0.0));
#9668=AXIS2_PLACEMENT_3D('',#9665,#9666,#9667);
#9669=PLANE('',#9668);
#9670=CARTESIAN_POINT('',(0.066929133858268,-0.035433070866142,0.009842519685039));
#9671=VERTEX_POINT('',#9670);
#9672=CARTESIAN_POINT('',(0.066929133858268,0.035433070866142,0.009842519685039));
#9673=VERTEX_POINT('',#9672);
#9674=CARTESIAN_POINT('',(0.066929133858268,-0.035433070866142,0.009842519685039));
#9675=DIRECTION('',(0.0,1.0,0.0));
#9676=VECTOR('',#9675,0.070866141732284);
#9677=LINE('',#9674,#9676);
#9678=EDGE_CURVE('',#9671,#9673,#9677,.T.);
#9679=ORIENTED_EDGE('',*,*,#9678,.T.);
#9680=CARTESIAN_POINT('',(0.102362204724409,0.035433070866142,0.009842519685039));
#9681=VERTEX_POINT('',#9680);
#9682=CARTESIAN_POINT('',(0.066929133858268,0.035433070866142,0.009842519685039));
#9683=DIRECTION('',(1.0,0.0,0.0));
#9684=VECTOR('',#9683,0.035433070866141);
#9685=LINE('',#9682,#9684);
#9686=EDGE_CURVE('',#9673,#9681,#9685,.T.);
#9687=ORIENTED_EDGE('',*,*,#9686,.T.);
#9688=CARTESIAN_POINT('',(0.102362204724409,-0.035433070866142,0.009842519685039));
#9689=VERTEX_POINT('',#9688);
#9690=CARTESIAN_POINT('',(0.102362204724409,0.035433070866142,0.009842519685039));
#9691=DIRECTION('',(0.0,-1.0,0.0));
#9692=VECTOR('',#9691,0.070866141732284);
#9693=LINE('',#9690,#9692);
#9694=EDGE_CURVE('',#9681,#9689,#9693,.T.);
#9695=ORIENTED_EDGE('',*,*,#9694,.T.);
#9696=CARTESIAN_POINT('',(0.102362204724409,-0.035433070866142,0.009842519685039));
#9697=DIRECTION('',(-1.0,0.0,0.0));
#9698=VECTOR('',#9697,0.035433070866141);
#9699=LINE('',#9696,#9698);
#9700=EDGE_CURVE('',#9689,#9671,#9699,.T.);
#9701=ORIENTED_EDGE('',*,*,#9700,.T.);
#9702=EDGE_LOOP('',(#9679,#9687,#9695,#9701));
#9703=FACE_OUTER_BOUND('',#9702,.T.);
#9704=ADVANCED_FACE('',(#9703),#9669,.F.);
#9705=CARTESIAN_POINT('',(0.066929133858268,-0.038976377952756,0.003641732283465));
#9706=DIRECTION('',(-1.0,0.0,0.0));
#9707=DIRECTION('',(0.0,0.0,1.0));
#9708=AXIS2_PLACEMENT_3D('',#9705,#9706,#9707);
#9709=PLANE('',#9708);
#9710=CARTESIAN_POINT('',(0.066929133858268,-0.035433070866142,0.003937007874016));
#9711=VERTEX_POINT('',#9710);
#9712=CARTESIAN_POINT('',(0.066929133858268,0.035433070866142,0.003937007874016));
#9713=VERTEX_POINT('',#9712);
#9714=CARTESIAN_POINT('',(0.066929133858268,-0.035433070866142,0.003937007874016));
#9715=DIRECTION('',(0.0,1.0,0.0));
#9716=VECTOR('',#9715,0.070866141732284);
#9717=LINE('',#9714,#9716);
#9718=EDGE_CURVE('',#9711,#9713,#9717,.T.);
#9719=ORIENTED_EDGE('',*,*,#9718,.T.);
#9720=CARTESIAN_POINT('',(0.066929133858268,0.035433070866142,0.003937007874016));
#9721=DIRECTION('',(0.0,0.0,1.0));
#9722=VECTOR('',#9721,0.005905511811023);
#9723=LINE('',#9720,#9722);
#9724=EDGE_CURVE('',#9713,#9673,#9723,.T.);
#9725=ORIENTED_EDGE('',*,*,#9724,.T.);
#9726=ORIENTED_EDGE('',*,*,#9678,.F.);
#9727=CARTESIAN_POINT('',(0.066929133858268,-0.035433070866142,0.003937007874016));
#9728=DIRECTION('',(0.0,0.0,1.0));
#9729=VECTOR('',#9728,0.005905511811023);
#9730=LINE('',#9727,#9729);
#9731=EDGE_CURVE('',#9711,#9671,#9730,.T.);
#9732=ORIENTED_EDGE('',*,*,#9731,.F.);
#9733=EDGE_LOOP('',(#9719,#9725,#9726,#9732));
#9734=FACE_OUTER_BOUND('',#9733,.T.);
#9735=ADVANCED_FACE('',(#9734),#9709,.F.);
#9736=CARTESIAN_POINT('',(-0.104133858267716,-0.038976377952756,0.009842519685039));
#9737=DIRECTION('',(0.0,0.0,1.0));
#9738=DIRECTION('',(1.0,0.0,0.0));
#9739=AXIS2_PLACEMENT_3D('',#9736,#9737,#9738);
#9740=PLANE('',#9739);
#9741=CARTESIAN_POINT('',(-0.102362204724409,-0.035433070866142,0.009842519685039));
#9742=VERTEX_POINT('',#9741);
#9743=CARTESIAN_POINT('',(-0.102362204724409,0.035433070866142,0.009842519685039));
#9744=VERTEX_POINT('',#9743);
#9745=CARTESIAN_POINT('',(-0.102362204724409,-0.035433070866142,0.009842519685039));
#9746=DIRECTION('',(0.0,1.0,0.0));
#9747=VECTOR('',#9746,0.070866141732284);
#9748=LINE('',#9745,#9747);
#9749=EDGE_CURVE('',#9742,#9744,#9748,.T.);
#9750=ORIENTED_EDGE('',*,*,#9749,.T.);
#9751=CARTESIAN_POINT('',(-0.066929133858268,0.035433070866142,0.009842519685039));
#9752=VERTEX_POINT('',#9751);
#9753=CARTESIAN_POINT('',(-0.102362204724409,0.035433070866142,0.009842519685039));
#9754=DIRECTION('',(1.0,0.0,0.0));
#9755=VECTOR('',#9754,0.035433070866141);
#9756=LINE('',#9753,#9755);
#9757=EDGE_CURVE('',#9744,#9752,#9756,.T.);
#9758=ORIENTED_EDGE('',*,*,#9757,.T.);
#9759=CARTESIAN_POINT('',(-0.066929133858268,-0.035433070866142,0.009842519685039));
#9760=VERTEX_POINT('',#9759);
#9761=CARTESIAN_POINT('',(-0.066929133858268,0.035433070866142,0.009842519685039));
#9762=DIRECTION('',(0.0,-1.0,0.0));
#9763=VECTOR('',#9762,0.070866141732284);
#9764=LINE('',#9761,#9763);
#9765=EDGE_CURVE('',#9752,#9760,#9764,.T.);
#9766=ORIENTED_EDGE('',*,*,#9765,.T.);
#9767=CARTESIAN_POINT('',(-0.066929133858268,-0.035433070866142,0.009842519685039));
#9768=DIRECTION('',(-1.0,0.0,0.0));
#9769=VECTOR('',#9768,0.035433070866141);
#9770=LINE('',#9767,#9769);
#9771=EDGE_CURVE('',#9760,#9742,#9770,.T.);
#9772=ORIENTED_EDGE('',*,*,#9771,.T.);
#9773=EDGE_LOOP('',(#9750,#9758,#9766,#9772));
#9774=FACE_OUTER_BOUND('',#9773,.T.);
#9775=ADVANCED_FACE('',(#9774),#9740,.F.);
#9776=CARTESIAN_POINT('',(-0.134251968503937,-0.035433070866142,0.010334645669291));
#9777=DIRECTION('',(0.0,-1.0,0.0));
#9778=DIRECTION('',(0.0,0.0,-1.0));
#9779=AXIS2_PLACEMENT_3D('',#9776,#9777,#9778);
#9780=PLANE('',#9779);
#9781=CARTESIAN_POINT('',(-0.102362204724409,-0.035433070866142,0.003937007874016));
#9782=VERTEX_POINT('',#9781);
#9783=CARTESIAN_POINT('',(-0.102362204724409,-0.035433070866142,0.003937007874016));
#9784=DIRECTION('',(0.0,0.0,1.0));
#9785=VECTOR('',#9784,0.005905511811023);
#9786=LINE('',#9783,#9785);
#9787=EDGE_CURVE('',#9782,#9742,#9786,.T.);
#9788=ORIENTED_EDGE('',*,*,#9787,.T.);
#9789=ORIENTED_EDGE('',*,*,#9771,.F.);
#9790=CARTESIAN_POINT('',(-0.066929133858268,-0.035433070866142,0.003937007874016));
#9791=VERTEX_POINT('',#9790);
#9792=CARTESIAN_POINT('',(-0.066929133858268,-0.035433070866142,0.003937007874016));
#9793=DIRECTION('',(0.0,0.0,1.0));
#9794=VECTOR('',#9793,0.005905511811023);
#9795=LINE('',#9792,#9794);
#9796=EDGE_CURVE('',#9791,#9760,#9795,.T.);
#9797=ORIENTED_EDGE('',*,*,#9796,.F.);
#9798=CARTESIAN_POINT('',(-0.043307086614173,-0.035433070866142,0.003937007874016));
#9799=VERTEX_POINT('',#9798);
#9800=CARTESIAN_POINT('',(-0.043307086614173,-0.035433070866142,0.003937007874016));
#9801=DIRECTION('',(-1.0,0.0,0.0));
#9802=VECTOR('',#9801,0.023622047244095);
#9803=LINE('',#9800,#9802);
#9804=EDGE_CURVE('',#9799,#9791,#9803,.T.);
#9805=ORIENTED_EDGE('',*,*,#9804,.F.);
#9806=CARTESIAN_POINT('',(-0.043307086614173,-0.035433070866142,0.003937007874016));
#9807=DIRECTION('',(0.0,0.0,1.0));
#9808=VECTOR('',#9807,0.005905511811023);
#9809=LINE('',#9806,#9808);
#9810=EDGE_CURVE('',#9799,#9600,#9809,.T.);
#9811=ORIENTED_EDGE('',*,*,#9810,.T.);
#9812=ORIENTED_EDGE('',*,*,#9629,.F.);
#9813=ORIENTED_EDGE('',*,*,#9653,.F.);
#9814=CARTESIAN_POINT('',(0.066929133858268,-0.035433070866142,0.003937007874016));
#9815=DIRECTION('',(-1.0,0.0,0.0));
#9816=VECTOR('',#9815,0.023622047244095);
#9817=LINE('',#9814,#9816);
#9818=EDGE_CURVE('',#9711,#9642,#9817,.T.);
#9819=ORIENTED_EDGE('',*,*,#9818,.F.);
#9820=ORIENTED_EDGE('',*,*,#9731,.T.);
#9821=ORIENTED_EDGE('',*,*,#9700,.F.);
#9822=CARTESIAN_POINT('',(0.102362204724409,-0.035433070866142,0.003937007874016));
#9823=VERTEX_POINT('',#9822);
#9824=CARTESIAN_POINT('',(0.102362204724409,-0.035433070866142,0.003937007874016));
#9825=DIRECTION('',(0.0,0.0,1.0));
#9826=VECTOR('',#9825,0.005905511811023);
#9827=LINE('',#9824,#9826);
#9828=EDGE_CURVE('',#9823,#9689,#9827,.T.);
#9829=ORIENTED_EDGE('',*,*,#9828,.F.);
#9830=CARTESIAN_POINT('',(0.122047244094488,-0.035433070866142,0.003937007874016));
#9831=VERTEX_POINT('',#9830);
#9832=CARTESIAN_POINT('',(0.122047244094488,-0.035433070866142,0.003937007874016));
#9833=DIRECTION('',(-1.0,0.0,0.0));
#9834=VECTOR('',#9833,0.019685039370079);
#9835=LINE('',#9832,#9834);
#9836=EDGE_CURVE('',#9831,#9823,#9835,.T.);
#9837=ORIENTED_EDGE('',*,*,#9836,.F.);
#9838=CARTESIAN_POINT('',(0.122047244094488,-0.035433070866142,0.0));
#9839=DIRECTION('',(0.0,0.0,1.0));
#9840=VECTOR('',#9839,0.003937007874016);
#9841=LINE('',#9838,#9840);
#9842=EDGE_CURVE('',#9044,#9831,#9841,.T.);
#9843=ORIENTED_EDGE('',*,*,#9842,.F.);
#9844=ORIENTED_EDGE('',*,*,#9049,.F.);
#9845=CARTESIAN_POINT('',(-0.122047244094488,-0.035433070866142,0.003937007874016));
#9846=VERTEX_POINT('',#9845);
#9847=CARTESIAN_POINT('',(-0.122047244094488,-0.035433070866142,0.0));
#9848=DIRECTION('',(0.0,0.0,1.0));
#9849=VECTOR('',#9848,0.003937007874016);
#9850=LINE('',#9847,#9849);
#9851=EDGE_CURVE('',#9042,#9846,#9850,.T.);
#9852=ORIENTED_EDGE('',*,*,#9851,.T.);
#9853=CARTESIAN_POINT('',(-0.102362204724409,-0.035433070866142,0.003937007874016));
#9854=DIRECTION('',(-1.0,0.0,0.0));
#9855=VECTOR('',#9854,0.019685039370079);
#9856=LINE('',#9853,#9855);
#9857=EDGE_CURVE('',#9782,#9846,#9856,.T.);
#9858=ORIENTED_EDGE('',*,*,#9857,.F.);
#9859=EDGE_LOOP('',(#9788,#9789,#9797,#9805,#9811,#9812,#9813,#9819,#9820,#9821,#9829,#9837,#9843,#9844,#9852,#9858));
#9860=FACE_OUTER_BOUND('',#9859,.T.);
#9861=ADVANCED_FACE('',(#9860),#9780,.F.);
#9862=CARTESIAN_POINT('',(-0.066929133858268,-0.038976377952756,0.01013779527559));
#9863=DIRECTION('',(1.0,0.0,0.0));
#9864=DIRECTION('',(0.0,0.0,-1.0));
#9865=AXIS2_PLACEMENT_3D('',#9862,#9863,#9864);
#9866=PLANE('',#9865);
#9867=CARTESIAN_POINT('',(-0.066929133858268,0.035433070866142,0.003937007874016));
#9868=VERTEX_POINT('',#9867);
#9869=CARTESIAN_POINT('',(-0.066929133858268,0.035433070866142,0.003937007874016));
#9870=DIRECTION('',(0.0,-1.0,0.0));
#9871=VECTOR('',#9870,0.070866141732284);
#9872=LINE('',#9869,#9871);
#9873=EDGE_CURVE('',#9868,#9791,#9872,.T.);
#9874=ORIENTED_EDGE('',*,*,#9873,.T.);
#9875=ORIENTED_EDGE('',*,*,#9796,.T.);
#9876=ORIENTED_EDGE('',*,*,#9765,.F.);
#9877=CARTESIAN_POINT('',(-0.066929133858268,0.035433070866142,0.003937007874016));
#9878=DIRECTION('',(0.0,0.0,1.0));
#9879=VECTOR('',#9878,0.005905511811023);
#9880=LINE('',#9877,#9879);
#9881=EDGE_CURVE('',#9868,#9752,#9880,.T.);
#9882=ORIENTED_EDGE('',*,*,#9881,.F.);
#9883=EDGE_LOOP('',(#9874,#9875,#9876,#9882));
#9884=FACE_OUTER_BOUND('',#9883,.T.);
#9885=ADVANCED_FACE('',(#9884),#9866,.F.);
#9886=CARTESIAN_POINT('',(-0.043307086614173,-0.038976377952756,0.003641732283465));
#9887=DIRECTION('',(-1.0,0.0,0.0));
#9888=DIRECTION('',(0.0,0.0,1.0));
#9889=AXIS2_PLACEMENT_3D('',#9886,#9887,#9888);
#9890=PLANE('',#9889);
#9891=CARTESIAN_POINT('',(-0.043307086614173,0.035433070866142,0.003937007874016));
#9892=VERTEX_POINT('',#9891);
#9893=CARTESIAN_POINT('',(-0.043307086614173,-0.035433070866142,0.003937007874016));
#9894=DIRECTION('',(0.0,1.0,0.0));
#9895=VECTOR('',#9894,0.070866141732284);
#9896=LINE('',#9893,#9895);
#9897=EDGE_CURVE('',#9799,#9892,#9896,.T.);
#9898=ORIENTED_EDGE('',*,*,#9897,.T.);
#9899=CARTESIAN_POINT('',(-0.043307086614173,0.035433070866142,0.003937007874016));
#9900=DIRECTION('',(0.0,0.0,1.0));
#9901=VECTOR('',#9900,0.005905511811023);
#9902=LINE('',#9899,#9901);
#9903=EDGE_CURVE('',#9892,#9602,#9902,.T.);
#9904=ORIENTED_EDGE('',*,*,#9903,.T.);
#9905=ORIENTED_EDGE('',*,*,#9607,.F.);
#9906=ORIENTED_EDGE('',*,*,#9810,.F.);
#9907=EDGE_LOOP('',(#9898,#9904,#9905,#9906));
#9908=FACE_OUTER_BOUND('',#9907,.T.);
#9909=ADVANCED_FACE('',(#9908),#9890,.F.);
#9910=CARTESIAN_POINT('',(0.102362204724409,-0.038976377952756,0.01013779527559));
#9911=DIRECTION('',(1.0,0.0,0.0));
#9912=DIRECTION('',(0.0,0.0,-1.0));
#9913=AXIS2_PLACEMENT_3D('',#9910,#9911,#9912);
#9914=PLANE('',#9913);
#9915=CARTESIAN_POINT('',(0.102362204724409,0.035433070866142,0.003937007874016));
#9916=VERTEX_POINT('',#9915);
#9917=CARTESIAN_POINT('',(0.102362204724409,0.035433070866142,0.003937007874016));
#9918=DIRECTION('',(0.0,-1.0,0.0));
#9919=VECTOR('',#9918,0.070866141732284);
#9920=LINE('',#9917,#9919);
#9921=EDGE_CURVE('',#9916,#9823,#9920,.T.);
#9922=ORIENTED_EDGE('',*,*,#9921,.T.);
#9923=ORIENTED_EDGE('',*,*,#9828,.T.);
#9924=ORIENTED_EDGE('',*,*,#9694,.F.);
#9925=CARTESIAN_POINT('',(0.102362204724409,0.035433070866142,0.003937007874016));
#9926=DIRECTION('',(0.0,0.0,1.0));
#9927=VECTOR('',#9926,0.005905511811023);
#9928=LINE('',#9925,#9927);
#9929=EDGE_CURVE('',#9916,#9681,#9928,.T.);
#9930=ORIENTED_EDGE('',*,*,#9929,.F.);
#9931=EDGE_LOOP('',(#9922,#9923,#9924,#9930));
#9932=FACE_OUTER_BOUND('',#9931,.T.);
#9933=ADVANCED_FACE('',(#9932),#9914,.F.);
#9934=CARTESIAN_POINT('',(-0.134251968503937,0.035433070866142,-0.000492125984252));
#9935=DIRECTION('',(0.0,1.0,0.0));
#9936=DIRECTION('',(0.0,0.0,1.0));
#9937=AXIS2_PLACEMENT_3D('',#9934,#9935,#9936);
#9938=PLANE('',#9937);
#9939=ORIENTED_EDGE('',*,*,#9881,.T.);
#9940=ORIENTED_EDGE('',*,*,#9757,.F.);
#9941=CARTESIAN_POINT('',(-0.102362204724409,0.035433070866142,0.003937007874016));
#9942=VERTEX_POINT('',#9941);
#9943=CARTESIAN_POINT('',(-0.102362204724409,0.035433070866142,0.003937007874016));
#9944=DIRECTION('',(0.0,0.0,1.0));
#9945=VECTOR('',#9944,0.005905511811023);
#9946=LINE('',#9943,#9945);
#9947=EDGE_CURVE('',#9942,#9744,#9946,.T.);
#9948=ORIENTED_EDGE('',*,*,#9947,.F.);
#9949=CARTESIAN_POINT('',(-0.122047244094488,0.035433070866142,0.003937007874016));
#9950=VERTEX_POINT('',#9949);
#9951=CARTESIAN_POINT('',(-0.122047244094488,0.035433070866142,0.003937007874016));
#9952=DIRECTION('',(1.0,0.0,0.0));
#9953=VECTOR('',#9952,0.019685039370079);
#9954=LINE('',#9951,#9953);
#9955=EDGE_CURVE('',#9950,#9942,#9954,.T.);
#9956=ORIENTED_EDGE('',*,*,#9955,.F.);
#9957=CARTESIAN_POINT('',(-0.122047244094488,0.035433070866142,0.0));
#9958=DIRECTION('',(0.0,0.0,1.0));
#9959=VECTOR('',#9958,0.003937007874016);
#9960=LINE('',#9957,#9959);
#9961=EDGE_CURVE('',#9060,#9950,#9960,.T.);
#9962=ORIENTED_EDGE('',*,*,#9961,.F.);
#9963=ORIENTED_EDGE('',*,*,#9065,.F.);
#9964=CARTESIAN_POINT('',(0.122047244094488,0.035433070866142,0.003937007874016));
#9965=VERTEX_POINT('',#9964);
#9966=CARTESIAN_POINT('',(0.122047244094488,0.035433070866142,0.0));
#9967=DIRECTION('',(0.0,0.0,1.0));
#9968=VECTOR('',#9967,0.003937007874016);
#9969=LINE('',#9966,#9968);
#9970=EDGE_CURVE('',#9052,#9965,#9969,.T.);
#9971=ORIENTED_EDGE('',*,*,#9970,.T.);
#9972=CARTESIAN_POINT('',(0.102362204724409,0.035433070866142,0.003937007874016));
#9973=DIRECTION('',(1.0,0.0,0.0));
#9974=VECTOR('',#9973,0.019685039370079);
#9975=LINE('',#9972,#9974);
#9976=EDGE_CURVE('',#9916,#9965,#9975,.T.);
#9977=ORIENTED_EDGE('',*,*,#9976,.F.);
#9978=ORIENTED_EDGE('',*,*,#9929,.T.);
#9979=ORIENTED_EDGE('',*,*,#9686,.F.);
#9980=ORIENTED_EDGE('',*,*,#9724,.F.);
#9981=CARTESIAN_POINT('',(0.043307086614173,0.035433070866142,0.003937007874016));
#9982=DIRECTION('',(1.0,0.0,0.0));
#9983=VECTOR('',#9982,0.023622047244095);
#9984=LINE('',#9981,#9983);
#9985=EDGE_CURVE('',#9640,#9713,#9984,.T.);
#9986=ORIENTED_EDGE('',*,*,#9985,.F.);
#9987=ORIENTED_EDGE('',*,*,#9660,.T.);
#9988=ORIENTED_EDGE('',*,*,#9615,.F.);
#9989=ORIENTED_EDGE('',*,*,#9903,.F.);
#9990=CARTESIAN_POINT('',(-0.066929133858268,0.035433070866142,0.003937007874016));
#9991=DIRECTION('',(1.0,0.0,0.0));
#9992=VECTOR('',#9991,0.023622047244095);
#9993=LINE('',#9990,#9992);
#9994=EDGE_CURVE('',#9868,#9892,#9993,.T.);
#9995=ORIENTED_EDGE('',*,*,#9994,.F.);
#9996=EDGE_LOOP('',(#9939,#9940,#9948,#9956,#9962,#9963,#9971,#9977,#9978,#9979,#9980,#9986,#9987,#9988,#9989,#9995));
#9997=FACE_OUTER_BOUND('',#9996,.T.);
#9998=ADVANCED_FACE('',(#9997),#9938,.F.);
#9999=CARTESIAN_POINT('',(-0.102362204724409,-0.038976377952756,0.003641732283465));
#10000=DIRECTION('',(-1.0,0.0,0.0));
#10001=DIRECTION('',(0.0,0.0,1.0));
#10002=AXIS2_PLACEMENT_3D('',#9999,#10000,#10001);
#10003=PLANE('',#10002);
#10004=CARTESIAN_POINT('',(-0.102362204724409,-0.035433070866142,0.003937007874016));
#10005=DIRECTION('',(0.0,1.0,0.0));
#10006=VECTOR('',#10005,0.070866141732284);
#10007=LINE('',#10004,#10006);
#10008=EDGE_CURVE('',#9782,#9942,#10007,.T.);
#10009=ORIENTED_EDGE('',*,*,#10008,.T.);
#10010=ORIENTED_EDGE('',*,*,#9947,.T.);
#10011=ORIENTED_EDGE('',*,*,#9749,.F.);
#10012=ORIENTED_EDGE('',*,*,#9787,.F.);
#10013=EDGE_LOOP('',(#10009,#10010,#10011,#10012));
#10014=FACE_OUTER_BOUND('',#10013,.T.);
#10015=ADVANCED_FACE('',(#10014),#10003,.F.);
#10016=CARTESIAN_POINT('',(-0.122047244094488,-0.038976377952756,-0.000196850393701));
#10017=DIRECTION('',(-1.0,0.0,0.0));
#10018=DIRECTION('',(0.0,0.0,1.0));
#10019=AXIS2_PLACEMENT_3D('',#10016,#10017,#10018);
#10020=PLANE('',#10019);
#10021=CARTESIAN_POINT('',(-0.122047244094488,-0.035433070866142,0.003937007874016));
#10022=DIRECTION('',(0.0,1.0,0.0));
#10023=VECTOR('',#10022,0.070866141732284);
#10024=LINE('',#10021,#10023);
#10025=EDGE_CURVE('',#9846,#9950,#10024,.T.);
#10026=ORIENTED_EDGE('',*,*,#10025,.F.);
#10027=ORIENTED_EDGE('',*,*,#9851,.F.);
#10028=ORIENTED_EDGE('',*,*,#9071,.F.);
#10029=ORIENTED_EDGE('',*,*,#9961,.T.);
#10030=EDGE_LOOP('',(#10026,#10027,#10028,#10029));
#10031=FACE_OUTER_BOUND('',#10030,.T.);
#10032=ADVANCED_FACE('',(#10031),#10020,.F.);
#10033=CARTESIAN_POINT('',(0.122047244094488,-0.038976377952756,0.004133858267717));
#10034=DIRECTION('',(1.0,0.0,0.0));
#10035=DIRECTION('',(0.0,0.0,-1.0));
#10036=AXIS2_PLACEMENT_3D('',#10033,#10034,#10035);
#10037=PLANE('',#10036);
#10038=CARTESIAN_POINT('',(0.122047244094488,0.035433070866142,0.003937007874016));
#10039=DIRECTION('',(0.0,-1.0,0.0));
#10040=VECTOR('',#10039,0.070866141732284);
#10041=LINE('',#10038,#10040);
#10042=EDGE_CURVE('',#9965,#9831,#10041,.T.);
#10043=ORIENTED_EDGE('',*,*,#10042,.F.);
#10044=ORIENTED_EDGE('',*,*,#9970,.F.);
#10045=ORIENTED_EDGE('',*,*,#9057,.F.);
#10046=ORIENTED_EDGE('',*,*,#9842,.T.);
#10047=EDGE_LOOP('',(#10043,#10044,#10045,#10046));
#10048=FACE_OUTER_BOUND('',#10047,.T.);
#10049=ADVANCED_FACE('',(#10048),#10037,.F.);
#10050=CARTESIAN_POINT('',(-0.123031496062992,-0.038976377952756,0.003937007874016));
#10051=DIRECTION('',(0.0,0.0,1.0));
#10052=DIRECTION('',(1.0,0.0,0.0));
#10053=AXIS2_PLACEMENT_3D('',#10050,#10051,#10052);
#10054=PLANE('',#10053);
#10055=ORIENTED_EDGE('',*,*,#10008,.F.);
#10056=ORIENTED_EDGE('',*,*,#9857,.T.);
#10057=ORIENTED_EDGE('',*,*,#10025,.T.);
#10058=ORIENTED_EDGE('',*,*,#9955,.T.);
#10059=EDGE_LOOP('',(#10055,#10056,#10057,#10058));
#10060=FACE_OUTER_BOUND('',#10059,.T.);
#10061=ADVANCED_FACE('',(#10060),#10054,.F.);
#10062=CARTESIAN_POINT('',(-0.068110236220473,-0.038976377952756,0.003937007874016));
#10063=DIRECTION('',(0.0,0.0,1.0));
#10064=DIRECTION('',(1.0,0.0,0.0));
#10065=AXIS2_PLACEMENT_3D('',#10062,#10063,#10064);
#10066=PLANE('',#10065);
#10067=ORIENTED_EDGE('',*,*,#9873,.F.);
#10068=ORIENTED_EDGE('',*,*,#9994,.T.);
#10069=ORIENTED_EDGE('',*,*,#9897,.F.);
#10070=ORIENTED_EDGE('',*,*,#9804,.T.);
#10071=EDGE_LOOP('',(#10067,#10068,#10069,#10070));
#10072=FACE_OUTER_BOUND('',#10071,.T.);
#10073=ADVANCED_FACE('',(#10072),#10066,.F.);
#10074=CARTESIAN_POINT('',(0.101377952755905,-0.038976377952756,0.003937007874016));
#10075=DIRECTION('',(0.0,0.0,1.0));
#10076=DIRECTION('',(1.0,0.0,0.0));
#10077=AXIS2_PLACEMENT_3D('',#10074,#10075,#10076);
#10078=PLANE('',#10077);
#10079=ORIENTED_EDGE('',*,*,#9921,.F.);
#10080=ORIENTED_EDGE('',*,*,#9976,.T.);
#10081=ORIENTED_EDGE('',*,*,#10042,.T.);
#10082=ORIENTED_EDGE('',*,*,#9836,.T.);
#10083=EDGE_LOOP('',(#10079,#10080,#10081,#10082));
#10084=FACE_OUTER_BOUND('',#10083,.T.);
#10085=ADVANCED_FACE('',(#10084),#10078,.F.);
#10086=CARTESIAN_POINT('',(0.042125984251968,-0.038976377952756,0.003937007874016));
#10087=DIRECTION('',(0.0,0.0,1.0));
#10088=DIRECTION('',(1.0,0.0,0.0));
#10089=AXIS2_PLACEMENT_3D('',#10086,#10087,#10088);
#10090=PLANE('',#10089);
#10091=ORIENTED_EDGE('',*,*,#9718,.F.);
#10092=ORIENTED_EDGE('',*,*,#9818,.T.);
#10093=ORIENTED_EDGE('',*,*,#9647,.F.);
#10094=ORIENTED_EDGE('',*,*,#9985,.T.);
#10095=EDGE_LOOP('',(#10091,#10092,#10093,#10094));
#10096=FACE_OUTER_BOUND('',#10095,.T.);
#10097=ADVANCED_FACE('',(#10096),#10090,.F.);
#10098=CARTESIAN_POINT('',(0.089517716535433,0.08759842519685,0.06732283464567));
#10099=DIRECTION('',(0.0,-1.0,0.0));
#10100=DIRECTION('',(0.0,0.0,-1.0));
#10101=AXIS2_PLACEMENT_3D('',#10098,#10099,#10100);
#10102=PLANE('',#10101);
#10103=CARTESIAN_POINT('',(0.131889763779528,0.08759842519685,0.066929133858268));
#10104=VERTEX_POINT('',#10103);
#10105=CARTESIAN_POINT('',(0.131889763779528,0.08759842519685,0.059055118110236));
#10106=VERTEX_POINT('',#10105);
#10107=CARTESIAN_POINT('',(0.131889763779528,0.08759842519685,0.066929133858268));
#10108=DIRECTION('',(0.0,0.0,-1.0));
#10109=VECTOR('',#10108,0.007874015748032);
#10110=LINE('',#10107,#10109);
#10111=EDGE_CURVE('',#10104,#10106,#10110,.T.);
#10112=ORIENTED_EDGE('',*,*,#10111,.T.);
#10113=CARTESIAN_POINT('',(0.091535433070866,0.08759842519685,0.059055118110236));
#10114=VERTEX_POINT('',#10113);
#10115=CARTESIAN_POINT('',(0.091535433070866,0.08759842519685,0.059055118110236));
#10116=DIRECTION('',(1.0,0.0,0.0));
#10117=VECTOR('',#10116,0.040354330708662);
#10118=LINE('',#10115,#10117);
#10119=EDGE_CURVE('',#10114,#10106,#10118,.T.);
#10120=ORIENTED_EDGE('',*,*,#10119,.F.);
#10121=CARTESIAN_POINT('',(0.091535433070866,0.08759842519685,0.066929133858268));
#10122=VERTEX_POINT('',#10121);
#10123=CARTESIAN_POINT('',(0.091535433070866,0.08759842519685,0.066929133858268));
#10124=DIRECTION('',(0.0,0.0,-1.0));
#10125=VECTOR('',#10124,0.007874015748032);
#10126=LINE('',#10123,#10125);
#10127=EDGE_CURVE('',#10122,#10114,#10126,.T.);
#10128=ORIENTED_EDGE('',*,*,#10127,.F.);
#10129=CARTESIAN_POINT('',(0.124015748031496,0.08759842519685,0.066929133858268));
#10130=VERTEX_POINT('',#10129);
#10131=CARTESIAN_POINT('',(0.124015748031496,0.08759842519685,0.066929133858268));
#10132=DIRECTION('',(-1.0,0.0,0.0));
#10133=VECTOR('',#10132,0.03248031496063);
#10134=LINE('',#10131,#10133);
#10135=EDGE_CURVE('',#10130,#10122,#10134,.T.);
#10136=ORIENTED_EDGE('',*,*,#10135,.F.);
#10137=CARTESIAN_POINT('',(0.131889763779528,0.08759842519685,0.066929133858268));
#10138=DIRECTION('',(-1.0,0.0,0.0));
#10139=VECTOR('',#10138,0.007874015748032);
#10140=LINE('',#10137,#10139);
#10141=EDGE_CURVE('',#10104,#10130,#10140,.T.);
#10142=ORIENTED_EDGE('',*,*,#10141,.F.);
#10143=EDGE_LOOP('',(#10112,#10120,#10128,#10136,#10142));
#10144=FACE_OUTER_BOUND('',#10143,.T.);
#10145=ADVANCED_FACE('',(#10144),#10102,.F.);
#10146=CARTESIAN_POINT('',(0.091535433070866,0.085777559055118,0.058661417322834));
#10147=DIRECTION('',(-1.0,0.0,0.0));
#10148=DIRECTION('',(0.0,0.0,1.0));
#10149=AXIS2_PLACEMENT_3D('',#10146,#10147,#10148);
#10150=PLANE('',#10149);
#10151=CARTESIAN_POINT('',(0.091535433070866,0.124015748031496,0.059055118110236));
#10152=VERTEX_POINT('',#10151);
#10153=CARTESIAN_POINT('',(0.091535433070866,0.124015748031496,0.059055118110236));
#10154=DIRECTION('',(0.0,-1.0,0.0));
#10155=VECTOR('',#10154,0.036417322834646);
#10156=LINE('',#10153,#10155);
#10157=EDGE_CURVE('',#10152,#10114,#10156,.T.);
#10158=ORIENTED_EDGE('',*,*,#10157,.F.);
#10159=CARTESIAN_POINT('',(0.091535433070866,0.124015748031496,0.066929133858268));
#10160=VERTEX_POINT('',#10159);
#10161=CARTESIAN_POINT('',(0.091535433070866,0.124015748031496,0.066929133858268));
#10162=DIRECTION('',(0.0,0.0,-1.0));
#10163=VECTOR('',#10162,0.007874015748032);
#10164=LINE('',#10161,#10163);
#10165=EDGE_CURVE('',#10160,#10152,#10164,.T.);
#10166=ORIENTED_EDGE('',*,*,#10165,.F.);
#10167=CARTESIAN_POINT('',(0.091535433070866,0.08759842519685,0.066929133858268));
#10168=DIRECTION('',(0.0,1.0,0.0));
#10169=VECTOR('',#10168,0.036417322834646);
#10170=LINE('',#10167,#10169);
#10171=EDGE_CURVE('',#10122,#10160,#10170,.T.);
#10172=ORIENTED_EDGE('',*,*,#10171,.F.);
#10173=ORIENTED_EDGE('',*,*,#10127,.T.);
#10174=EDGE_LOOP('',(#10158,#10166,#10172,#10173));
#10175=FACE_OUTER_BOUND('',#10174,.T.);
#10176=ADVANCED_FACE('',(#10175),#10150,.F.);
#10177=CARTESIAN_POINT('',(-0.091535433070866,0.085777559055118,0.06732283464567));
#10178=DIRECTION('',(1.0,0.0,0.0));
#10179=DIRECTION('',(0.0,0.0,-1.0));
#10180=AXIS2_PLACEMENT_3D('',#10177,#10178,#10179);
#10181=PLANE('',#10180);
#10182=CARTESIAN_POINT('',(-0.091535433070866,0.08759842519685,0.059055118110236));
#10183=VERTEX_POINT('',#10182);
#10184=CARTESIAN_POINT('',(-0.091535433070866,0.124015748031496,0.059055118110236));
#10185=VERTEX_POINT('',#10184);
#10186=CARTESIAN_POINT('',(-0.091535433070866,0.08759842519685,0.059055118110236));
#10187=DIRECTION('',(0.0,1.0,0.0));
#10188=VECTOR('',#10187,0.036417322834646);
#10189=LINE('',#10186,#10188);
#10190=EDGE_CURVE('',#10183,#10185,#10189,.T.);
#10191=ORIENTED_EDGE('',*,*,#10190,.F.);
#10192=CARTESIAN_POINT('',(-0.091535433070866,0.08759842519685,0.066929133858268));
#10193=VERTEX_POINT('',#10192);
#10194=CARTESIAN_POINT('',(-0.091535433070866,0.08759842519685,0.066929133858268));
#10195=DIRECTION('',(0.0,0.0,-1.0));
#10196=VECTOR('',#10195,0.007874015748032);
#10197=LINE('',#10194,#10196);
#10198=EDGE_CURVE('',#10193,#10183,#10197,.T.);
#10199=ORIENTED_EDGE('',*,*,#10198,.F.);
#10200=CARTESIAN_POINT('',(-0.091535433070866,0.124015748031496,0.066929133858268));
#10201=VERTEX_POINT('',#10200);
#10202=CARTESIAN_POINT('',(-0.091535433070866,0.124015748031496,0.066929133858268));
#10203=DIRECTION('',(0.0,-1.0,0.0));
#10204=VECTOR('',#10203,0.036417322834646);
#10205=LINE('',#10202,#10204);
#10206=EDGE_CURVE('',#10201,#10193,#10205,.T.);
#10207=ORIENTED_EDGE('',*,*,#10206,.F.);
#10208=CARTESIAN_POINT('',(-0.091535433070866,0.124015748031496,0.059055118110236));
#10209=DIRECTION('',(0.0,0.0,1.0));
#10210=VECTOR('',#10209,0.007874015748032);
#10211=LINE('',#10208,#10210);
#10212=EDGE_CURVE('',#10185,#10201,#10211,.T.);
#10213=ORIENTED_EDGE('',*,*,#10212,.F.);
#10214=EDGE_LOOP('',(#10191,#10199,#10207,#10213));
#10215=FACE_OUTER_BOUND('',#10214,.T.);
#10216=ADVANCED_FACE('',(#10215),#10181,.F.);
#10217=CARTESIAN_POINT('',(-0.133907480314961,0.08759842519685,0.06732283464567));
#10218=DIRECTION('',(0.0,-1.0,0.0));
#10219=DIRECTION('',(0.0,0.0,-1.0));
#10220=AXIS2_PLACEMENT_3D('',#10217,#10218,#10219);
#10221=PLANE('',#10220);
#10222=CARTESIAN_POINT('',(-0.131889763779528,0.08759842519685,0.059055118110236));
#10223=VERTEX_POINT('',#10222);
#10224=CARTESIAN_POINT('',(-0.131889763779528,0.08759842519685,0.066929133858268));
#10225=VERTEX_POINT('',#10224);
#10226=CARTESIAN_POINT('',(-0.131889763779528,0.08759842519685,0.059055118110236));
#10227=DIRECTION('',(0.0,0.0,1.0));
#10228=VECTOR('',#10227,0.007874015748032);
#10229=LINE('',#10226,#10228);
#10230=EDGE_CURVE('',#10223,#10225,#10229,.T.);
#10231=ORIENTED_EDGE('',*,*,#10230,.T.);
#10232=CARTESIAN_POINT('',(-0.124015748031496,0.08759842519685,0.066929133858268));
#10233=VERTEX_POINT('',#10232);
#10234=CARTESIAN_POINT('',(-0.124015748031496,0.08759842519685,0.066929133858268));
#10235=DIRECTION('',(-1.0,0.0,0.0));
#10236=VECTOR('',#10235,0.007874015748032);
#10237=LINE('',#10234,#10236);
#10238=EDGE_CURVE('',#10233,#10225,#10237,.T.);
#10239=ORIENTED_EDGE('',*,*,#10238,.F.);
#10240=CARTESIAN_POINT('',(-0.091535433070866,0.08759842519685,0.066929133858268));
#10241=DIRECTION('',(-1.0,0.0,0.0));
#10242=VECTOR('',#10241,0.03248031496063);
#10243=LINE('',#10240,#10242);
#10244=EDGE_CURVE('',#10193,#10233,#10243,.T.);
#10245=ORIENTED_EDGE('',*,*,#10244,.F.);
#10246=ORIENTED_EDGE('',*,*,#10198,.T.);
#10247=CARTESIAN_POINT('',(-0.131889763779528,0.08759842519685,0.059055118110236));
#10248=DIRECTION('',(1.0,0.0,0.0));
#10249=VECTOR('',#10248,0.040354330708662);
#10250=LINE('',#10247,#10249);
#10251=EDGE_CURVE('',#10223,#10183,#10250,.T.);
#10252=ORIENTED_EDGE('',*,*,#10251,.F.);
#10253=EDGE_LOOP('',(#10231,#10239,#10245,#10246,#10252));
#10254=FACE_OUTER_BOUND('',#10253,.T.);
#10255=ADVANCED_FACE('',(#10254),#10221,.F.);
#10256=CARTESIAN_POINT('',(-0.133907480314961,-0.08759842519685,0.058661417322834));
#10257=DIRECTION('',(0.0,1.0,0.0));
#10258=DIRECTION('',(0.0,0.0,1.0));
#10259=AXIS2_PLACEMENT_3D('',#10256,#10257,#10258);
#10260=PLANE('',#10259);
#10261=CARTESIAN_POINT('',(-0.131889763779528,-0.08759842519685,0.066929133858268));
#10262=VERTEX_POINT('',#10261);
#10263=CARTESIAN_POINT('',(-0.131889763779528,-0.08759842519685,0.059055118110236));
#10264=VERTEX_POINT('',#10263);
#10265=CARTESIAN_POINT('',(-0.131889763779528,-0.08759842519685,0.066929133858268));
#10266=DIRECTION('',(0.0,0.0,-1.0));
#10267=VECTOR('',#10266,0.007874015748032);
#10268=LINE('',#10265,#10267);
#10269=EDGE_CURVE('',#10262,#10264,#10268,.T.);
#10270=ORIENTED_EDGE('',*,*,#10269,.T.);
#10271=CARTESIAN_POINT('',(-0.091535433070866,-0.08759842519685,0.059055118110236));
#10272=VERTEX_POINT('',#10271);
#10273=CARTESIAN_POINT('',(-0.091535433070866,-0.08759842519685,0.059055118110236));
#10274=DIRECTION('',(-1.0,0.0,0.0));
#10275=VECTOR('',#10274,0.040354330708662);
#10276=LINE('',#10273,#10275);
#10277=EDGE_CURVE('',#10272,#10264,#10276,.T.);
#10278=ORIENTED_EDGE('',*,*,#10277,.F.);
#10279=CARTESIAN_POINT('',(-0.091535433070866,-0.08759842519685,0.066929133858268));
#10280=VERTEX_POINT('',#10279);
#10281=CARTESIAN_POINT('',(-0.091535433070866,-0.08759842519685,0.066929133858268));
#10282=DIRECTION('',(0.0,0.0,-1.0));
#10283=VECTOR('',#10282,0.007874015748032);
#10284=LINE('',#10281,#10283);
#10285=EDGE_CURVE('',#10280,#10272,#10284,.T.);
#10286=ORIENTED_EDGE('',*,*,#10285,.F.);
#10287=CARTESIAN_POINT('',(-0.124015748031496,-0.08759842519685,0.066929133858268));
#10288=VERTEX_POINT('',#10287);
#10289=CARTESIAN_POINT('',(-0.124015748031496,-0.08759842519685,0.066929133858268));
#10290=DIRECTION('',(1.0,0.0,0.0));
#10291=VECTOR('',#10290,0.03248031496063);
#10292=LINE('',#10289,#10291);
#10293=EDGE_CURVE('',#10288,#10280,#10292,.T.);
#10294=ORIENTED_EDGE('',*,*,#10293,.F.);
#10295=CARTESIAN_POINT('',(-0.131889763779528,-0.08759842519685,0.066929133858268));
#10296=DIRECTION('',(1.0,0.0,0.0));
#10297=VECTOR('',#10296,0.007874015748032);
#10298=LINE('',#10295,#10297);
#10299=EDGE_CURVE('',#10262,#10288,#10298,.T.);
#10300=ORIENTED_EDGE('',*,*,#10299,.F.);
#10301=EDGE_LOOP('',(#10270,#10278,#10286,#10294,#10300));
#10302=FACE_OUTER_BOUND('',#10301,.T.);
#10303=ADVANCED_FACE('',(#10302),#10260,.F.);
#10304=CARTESIAN_POINT('',(-0.091535433070866,-0.125836614173228,0.06732283464567));
#10305=DIRECTION('',(1.0,0.0,0.0));
#10306=DIRECTION('',(0.0,0.0,-1.0));
#10307=AXIS2_PLACEMENT_3D('',#10304,#10305,#10306);
#10308=PLANE('',#10307);
#10309=CARTESIAN_POINT('',(-0.091535433070866,-0.124015748031496,0.059055118110236));
#10310=VERTEX_POINT('',#10309);
#10311=CARTESIAN_POINT('',(-0.091535433070866,-0.124015748031496,0.059055118110236));
#10312=DIRECTION('',(0.0,1.0,0.0));
#10313=VECTOR('',#10312,0.036417322834646);
#10314=LINE('',#10311,#10313);
#10315=EDGE_CURVE('',#10310,#10272,#10314,.T.);
#10316=ORIENTED_EDGE('',*,*,#10315,.F.);
#10317=CARTESIAN_POINT('',(-0.091535433070866,-0.124015748031496,0.066929133858268));
#10318=VERTEX_POINT('',#10317);
#10319=CARTESIAN_POINT('',(-0.091535433070866,-0.124015748031496,0.066929133858268));
#10320=DIRECTION('',(0.0,0.0,-1.0));
#10321=VECTOR('',#10320,0.007874015748032);
#10322=LINE('',#10319,#10321);
#10323=EDGE_CURVE('',#10318,#10310,#10322,.T.);
#10324=ORIENTED_EDGE('',*,*,#10323,.F.);
#10325=CARTESIAN_POINT('',(-0.091535433070866,-0.08759842519685,0.066929133858268));
#10326=DIRECTION('',(0.0,-1.0,0.0));
#10327=VECTOR('',#10326,0.036417322834646);
#10328=LINE('',#10325,#10327);
#10329=EDGE_CURVE('',#10280,#10318,#10328,.T.);
#10330=ORIENTED_EDGE('',*,*,#10329,.F.);
#10331=ORIENTED_EDGE('',*,*,#10285,.T.);
#10332=EDGE_LOOP('',(#10316,#10324,#10330,#10331));
#10333=FACE_OUTER_BOUND('',#10332,.T.);
#10334=ADVANCED_FACE('',(#10333),#10308,.F.);
#10335=CARTESIAN_POINT('',(0.091535433070866,-0.125836614173228,0.058661417322834));
#10336=DIRECTION('',(-1.0,0.0,0.0));
#10337=DIRECTION('',(0.0,0.0,1.0));
#10338=AXIS2_PLACEMENT_3D('',#10335,#10336,#10337);
#10339=PLANE('',#10338);
#10340=CARTESIAN_POINT('',(0.091535433070866,-0.08759842519685,0.059055118110236));
#10341=VERTEX_POINT('',#10340);
#10342=CARTESIAN_POINT('',(0.091535433070866,-0.124015748031496,0.059055118110236));
#10343=VERTEX_POINT('',#10342);
#10344=CARTESIAN_POINT('',(0.091535433070866,-0.08759842519685,0.059055118110236));
#10345=DIRECTION('',(0.0,-1.0,0.0));
#10346=VECTOR('',#10345,0.036417322834646);
#10347=LINE('',#10344,#10346);
#10348=EDGE_CURVE('',#10341,#10343,#10347,.T.);
#10349=ORIENTED_EDGE('',*,*,#10348,.F.);
#10350=CARTESIAN_POINT('',(0.091535433070866,-0.08759842519685,0.066929133858268));
#10351=VERTEX_POINT('',#10350);
#10352=CARTESIAN_POINT('',(0.091535433070866,-0.08759842519685,0.066929133858268));
#10353=DIRECTION('',(0.0,0.0,-1.0));
#10354=VECTOR('',#10353,0.007874015748032);
#10355=LINE('',#10352,#10354);
#10356=EDGE_CURVE('',#10351,#10341,#10355,.T.);
#10357=ORIENTED_EDGE('',*,*,#10356,.F.);
#10358=CARTESIAN_POINT('',(0.091535433070866,-0.124015748031496,0.066929133858268));
#10359=VERTEX_POINT('',#10358);
#10360=CARTESIAN_POINT('',(0.091535433070866,-0.124015748031496,0.066929133858268));
#10361=DIRECTION('',(0.0,1.0,0.0));
#10362=VECTOR('',#10361,0.036417322834646);
#10363=LINE('',#10360,#10362);
#10364=EDGE_CURVE('',#10359,#10351,#10363,.T.);
#10365=ORIENTED_EDGE('',*,*,#10364,.F.);
#10366=CARTESIAN_POINT('',(0.091535433070866,-0.124015748031496,0.059055118110236));
#10367=DIRECTION('',(0.0,0.0,1.0));
#10368=VECTOR('',#10367,0.007874015748032);
#10369=LINE('',#10366,#10368);
#10370=EDGE_CURVE('',#10343,#10359,#10369,.T.);
#10371=ORIENTED_EDGE('',*,*,#10370,.F.);
#10372=EDGE_LOOP('',(#10349,#10357,#10365,#10371));
#10373=FACE_OUTER_BOUND('',#10372,.T.);
#10374=ADVANCED_FACE('',(#10373),#10339,.F.);
#10375=CARTESIAN_POINT('',(-0.145078740157481,0.124015748031496,-0.014271653543307));
#10376=DIRECTION('',(0.0,1.0,0.0));
#10377=DIRECTION('',(0.0,0.0,1.0));
#10378=AXIS2_PLACEMENT_3D('',#10375,#10376,#10377);
#10379=PLANE('',#10378);
#10380=CARTESIAN_POINT('',(0.124015748031496,0.124015748031496,0.059055118110236));
#10381=VERTEX_POINT('',#10380);
#10382=CARTESIAN_POINT('',(0.131889763779528,0.124015748031496,0.059055118110236));
#10383=VERTEX_POINT('',#10382);
#10384=CARTESIAN_POINT('',(0.124015748031496,0.124015748031496,0.059055118110236));
#10385=DIRECTION('',(1.0,0.0,0.0));
#10386=VECTOR('',#10385,0.007874015748032);
#10387=LINE('',#10384,#10386);
#10388=EDGE_CURVE('',#10381,#10383,#10387,.T.);
#10389=ORIENTED_EDGE('',*,*,#10388,.T.);
#10390=CARTESIAN_POINT('',(0.131889763779528,0.124015748031496,0.033464566929134));
#10391=VERTEX_POINT('',#10390);
#10392=CARTESIAN_POINT('',(0.131889763779528,0.124015748031496,0.059055118110236));
#10393=DIRECTION('',(0.0,0.0,-1.0));
#10394=VECTOR('',#10393,0.025590551181102);
#10395=LINE('',#10392,#10394);
#10396=EDGE_CURVE('',#10383,#10391,#10395,.T.);
#10397=ORIENTED_EDGE('',*,*,#10396,.T.);
#10398=CARTESIAN_POINT('',(0.118110236220472,0.124015748031496,0.033464566929134));
#10399=VERTEX_POINT('',#10398);
#10400=CARTESIAN_POINT('',(0.131889763779528,0.124015748031496,0.033464566929134));
#10401=DIRECTION('',(-1.0,0.0,0.0));
#10402=VECTOR('',#10401,0.013779527559056);
#10403=LINE('',#10400,#10402);
#10404=EDGE_CURVE('',#10391,#10399,#10403,.T.);
#10405=ORIENTED_EDGE('',*,*,#10404,.T.);
#10406=CARTESIAN_POINT('',(0.118110236220472,0.124015748031496,-0.009842519685039));
#10407=VERTEX_POINT('',#10406);
#10408=CARTESIAN_POINT('',(0.118110236220472,0.124015748031496,0.033464566929134));
#10409=DIRECTION('',(0.0,0.0,-1.0));
#10410=VECTOR('',#10409,0.043307086614173);
#10411=LINE('',#10408,#10410);
#10412=EDGE_CURVE('',#10399,#10407,#10411,.T.);
#10413=ORIENTED_EDGE('',*,*,#10412,.T.);
#10414=CARTESIAN_POINT('',(0.090551181102362,0.124015748031496,-0.009842519685039));
#10415=VERTEX_POINT('',#10414);
#10416=CARTESIAN_POINT('',(0.118110236220472,0.124015748031496,-0.009842519685039));
#10417=DIRECTION('',(-1.0,0.0,0.0));
#10418=VECTOR('',#10417,0.02755905511811);
#10419=LINE('',#10416,#10418);
#10420=EDGE_CURVE('',#10407,#10415,#10419,.T.);
#10421=ORIENTED_EDGE('',*,*,#10420,.T.);
#10422=CARTESIAN_POINT('',(0.090551181102362,0.124015748031496,0.0));
#10423=DIRECTION('',(0.0,0.0,-1.0));
#10424=VECTOR('',#10423,0.009842519685039);
#10425=LINE('',#10422,#10424);
#10426=EDGE_CURVE('',#8946,#10415,#10425,.T.);
#10427=ORIENTED_EDGE('',*,*,#10426,.F.);
#10428=ORIENTED_EDGE('',*,*,#8951,.F.);
#10429=CARTESIAN_POINT('',(-0.090551181102362,0.124015748031496,-0.009842519685039));
#10430=VERTEX_POINT('',#10429);
#10431=CARTESIAN_POINT('',(-0.090551181102362,0.124015748031496,0.0));
#10432=DIRECTION('',(0.0,0.0,-1.0));
#10433=VECTOR('',#10432,0.009842519685039);
#10434=LINE('',#10431,#10433);
#10435=EDGE_CURVE('',#8938,#10430,#10434,.T.);
#10436=ORIENTED_EDGE('',*,*,#10435,.T.);
#10437=CARTESIAN_POINT('',(-0.118110236220472,0.124015748031496,-0.009842519685039));
#10438=VERTEX_POINT('',#10437);
#10439=CARTESIAN_POINT('',(-0.090551181102362,0.124015748031496,-0.009842519685039));
#10440=DIRECTION('',(-1.0,0.0,0.0));
#10441=VECTOR('',#10440,0.02755905511811);
#10442=LINE('',#10439,#10441);
#10443=EDGE_CURVE('',#10430,#10438,#10442,.T.);
#10444=ORIENTED_EDGE('',*,*,#10443,.T.);
#10445=CARTESIAN_POINT('',(-0.118110236220472,0.124015748031496,0.033464566929134));
#10446=VERTEX_POINT('',#10445);
#10447=CARTESIAN_POINT('',(-0.118110236220472,0.124015748031496,-0.009842519685039));
#10448=DIRECTION('',(0.0,0.0,1.0));
#10449=VECTOR('',#10448,0.043307086614173);
#10450=LINE('',#10447,#10449);
#10451=EDGE_CURVE('',#10438,#10446,#10450,.T.);
#10452=ORIENTED_EDGE('',*,*,#10451,.T.);
#10453=CARTESIAN_POINT('',(-0.131889763779528,0.124015748031496,0.033464566929134));
#10454=VERTEX_POINT('',#10453);
#10455=CARTESIAN_POINT('',(-0.118110236220472,0.124015748031496,0.033464566929134));
#10456=DIRECTION('',(-1.0,0.0,0.0));
#10457=VECTOR('',#10456,0.013779527559056);
#10458=LINE('',#10455,#10457);
#10459=EDGE_CURVE('',#10446,#10454,#10458,.T.);
#10460=ORIENTED_EDGE('',*,*,#10459,.T.);
#10461=CARTESIAN_POINT('',(-0.131889763779528,0.124015748031496,0.059055118110236));
#10462=VERTEX_POINT('',#10461);
#10463=CARTESIAN_POINT('',(-0.131889763779528,0.124015748031496,0.033464566929134));
#10464=DIRECTION('',(0.0,0.0,1.0));
#10465=VECTOR('',#10464,0.025590551181102);
#10466=LINE('',#10463,#10465);
#10467=EDGE_CURVE('',#10454,#10462,#10466,.T.);
#10468=ORIENTED_EDGE('',*,*,#10467,.T.);
#10469=CARTESIAN_POINT('',(-0.124015748031496,0.124015748031496,0.059055118110236));
#10470=VERTEX_POINT('',#10469);
#10471=CARTESIAN_POINT('',(-0.131889763779528,0.124015748031496,0.059055118110236));
#10472=DIRECTION('',(1.0,0.0,0.0));
#10473=VECTOR('',#10472,0.007874015748032);
#10474=LINE('',#10471,#10473);
#10475=EDGE_CURVE('',#10462,#10470,#10474,.T.);
#10476=ORIENTED_EDGE('',*,*,#10475,.T.);
#10477=CARTESIAN_POINT('',(-0.124015748031496,0.124015748031496,0.078740157480315));
#10478=DIRECTION('',(0.0,0.0,-1.0));
#10479=VECTOR('',#10478,0.019685039370079);
#10480=LINE('',#10477,#10479);
#10481=EDGE_CURVE('',#5422,#10470,#10480,.T.);
#10482=ORIENTED_EDGE('',*,*,#10481,.F.);
#10483=ORIENTED_EDGE('',*,*,#5427,.F.);
#10484=CARTESIAN_POINT('',(-0.070866141732283,0.124015748031496,0.066929133858268));
#10485=VERTEX_POINT('',#10484);
#10486=CARTESIAN_POINT('',(-0.070866141732283,0.124015748031496,0.078740157480315));
#10487=DIRECTION('',(0.0,0.0,-1.0));
#10488=VECTOR('',#10487,0.011811023622047);
#10489=LINE('',#10486,#10488);
#10490=EDGE_CURVE('',#5414,#10485,#10489,.T.);
#10491=ORIENTED_EDGE('',*,*,#10490,.T.);
#10492=CARTESIAN_POINT('',(-0.082677165354331,0.124015748031496,0.066929133858268));
#10493=DIRECTION('',(1.0,0.0,0.0));
#10494=VECTOR('',#10493,0.011811023622048);
#10495=LINE('',#10492,#10494);
#10496=EDGE_CURVE('',#9422,#10485,#10495,.T.);
#10497=ORIENTED_EDGE('',*,*,#10496,.F.);
#10498=ORIENTED_EDGE('',*,*,#9427,.T.);
#10499=ORIENTED_EDGE('',*,*,#9462,.T.);
#10500=ORIENTED_EDGE('',*,*,#9486,.T.);
#10501=ORIENTED_EDGE('',*,*,#9510,.T.);
#10502=ORIENTED_EDGE('',*,*,#9534,.T.);
#10503=ORIENTED_EDGE('',*,*,#9558,.T.);
#10504=ORIENTED_EDGE('',*,*,#9582,.T.);
#10505=CARTESIAN_POINT('',(0.070866141732283,0.124015748031496,0.066929133858268));
#10506=VERTEX_POINT('',#10505);
#10507=CARTESIAN_POINT('',(0.070866141732283,0.124015748031496,0.066929133858268));
#10508=DIRECTION('',(1.0,0.0,0.0));
#10509=VECTOR('',#10508,0.011811023622048);
#10510=LINE('',#10507,#10509);
#10511=EDGE_CURVE('',#10506,#9571,#10510,.T.);
#10512=ORIENTED_EDGE('',*,*,#10511,.F.);
#10513=CARTESIAN_POINT('',(0.070866141732283,0.124015748031496,0.078740157480315));
#10514=DIRECTION('',(0.0,0.0,-1.0));
#10515=VECTOR('',#10514,0.011811023622047);
#10516=LINE('',#10513,#10515);
#10517=EDGE_CURVE('',#5559,#10506,#10516,.T.);
#10518=ORIENTED_EDGE('',*,*,#10517,.F.);
#10519=ORIENTED_EDGE('',*,*,#5564,.F.);
#10520=CARTESIAN_POINT('',(0.124015748031496,0.124015748031496,0.078740157480315));
#10521=DIRECTION('',(0.0,0.0,-1.0));
#10522=VECTOR('',#10521,0.019685039370079);
#10523=LINE('',#10520,#10522);
#10524=EDGE_CURVE('',#5551,#10381,#10523,.T.);
#10525=ORIENTED_EDGE('',*,*,#10524,.T.);
#10526=EDGE_LOOP('',(#10389,#10397,#10405,#10413,#10421,#10427,#10428,#10436,#10444,#10452,#10460,#10468,#10476,#10482,#10483,#10491,#10497,#10498,#10499,#10500,#10501,#10502,#10503,#10504,#10512,#10518,#10519,#10525));
#10527=FACE_OUTER_BOUND('',#10526,.T.);
#10528=CARTESIAN_POINT('',(-0.09251968503937,0.124015748031496,0.059055118110236));
#10529=VERTEX_POINT('',#10528);
#10530=CARTESIAN_POINT('',(-0.09251968503937,0.124015748031496,0.059055118110236));
#10531=DIRECTION('',(1.0,0.0,0.0));
#10532=VECTOR('',#10531,0.000984251968504);
#10533=LINE('',#10530,#10532);
#10534=EDGE_CURVE('',#10529,#10185,#10533,.T.);
#10535=ORIENTED_EDGE('',*,*,#10534,.T.);
#10536=ORIENTED_EDGE('',*,*,#10212,.T.);
#10537=CARTESIAN_POINT('',(-0.09251968503937,0.124015748031496,0.066929133858268));
#10538=VERTEX_POINT('',#10537);
#10539=CARTESIAN_POINT('',(-0.091535433070866,0.124015748031496,0.066929133858268));
#10540=DIRECTION('',(-1.0,0.0,0.0));
#10541=VECTOR('',#10540,0.000984251968504);
#10542=LINE('',#10539,#10541);
#10543=EDGE_CURVE('',#10201,#10538,#10542,.T.);
#10544=ORIENTED_EDGE('',*,*,#10543,.T.);
#10545=CARTESIAN_POINT('',(-0.09251968503937,0.124015748031496,0.066929133858268));
#10546=DIRECTION('',(0.0,0.0,-1.0));
#10547=VECTOR('',#10546,0.007874015748032);
#10548=LINE('',#10545,#10547);
#10549=EDGE_CURVE('',#10538,#10529,#10548,.T.);
#10550=ORIENTED_EDGE('',*,*,#10549,.T.);
#10551=EDGE_LOOP('',(#10535,#10536,#10544,#10550));
#10552=FACE_BOUND('',#10551,.T.);
#10553=CARTESIAN_POINT('',(0.09251968503937,0.124015748031496,0.066929133858268));
#10554=VERTEX_POINT('',#10553);
#10555=CARTESIAN_POINT('',(0.09251968503937,0.124015748031496,0.059055118110236));
#10556=VERTEX_POINT('',#10555);
#10557=CARTESIAN_POINT('',(0.09251968503937,0.124015748031496,0.066929133858268));
#10558=DIRECTION('',(0.0,0.0,-1.0));
#10559=VECTOR('',#10558,0.007874015748032);
#10560=LINE('',#10557,#10559);
#10561=EDGE_CURVE('',#10554,#10556,#10560,.T.);
#10562=ORIENTED_EDGE('',*,*,#10561,.F.);
#10563=CARTESIAN_POINT('',(0.09251968503937,0.124015748031496,0.066929133858268));
#10564=DIRECTION('',(-1.0,0.0,0.0));
#10565=VECTOR('',#10564,0.000984251968504);
#10566=LINE('',#10563,#10565);
#10567=EDGE_CURVE('',#10554,#10160,#10566,.T.);
#10568=ORIENTED_EDGE('',*,*,#10567,.T.);
#10569=ORIENTED_EDGE('',*,*,#10165,.T.);
#10570=CARTESIAN_POINT('',(0.091535433070866,0.124015748031496,0.059055118110236));
#10571=DIRECTION('',(1.0,0.0,0.0));
#10572=VECTOR('',#10571,0.000984251968504);
#10573=LINE('',#10570,#10572);
#10574=EDGE_CURVE('',#10152,#10556,#10573,.T.);
#10575=ORIENTED_EDGE('',*,*,#10574,.T.);
#10576=EDGE_LOOP('',(#10562,#10568,#10569,#10575));
#10577=FACE_BOUND('',#10576,.T.);
#10578=ADVANCED_FACE('',(#10527,#10552,#10577),#10379,.T.);
#10579=CARTESIAN_POINT('',(0.105807086614173,0.05994094488189,0.033464566929134));
#10580=DIRECTION('',(0.0,0.0,1.0));
#10581=DIRECTION('',(1.0,0.0,0.0));
#10582=AXIS2_PLACEMENT_3D('',#10579,#10580,#10581);
#10583=PLANE('',#10582);
#10584=CARTESIAN_POINT('',(0.118110236220472,0.062992125984252,0.033464566929134));
#10585=VERTEX_POINT('',#10584);
#10586=CARTESIAN_POINT('',(0.118110236220472,0.062992125984252,0.033464566929134));
#10587=DIRECTION('',(0.0,1.0,0.0));
#10588=VECTOR('',#10587,0.061023622047244);
#10589=LINE('',#10586,#10588);
#10590=EDGE_CURVE('',#10585,#10399,#10589,.T.);
#10591=ORIENTED_EDGE('',*,*,#10590,.T.);
#10592=ORIENTED_EDGE('',*,*,#10404,.F.);
#10593=CARTESIAN_POINT('',(0.131889763779528,0.109842519685039,0.033464566929134));
#10594=VERTEX_POINT('',#10593);
#10595=CARTESIAN_POINT('',(0.131889763779528,0.124015748031496,0.033464566929134));
#10596=DIRECTION('',(0.0,-1.0,0.0));
#10597=VECTOR('',#10596,0.014173228346457);
#10598=LINE('',#10595,#10597);
#10599=EDGE_CURVE('',#10391,#10594,#10598,.T.);
#10600=ORIENTED_EDGE('',*,*,#10599,.T.);
#10601=CARTESIAN_POINT('',(0.340551181102362,0.109842519685039,0.033464566929134));
#10602=VERTEX_POINT('',#10601);
#10603=CARTESIAN_POINT('',(0.131889763779528,0.109842519685039,0.033464566929134));
#10604=DIRECTION('',(1.0,0.0,0.0));
#10605=VECTOR('',#10604,0.208661417322834);
#10606=LINE('',#10603,#10605);
#10607=EDGE_CURVE('',#10594,#10602,#10606,.T.);
#10608=ORIENTED_EDGE('',*,*,#10607,.T.);
#10609=CARTESIAN_POINT('',(0.364173228346457,0.103937007874016,0.033464566929134));
#10610=VERTEX_POINT('',#10609);
#10611=CARTESIAN_POINT('',(0.340551181102362,0.109842519685039,0.033464566929134));
#10612=DIRECTION('',(0.970142500145332,-0.242535625036334,0.0));
#10613=VECTOR('',#10612,0.024349048970183);
#10614=LINE('',#10611,#10613);
#10615=EDGE_CURVE('',#10602,#10610,#10614,.T.);
#10616=ORIENTED_EDGE('',*,*,#10615,.T.);
#10617=CARTESIAN_POINT('',(0.364173228346457,0.096062992125984,0.033464566929134));
#10618=VERTEX_POINT('',#10617);
#10619=CARTESIAN_POINT('',(0.364173228346457,0.103937007874016,0.033464566929134));
#10620=DIRECTION('',(0.0,-1.0,0.0));
#10621=VECTOR('',#10620,0.007874015748032);
#10622=LINE('',#10619,#10621);
#10623=EDGE_CURVE('',#10610,#10618,#10622,.T.);
#10624=ORIENTED_EDGE('',*,*,#10623,.T.);
#10625=CARTESIAN_POINT('',(0.340551181102362,0.090157480314961,0.033464566929134));
#10626=VERTEX_POINT('',#10625);
#10627=CARTESIAN_POINT('',(0.364173228346457,0.096062992125984,0.033464566929134));
#10628=DIRECTION('',(-0.970142500145332,-0.242535625036331,0.0));
#10629=VECTOR('',#10628,0.024349048970183);
#10630=LINE('',#10627,#10629);
#10631=EDGE_CURVE('',#10618,#10626,#10630,.T.);
#10632=ORIENTED_EDGE('',*,*,#10631,.T.);
#10633=CARTESIAN_POINT('',(0.141732283464567,0.090157480314961,0.033464566929134));
#10634=VERTEX_POINT('',#10633);
#10635=CARTESIAN_POINT('',(0.340551181102362,0.090157480314961,0.033464566929134));
#10636=DIRECTION('',(-1.0,0.0,0.0));
#10637=VECTOR('',#10636,0.198818897637795);
#10638=LINE('',#10635,#10637);
#10639=EDGE_CURVE('',#10626,#10634,#10638,.T.);
#10640=ORIENTED_EDGE('',*,*,#10639,.T.);
#10641=CARTESIAN_POINT('',(0.141732283464567,0.062992125984252,0.033464566929134));
#10642=VERTEX_POINT('',#10641);
#10643=CARTESIAN_POINT('',(0.141732283464567,0.090157480314961,0.033464566929134));
#10644=DIRECTION('',(0.0,-1.0,0.0));
#10645=VECTOR('',#10644,0.027165354330709);
#10646=LINE('',#10643,#10645);
#10647=EDGE_CURVE('',#10634,#10642,#10646,.T.);
#10648=ORIENTED_EDGE('',*,*,#10647,.T.);
#10649=CARTESIAN_POINT('',(0.141732283464567,0.062992125984252,0.033464566929134));
#10650=DIRECTION('',(-1.0,0.0,0.0));
#10651=VECTOR('',#10650,0.023622047244095);
#10652=LINE('',#10649,#10651);
#10653=EDGE_CURVE('',#10642,#10585,#10652,.T.);
#10654=ORIENTED_EDGE('',*,*,#10653,.T.);
#10655=EDGE_LOOP('',(#10591,#10592,#10600,#10608,#10616,#10624,#10632,#10640,#10648,#10654));
#10656=FACE_OUTER_BOUND('',#10655,.T.);
#10657=ADVANCED_FACE('',(#10656),#10583,.F.);
#10658=CARTESIAN_POINT('',(0.118110236220472,0.05994094488189,-0.012007874015748));
#10659=DIRECTION('',(-1.0,0.0,0.0));
#10660=DIRECTION('',(0.0,0.0,1.0));
#10661=AXIS2_PLACEMENT_3D('',#10658,#10659,#10660);
#10662=PLANE('',#10661);
#10663=ORIENTED_EDGE('',*,*,#10590,.F.);
#10664=CARTESIAN_POINT('',(0.118110236220472,0.062992125984252,0.0));
#10665=DIRECTION('',(0.0,0.0,1.0));
#10666=VECTOR('',#10665,0.033464566929134);
#10667=LINE('',#10664,#10666);
#10668=EDGE_CURVE('',#8970,#10585,#10667,.T.);
#10669=ORIENTED_EDGE('',*,*,#10668,.F.);
#10670=ORIENTED_EDGE('',*,*,#8975,.F.);
#10671=CARTESIAN_POINT('',(0.118110236220472,0.084645669291339,-0.009842519685039));
#10672=VERTEX_POINT('',#10671);
#10673=CARTESIAN_POINT('',(0.118110236220472,0.084645669291339,0.0));
#10674=DIRECTION('',(0.0,0.0,-1.0));
#10675=VECTOR('',#10674,0.009842519685039);
#10676=LINE('',#10673,#10675);
#10677=EDGE_CURVE('',#8962,#10672,#10676,.T.);
#10678=ORIENTED_EDGE('',*,*,#10677,.T.);
#10679=CARTESIAN_POINT('',(0.118110236220472,0.084645669291339,-0.009842519685039));
#10680=DIRECTION('',(0.0,1.0,0.0));
#10681=VECTOR('',#10680,0.039370078740157);
#10682=LINE('',#10679,#10681);
#10683=EDGE_CURVE('',#10672,#10407,#10682,.T.);
#10684=ORIENTED_EDGE('',*,*,#10683,.T.);
#10685=ORIENTED_EDGE('',*,*,#10412,.F.);
#10686=EDGE_LOOP('',(#10663,#10669,#10670,#10678,#10684,#10685));
#10687=FACE_OUTER_BOUND('',#10686,.T.);
#10688=ADVANCED_FACE('',(#10687),#10662,.F.);
#10689=CARTESIAN_POINT('',(0.116732283464566,-0.062992125984252,-0.003346456692913));
#10690=DIRECTION('',(0.0,1.0,0.0));
#10691=DIRECTION('',(0.0,0.0,1.0));
#10692=AXIS2_PLACEMENT_3D('',#10689,#10690,#10691);
#10693=PLANE('',#10692);
#10694=CARTESIAN_POINT('',(0.118110236220472,-0.062992125984252,0.033464566929134));
#10695=VERTEX_POINT('',#10694);
#10696=CARTESIAN_POINT('',(0.141732283464567,-0.062992125984252,0.033464566929134));
#10697=VERTEX_POINT('',#10696);
#10698=CARTESIAN_POINT('',(0.118110236220472,-0.062992125984252,0.033464566929134));
#10699=DIRECTION('',(1.0,0.0,0.0));
#10700=VECTOR('',#10699,0.023622047244095);
#10701=LINE('',#10698,#10700);
#10702=EDGE_CURVE('',#10695,#10697,#10701,.T.);
#10703=ORIENTED_EDGE('',*,*,#10702,.F.);
#10704=CARTESIAN_POINT('',(0.118110236220472,-0.062992125984252,0.0));
#10705=DIRECTION('',(0.0,0.0,1.0));
#10706=VECTOR('',#10705,0.033464566929134);
#10707=LINE('',#10704,#10706);
#10708=EDGE_CURVE('',#8994,#10695,#10707,.T.);
#10709=ORIENTED_EDGE('',*,*,#10708,.F.);
#10710=ORIENTED_EDGE('',*,*,#8999,.F.);
#10711=CARTESIAN_POINT('',(0.145669291338583,-0.062992125984252,0.066929133858268));
#10712=VERTEX_POINT('',#10711);
#10713=CARTESIAN_POINT('',(0.145669291338583,-0.062992125984252,0.066929133858268));
#10714=DIRECTION('',(0.0,0.0,-1.0));
#10715=VECTOR('',#10714,0.066929133858268);
#10716=LINE('',#10713,#10715);
#10717=EDGE_CURVE('',#10712,#8986,#10716,.T.);
#10718=ORIENTED_EDGE('',*,*,#10717,.F.);
#10719=CARTESIAN_POINT('',(0.141732283464567,-0.062992125984252,0.066929133858268));
#10720=VERTEX_POINT('',#10719);
#10721=CARTESIAN_POINT('',(0.141732283464567,-0.062992125984252,0.066929133858268));
#10722=DIRECTION('',(1.0,0.0,0.0));
#10723=VECTOR('',#10722,0.003937007874016);
#10724=LINE('',#10721,#10723);
#10725=EDGE_CURVE('',#10720,#10712,#10724,.T.);
#10726=ORIENTED_EDGE('',*,*,#10725,.F.);
#10727=CARTESIAN_POINT('',(0.131889763779528,-0.062992125984252,0.066929133858268));
#10728=VERTEX_POINT('',#10727);
#10729=CARTESIAN_POINT('',(0.131889763779528,-0.062992125984252,0.066929133858268));
#10730=DIRECTION('',(1.0,0.0,0.0));
#10731=VECTOR('',#10730,0.009842519685039);
#10732=LINE('',#10729,#10731);
#10733=EDGE_CURVE('',#10728,#10720,#10732,.T.);
#10734=ORIENTED_EDGE('',*,*,#10733,.F.);
#10735=CARTESIAN_POINT('',(0.131889763779528,-0.062992125984252,0.045275590551181));
#10736=VERTEX_POINT('',#10735);
#10737=CARTESIAN_POINT('',(0.131889763779528,-0.062992125984252,0.066929133858268));
#10738=DIRECTION('',(0.0,0.0,-1.0));
#10739=VECTOR('',#10738,0.021653543307087);
#10740=LINE('',#10737,#10739);
#10741=EDGE_CURVE('',#10728,#10736,#10740,.T.);
#10742=ORIENTED_EDGE('',*,*,#10741,.T.);
#10743=CARTESIAN_POINT('',(0.141732283464567,-0.062992125984252,0.045275590551181));
#10744=VERTEX_POINT('',#10743);
#10745=CARTESIAN_POINT('',(0.131889763779528,-0.062992125984252,0.045275590551181));
#10746=DIRECTION('',(1.0,0.0,0.0));
#10747=VECTOR('',#10746,0.009842519685039);
#10748=LINE('',#10745,#10747);
#10749=EDGE_CURVE('',#10736,#10744,#10748,.T.);
#10750=ORIENTED_EDGE('',*,*,#10749,.T.);
#10751=CARTESIAN_POINT('',(0.141732283464567,-0.062992125984252,0.045275590551181));
#10752=DIRECTION('',(0.0,0.0,-1.0));
#10753=VECTOR('',#10752,0.011811023622047);
#10754=LINE('',#10751,#10753);
#10755=EDGE_CURVE('',#10744,#10697,#10754,.T.);
#10756=ORIENTED_EDGE('',*,*,#10755,.T.);
#10757=EDGE_LOOP('',(#10703,#10709,#10710,#10718,#10726,#10734,#10742,#10750,#10756));
#10758=FACE_OUTER_BOUND('',#10757,.T.);
#10759=ADVANCED_FACE('',(#10758),#10693,.F.);
#10760=CARTESIAN_POINT('',(0.118110236220472,-0.127066929133858,-0.012007874015748));
#10761=DIRECTION('',(-1.0,0.0,0.0));
#10762=DIRECTION('',(0.0,0.0,1.0));
#10763=AXIS2_PLACEMENT_3D('',#10760,#10761,#10762);
#10764=PLANE('',#10763);
#10765=CARTESIAN_POINT('',(0.118110236220472,-0.124015748031496,0.033464566929134));
#10766=VERTEX_POINT('',#10765);
#10767=CARTESIAN_POINT('',(0.118110236220472,-0.124015748031496,0.033464566929134));
#10768=DIRECTION('',(0.0,1.0,0.0));
#10769=VECTOR('',#10768,0.061023622047244);
#10770=LINE('',#10767,#10769);
#10771=EDGE_CURVE('',#10766,#10695,#10770,.T.);
#10772=ORIENTED_EDGE('',*,*,#10771,.F.);
#10773=CARTESIAN_POINT('',(0.118110236220472,-0.124015748031496,-0.009842519685039));
#10774=VERTEX_POINT('',#10773);
#10775=CARTESIAN_POINT('',(0.118110236220472,-0.124015748031496,-0.009842519685039));
#10776=DIRECTION('',(0.0,0.0,1.0));
#10777=VECTOR('',#10776,0.043307086614173);
#10778=LINE('',#10775,#10777);
#10779=EDGE_CURVE('',#10774,#10766,#10778,.T.);
#10780=ORIENTED_EDGE('',*,*,#10779,.F.);
#10781=CARTESIAN_POINT('',(0.118110236220472,-0.084645669291339,-0.009842519685039));
#10782=VERTEX_POINT('',#10781);
#10783=CARTESIAN_POINT('',(0.118110236220472,-0.124015748031496,-0.009842519685039));
#10784=DIRECTION('',(0.0,1.0,0.0));
#10785=VECTOR('',#10784,0.039370078740157);
#10786=LINE('',#10783,#10785);
#10787=EDGE_CURVE('',#10774,#10782,#10786,.T.);
#10788=ORIENTED_EDGE('',*,*,#10787,.T.);
#10789=CARTESIAN_POINT('',(0.118110236220472,-0.084645669291339,0.0));
#10790=DIRECTION('',(0.0,0.0,-1.0));
#10791=VECTOR('',#10790,0.009842519685039);
#10792=LINE('',#10789,#10791);
#10793=EDGE_CURVE('',#9002,#10782,#10792,.T.);
#10794=ORIENTED_EDGE('',*,*,#10793,.F.);
#10795=ORIENTED_EDGE('',*,*,#9007,.F.);
#10796=ORIENTED_EDGE('',*,*,#10708,.T.);
#10797=EDGE_LOOP('',(#10772,#10780,#10788,#10794,#10795,#10796));
#10798=FACE_OUTER_BOUND('',#10797,.T.);
#10799=ADVANCED_FACE('',(#10798),#10764,.F.);
#10800=CARTESIAN_POINT('',(-0.118110236220472,-0.127066929133858,0.035629921259843));
#10801=DIRECTION('',(1.0,0.0,0.0));
#10802=DIRECTION('',(0.0,0.0,-1.0));
#10803=AXIS2_PLACEMENT_3D('',#10800,#10801,#10802);
#10804=PLANE('',#10803);
#10805=CARTESIAN_POINT('',(-0.118110236220472,-0.062992125984252,0.033464566929134));
#10806=VERTEX_POINT('',#10805);
#10807=CARTESIAN_POINT('',(-0.118110236220472,-0.124015748031496,0.033464566929134));
#10808=VERTEX_POINT('',#10807);
#10809=CARTESIAN_POINT('',(-0.118110236220472,-0.062992125984252,0.033464566929134));
#10810=DIRECTION('',(0.0,-1.0,0.0));
#10811=VECTOR('',#10810,0.061023622047244);
#10812=LINE('',#10809,#10811);
#10813=EDGE_CURVE('',#10806,#10808,#10812,.T.);
#10814=ORIENTED_EDGE('',*,*,#10813,.F.);
#10815=CARTESIAN_POINT('',(-0.118110236220472,-0.062992125984252,0.0));
#10816=DIRECTION('',(0.0,0.0,1.0));
#10817=VECTOR('',#10816,0.033464566929134);
#10818=LINE('',#10815,#10817);
#10819=EDGE_CURVE('',#8890,#10806,#10818,.T.);
#10820=ORIENTED_EDGE('',*,*,#10819,.F.);
#10821=ORIENTED_EDGE('',*,*,#8895,.F.);
#10822=CARTESIAN_POINT('',(-0.118110236220472,-0.084645669291339,-0.009842519685039));
#10823=VERTEX_POINT('',#10822);
#10824=CARTESIAN_POINT('',(-0.118110236220472,-0.084645669291339,0.0));
#10825=DIRECTION('',(0.0,0.0,-1.0));
#10826=VECTOR('',#10825,0.009842519685039);
#10827=LINE('',#10824,#10826);
#10828=EDGE_CURVE('',#8882,#10823,#10827,.T.);
#10829=ORIENTED_EDGE('',*,*,#10828,.T.);
#10830=CARTESIAN_POINT('',(-0.118110236220472,-0.124015748031496,-0.009842519685039));
#10831=VERTEX_POINT('',#10830);
#10832=CARTESIAN_POINT('',(-0.118110236220472,-0.084645669291339,-0.009842519685039));
#10833=DIRECTION('',(0.0,-1.0,0.0));
#10834=VECTOR('',#10833,0.039370078740157);
#10835=LINE('',#10832,#10834);
#10836=EDGE_CURVE('',#10823,#10831,#10835,.T.);
#10837=ORIENTED_EDGE('',*,*,#10836,.T.);
#10838=CARTESIAN_POINT('',(-0.118110236220472,-0.124015748031496,0.033464566929134));
#10839=DIRECTION('',(0.0,0.0,-1.0));
#10840=VECTOR('',#10839,0.043307086614173);
#10841=LINE('',#10838,#10840);
#10842=EDGE_CURVE('',#10808,#10831,#10841,.T.);
#10843=ORIENTED_EDGE('',*,*,#10842,.F.);
#10844=EDGE_LOOP('',(#10814,#10820,#10821,#10829,#10837,#10843));
#10845=FACE_OUTER_BOUND('',#10844,.T.);
#10846=ADVANCED_FACE('',(#10845),#10804,.F.);
#10847=CARTESIAN_POINT('',(-0.147047244094489,-0.062992125984252,-0.003346456692913));
#10848=DIRECTION('',(0.0,1.0,0.0));
#10849=DIRECTION('',(0.0,0.0,1.0));
#10850=AXIS2_PLACEMENT_3D('',#10847,#10848,#10849);
#10851=PLANE('',#10850);
#10852=CARTESIAN_POINT('',(-0.145669291338583,-0.062992125984252,0.066929133858268));
#10853=VERTEX_POINT('',#10852);
#10854=CARTESIAN_POINT('',(-0.145669291338583,-0.062992125984252,0.0));
#10855=DIRECTION('',(0.0,0.0,1.0));
#10856=VECTOR('',#10855,0.066929133858268);
#10857=LINE('',#10854,#10856);
#10858=EDGE_CURVE('',#8898,#10853,#10857,.T.);
#10859=ORIENTED_EDGE('',*,*,#10858,.F.);
#10860=ORIENTED_EDGE('',*,*,#8903,.F.);
#10861=ORIENTED_EDGE('',*,*,#10819,.T.);
#10862=CARTESIAN_POINT('',(-0.131889763779528,-0.062992125984252,0.033464566929134));
#10863=VERTEX_POINT('',#10862);
#10864=CARTESIAN_POINT('',(-0.131889763779528,-0.062992125984252,0.033464566929134));
#10865=DIRECTION('',(1.0,0.0,0.0));
#10866=VECTOR('',#10865,0.013779527559056);
#10867=LINE('',#10864,#10866);
#10868=EDGE_CURVE('',#10863,#10806,#10867,.T.);
#10869=ORIENTED_EDGE('',*,*,#10868,.F.);
#10870=CARTESIAN_POINT('',(-0.131889763779528,-0.062992125984252,0.066929133858268));
#10871=VERTEX_POINT('',#10870);
#10872=CARTESIAN_POINT('',(-0.131889763779528,-0.062992125984252,0.066929133858268));
#10873=DIRECTION('',(0.0,0.0,-1.0));
#10874=VECTOR('',#10873,0.033464566929134);
#10875=LINE('',#10872,#10874);
#10876=EDGE_CURVE('',#10871,#10863,#10875,.T.);
#10877=ORIENTED_EDGE('',*,*,#10876,.F.);
#10878=CARTESIAN_POINT('',(-0.141732283464567,-0.062992125984252,0.066929133858268));
#10879=VERTEX_POINT('',#10878);
#10880=CARTESIAN_POINT('',(-0.141732283464567,-0.062992125984252,0.066929133858268));
#10881=DIRECTION('',(1.0,0.0,0.0));
#10882=VECTOR('',#10881,0.009842519685039);
#10883=LINE('',#10880,#10882);
#10884=EDGE_CURVE('',#10879,#10871,#10883,.T.);
#10885=ORIENTED_EDGE('',*,*,#10884,.F.);
#10886=CARTESIAN_POINT('',(-0.145669291338583,-0.062992125984252,0.066929133858268));
#10887=DIRECTION('',(1.0,0.0,0.0));
#10888=VECTOR('',#10887,0.003937007874016);
#10889=LINE('',#10886,#10888);
#10890=EDGE_CURVE('',#10853,#10879,#10889,.T.);
#10891=ORIENTED_EDGE('',*,*,#10890,.F.);
#10892=EDGE_LOOP('',(#10859,#10860,#10861,#10869,#10877,#10885,#10891));
#10893=FACE_OUTER_BOUND('',#10892,.T.);
#10894=ADVANCED_FACE('',(#10893),#10851,.F.);
#10895=CARTESIAN_POINT('',(-0.147047244094489,0.062992125984252,0.070275590551181));
#10896=DIRECTION('',(0.0,-1.0,0.0));
#10897=DIRECTION('',(0.0,0.0,-1.0));
#10898=AXIS2_PLACEMENT_3D('',#10895,#10896,#10897);
#10899=PLANE('',#10898);
#10900=CARTESIAN_POINT('',(-0.118110236220472,0.062992125984252,0.033464566929134));
#10901=VERTEX_POINT('',#10900);
#10902=CARTESIAN_POINT('',(-0.131889763779528,0.062992125984252,0.033464566929134));
#10903=VERTEX_POINT('',#10902);
#10904=CARTESIAN_POINT('',(-0.118110236220472,0.062992125984252,0.033464566929134));
#10905=DIRECTION('',(-1.0,0.0,0.0));
#10906=VECTOR('',#10905,0.013779527559056);
#10907=LINE('',#10904,#10906);
#10908=EDGE_CURVE('',#10901,#10903,#10907,.T.);
#10909=ORIENTED_EDGE('',*,*,#10908,.F.);
#10910=CARTESIAN_POINT('',(-0.118110236220472,0.062992125984252,0.0));
#10911=DIRECTION('',(0.0,0.0,1.0));
#10912=VECTOR('',#10911,0.033464566929134);
#10913=LINE('',#10910,#10912);
#10914=EDGE_CURVE('',#8914,#10901,#10913,.T.);
#10915=ORIENTED_EDGE('',*,*,#10914,.F.);
#10916=ORIENTED_EDGE('',*,*,#8919,.F.);
#10917=CARTESIAN_POINT('',(-0.145669291338583,0.062992125984252,0.066929133858268));
#10918=VERTEX_POINT('',#10917);
#10919=CARTESIAN_POINT('',(-0.145669291338583,0.062992125984252,0.066929133858268));
#10920=DIRECTION('',(0.0,0.0,-1.0));
#10921=VECTOR('',#10920,0.066929133858268);
#10922=LINE('',#10919,#10921);
#10923=EDGE_CURVE('',#10918,#8906,#10922,.T.);
#10924=ORIENTED_EDGE('',*,*,#10923,.F.);
#10925=CARTESIAN_POINT('',(-0.141732283464567,0.062992125984252,0.066929133858268));
#10926=VERTEX_POINT('',#10925);
#10927=CARTESIAN_POINT('',(-0.141732283464567,0.062992125984252,0.066929133858268));
#10928=DIRECTION('',(-1.0,0.0,0.0));
#10929=VECTOR('',#10928,0.003937007874016);
#10930=LINE('',#10927,#10929);
#10931=EDGE_CURVE('',#10926,#10918,#10930,.T.);
#10932=ORIENTED_EDGE('',*,*,#10931,.F.);
#10933=CARTESIAN_POINT('',(-0.131889763779528,0.062992125984252,0.066929133858268));
#10934=VERTEX_POINT('',#10933);
#10935=CARTESIAN_POINT('',(-0.131889763779528,0.062992125984252,0.066929133858268));
#10936=DIRECTION('',(-1.0,0.0,0.0));
#10937=VECTOR('',#10936,0.009842519685039);
#10938=LINE('',#10935,#10937);
#10939=EDGE_CURVE('',#10934,#10926,#10938,.T.);
#10940=ORIENTED_EDGE('',*,*,#10939,.F.);
#10941=CARTESIAN_POINT('',(-0.131889763779528,0.062992125984252,0.066929133858268));
#10942=DIRECTION('',(0.0,0.0,-1.0));
#10943=VECTOR('',#10942,0.033464566929134);
#10944=LINE('',#10941,#10943);
#10945=EDGE_CURVE('',#10934,#10903,#10944,.T.);
#10946=ORIENTED_EDGE('',*,*,#10945,.T.);
#10947=EDGE_LOOP('',(#10909,#10915,#10916,#10924,#10932,#10940,#10946));
#10948=FACE_OUTER_BOUND('',#10947,.T.);
#10949=ADVANCED_FACE('',(#10948),#10899,.F.);
#10950=CARTESIAN_POINT('',(-0.118110236220472,0.05994094488189,0.035629921259843));
#10951=DIRECTION('',(1.0,0.0,0.0));
#10952=DIRECTION('',(0.0,0.0,-1.0));
#10953=AXIS2_PLACEMENT_3D('',#10950,#10951,#10952);
#10954=PLANE('',#10953);
#10955=CARTESIAN_POINT('',(-0.118110236220472,0.124015748031496,0.033464566929134));
#10956=DIRECTION('',(0.0,-1.0,0.0));
#10957=VECTOR('',#10956,0.061023622047244);
#10958=LINE('',#10955,#10957);
#10959=EDGE_CURVE('',#10446,#10901,#10958,.T.);
#10960=ORIENTED_EDGE('',*,*,#10959,.F.);
#10961=ORIENTED_EDGE('',*,*,#10451,.F.);
#10962=CARTESIAN_POINT('',(-0.118110236220472,0.084645669291339,-0.009842519685039));
#10963=VERTEX_POINT('',#10962);
#10964=CARTESIAN_POINT('',(-0.118110236220472,0.124015748031496,-0.009842519685039));
#10965=DIRECTION('',(0.0,-1.0,0.0));
#10966=VECTOR('',#10965,0.039370078740157);
#10967=LINE('',#10964,#10966);
#10968=EDGE_CURVE('',#10438,#10963,#10967,.T.);
#10969=ORIENTED_EDGE('',*,*,#10968,.T.);
#10970=CARTESIAN_POINT('',(-0.118110236220472,0.084645669291339,0.0));
#10971=DIRECTION('',(0.0,0.0,-1.0));
#10972=VECTOR('',#10971,0.009842519685039);
#10973=LINE('',#10970,#10972);
#10974=EDGE_CURVE('',#8922,#10963,#10973,.T.);
#10975=ORIENTED_EDGE('',*,*,#10974,.F.);
#10976=ORIENTED_EDGE('',*,*,#8927,.F.);
#10977=ORIENTED_EDGE('',*,*,#10914,.T.);
#10978=EDGE_LOOP('',(#10960,#10961,#10969,#10975,#10976,#10977));
#10979=FACE_OUTER_BOUND('',#10978,.T.);
#10980=ADVANCED_FACE('',(#10979),#10954,.F.);
#10981=CARTESIAN_POINT('',(-0.119488188976378,0.082677165354331,-0.009842519685039));
#10982=DIRECTION('',(0.0,0.0,1.0));
#10983=DIRECTION('',(1.0,0.0,0.0));
#10984=AXIS2_PLACEMENT_3D('',#10981,#10982,#10983);
#10985=PLANE('',#10984);
#10986=ORIENTED_EDGE('',*,*,#10968,.F.);
#10987=ORIENTED_EDGE('',*,*,#10443,.F.);
#10988=CARTESIAN_POINT('',(-0.090551181102362,0.084645669291339,-0.009842519685039));
#10989=VERTEX_POINT('',#10988);
#10990=CARTESIAN_POINT('',(-0.090551181102362,0.084645669291339,-0.009842519685039));
#10991=DIRECTION('',(0.0,1.0,0.0));
#10992=VECTOR('',#10991,0.039370078740157);
#10993=LINE('',#10990,#10992);
#10994=EDGE_CURVE('',#10989,#10430,#10993,.T.);
#10995=ORIENTED_EDGE('',*,*,#10994,.F.);
#10996=CARTESIAN_POINT('',(-0.118110236220472,0.084645669291339,-0.009842519685039));
#10997=DIRECTION('',(1.0,0.0,0.0));
#10998=VECTOR('',#10997,0.02755905511811);
#10999=LINE('',#10996,#10998);
#11000=EDGE_CURVE('',#10963,#10989,#10999,.T.);
#11001=ORIENTED_EDGE('',*,*,#11000,.F.);
#11002=EDGE_LOOP('',(#10986,#10987,#10995,#11001));
#11003=FACE_OUTER_BOUND('',#11002,.T.);
#11004=ADVANCED_FACE('',(#11003),#10985,.F.);
#11005=CARTESIAN_POINT('',(-0.090551181102362,0.082677165354331,0.000492125984252));
#11006=DIRECTION('',(1.0,0.0,0.0));
#11007=DIRECTION('',(0.0,0.0,-1.0));
#11008=AXIS2_PLACEMENT_3D('',#11005,#11006,#11007);
#11009=PLANE('',#11008);
#11010=ORIENTED_EDGE('',*,*,#10994,.T.);
#11011=ORIENTED_EDGE('',*,*,#10435,.F.);
#11012=ORIENTED_EDGE('',*,*,#8943,.F.);
#11013=CARTESIAN_POINT('',(-0.090551181102362,0.084645669291339,0.0));
#11014=DIRECTION('',(0.0,0.0,-1.0));
#11015=VECTOR('',#11014,0.009842519685039);
#11016=LINE('',#11013,#11015);
#11017=EDGE_CURVE('',#8930,#10989,#11016,.T.);
#11018=ORIENTED_EDGE('',*,*,#11017,.T.);
#11019=EDGE_LOOP('',(#11010,#11011,#11012,#11018));
#11020=FACE_OUTER_BOUND('',#11019,.T.);
#11021=ADVANCED_FACE('',(#11020),#11009,.T.);
#11022=CARTESIAN_POINT('',(-0.119488188976378,0.084645669291339,0.000492125984252));
#11023=DIRECTION('',(0.0,-1.0,0.0));
#11024=DIRECTION('',(0.0,0.0,-1.0));
#11025=AXIS2_PLACEMENT_3D('',#11022,#11023,#11024);
#11026=PLANE('',#11025);
#11027=ORIENTED_EDGE('',*,*,#11000,.T.);
#11028=ORIENTED_EDGE('',*,*,#11017,.F.);
#11029=ORIENTED_EDGE('',*,*,#8935,.F.);
#11030=ORIENTED_EDGE('',*,*,#10974,.T.);
#11031=EDGE_LOOP('',(#11027,#11028,#11029,#11030));
#11032=FACE_OUTER_BOUND('',#11031,.T.);
#11033=ADVANCED_FACE('',(#11032),#11026,.T.);
#11034=CARTESIAN_POINT('',(0.089173228346457,0.082677165354331,-0.009842519685039));
#11035=DIRECTION('',(0.0,0.0,1.0));
#11036=DIRECTION('',(1.0,0.0,0.0));
#11037=AXIS2_PLACEMENT_3D('',#11034,#11035,#11036);
#11038=PLANE('',#11037);
#11039=ORIENTED_EDGE('',*,*,#10420,.F.);
#11040=ORIENTED_EDGE('',*,*,#10683,.F.);
#11041=CARTESIAN_POINT('',(0.090551181102362,0.084645669291339,-0.009842519685039));
#11042=VERTEX_POINT('',#11041);
#11043=CARTESIAN_POINT('',(0.090551181102362,0.084645669291339,-0.009842519685039));
#11044=DIRECTION('',(1.0,0.0,0.0));
#11045=VECTOR('',#11044,0.02755905511811);
#11046=LINE('',#11043,#11045);
#11047=EDGE_CURVE('',#11042,#10672,#11046,.T.);
#11048=ORIENTED_EDGE('',*,*,#11047,.F.);
#11049=CARTESIAN_POINT('',(0.090551181102362,0.124015748031496,-0.009842519685039));
#11050=DIRECTION('',(0.0,-1.0,0.0));
#11051=VECTOR('',#11050,0.039370078740157);
#11052=LINE('',#11049,#11051);
#11053=EDGE_CURVE('',#10415,#11042,#11052,.T.);
#11054=ORIENTED_EDGE('',*,*,#11053,.F.);
#11055=EDGE_LOOP('',(#11039,#11040,#11048,#11054));
#11056=FACE_OUTER_BOUND('',#11055,.T.);
#11057=ADVANCED_FACE('',(#11056),#11038,.F.);
#11058=CARTESIAN_POINT('',(0.089173228346457,0.084645669291339,0.000492125984252));
#11059=DIRECTION('',(0.0,-1.0,0.0));
#11060=DIRECTION('',(0.0,0.0,-1.0));
#11061=AXIS2_PLACEMENT_3D('',#11058,#11059,#11060);
#11062=PLANE('',#11061);
#11063=ORIENTED_EDGE('',*,*,#11047,.T.);
#11064=ORIENTED_EDGE('',*,*,#10677,.F.);
#11065=ORIENTED_EDGE('',*,*,#8967,.F.);
#11066=CARTESIAN_POINT('',(0.090551181102362,0.084645669291339,0.0));
#11067=DIRECTION('',(0.0,0.0,-1.0));
#11068=VECTOR('',#11067,0.009842519685039);
#11069=LINE('',#11066,#11068);
#11070=EDGE_CURVE('',#8954,#11042,#11069,.T.);
#11071=ORIENTED_EDGE('',*,*,#11070,.T.);
#11072=EDGE_LOOP('',(#11063,#11064,#11065,#11071));
#11073=FACE_OUTER_BOUND('',#11072,.T.);
#11074=ADVANCED_FACE('',(#11073),#11062,.T.);
#11075=CARTESIAN_POINT('',(0.090551181102362,0.082677165354331,-0.010334645669291));
#11076=DIRECTION('',(-1.0,0.0,0.0));
#11077=DIRECTION('',(0.0,0.0,1.0));
#11078=AXIS2_PLACEMENT_3D('',#11075,#11076,#11077);
#11079=PLANE('',#11078);
#11080=ORIENTED_EDGE('',*,*,#11053,.T.);
#11081=ORIENTED_EDGE('',*,*,#11070,.F.);
#11082=ORIENTED_EDGE('',*,*,#8959,.F.);
#11083=ORIENTED_EDGE('',*,*,#10426,.T.);
#11084=EDGE_LOOP('',(#11080,#11081,#11082,#11083));
#11085=FACE_OUTER_BOUND('',#11084,.T.);
#11086=ADVANCED_FACE('',(#11085),#11079,.T.);
#11087=CARTESIAN_POINT('',(0.089173228346457,-0.125984251968504,-0.009842519685039));
#11088=DIRECTION('',(0.0,0.0,1.0));
#11089=DIRECTION('',(1.0,0.0,0.0));
#11090=AXIS2_PLACEMENT_3D('',#11087,#11088,#11089);
#11091=PLANE('',#11090);
#11092=ORIENTED_EDGE('',*,*,#10787,.F.);
#11093=CARTESIAN_POINT('',(0.090551181102362,-0.124015748031496,-0.009842519685039));
#11094=VERTEX_POINT('',#11093);
#11095=CARTESIAN_POINT('',(0.090551181102362,-0.124015748031496,-0.009842519685039));
#11096=DIRECTION('',(1.0,0.0,0.0));
#11097=VECTOR('',#11096,0.02755905511811);
#11098=LINE('',#11095,#11097);
#11099=EDGE_CURVE('',#11094,#10774,#11098,.T.);
#11100=ORIENTED_EDGE('',*,*,#11099,.F.);
#11101=CARTESIAN_POINT('',(0.090551181102362,-0.084645669291339,-0.009842519685039));
#11102=VERTEX_POINT('',#11101);
#11103=CARTESIAN_POINT('',(0.090551181102362,-0.084645669291339,-0.009842519685039));
#11104=DIRECTION('',(0.0,-1.0,0.0));
#11105=VECTOR('',#11104,0.039370078740157);
#11106=LINE('',#11103,#11105);
#11107=EDGE_CURVE('',#11102,#11094,#11106,.T.);
#11108=ORIENTED_EDGE('',*,*,#11107,.F.);
#11109=CARTESIAN_POINT('',(0.118110236220472,-0.084645669291339,-0.009842519685039));
#11110=DIRECTION('',(-1.0,0.0,0.0));
#11111=VECTOR('',#11110,0.02755905511811);
#11112=LINE('',#11109,#11111);
#11113=EDGE_CURVE('',#10782,#11102,#11112,.T.);
#11114=ORIENTED_EDGE('',*,*,#11113,.F.);
#11115=EDGE_LOOP('',(#11092,#11100,#11108,#11114));
#11116=FACE_OUTER_BOUND('',#11115,.T.);
#11117=ADVANCED_FACE('',(#11116),#11091,.F.);
#11118=CARTESIAN_POINT('',(0.090551181102362,-0.125984251968504,-0.010334645669291));
#11119=DIRECTION('',(-1.0,0.0,0.0));
#11120=DIRECTION('',(0.0,0.0,1.0));
#11121=AXIS2_PLACEMENT_3D('',#11118,#11119,#11120);
#11122=PLANE('',#11121);
#11123=ORIENTED_EDGE('',*,*,#11107,.T.);
#11124=CARTESIAN_POINT('',(0.090551181102362,-0.124015748031496,0.0));
#11125=DIRECTION('',(0.0,0.0,-1.0));
#11126=VECTOR('',#11125,0.009842519685039);
#11127=LINE('',#11124,#11126);
#11128=EDGE_CURVE('',#9018,#11094,#11127,.T.);
#11129=ORIENTED_EDGE('',*,*,#11128,.F.);
#11130=ORIENTED_EDGE('',*,*,#9023,.F.);
#11131=CARTESIAN_POINT('',(0.090551181102362,-0.084645669291339,0.0));
#11132=DIRECTION('',(0.0,0.0,-1.0));
#11133=VECTOR('',#11132,0.009842519685039);
#11134=LINE('',#11131,#11133);
#11135=EDGE_CURVE('',#9010,#11102,#11134,.T.);
#11136=ORIENTED_EDGE('',*,*,#11135,.T.);
#11137=EDGE_LOOP('',(#11123,#11129,#11130,#11136));
#11138=FACE_OUTER_BOUND('',#11137,.T.);
#11139=ADVANCED_FACE('',(#11138),#11122,.T.);
#11140=CARTESIAN_POINT('',(0.089173228346457,-0.084645669291339,-0.010334645669291));
#11141=DIRECTION('',(0.0,1.0,0.0));
#11142=DIRECTION('',(0.0,0.0,1.0));
#11143=AXIS2_PLACEMENT_3D('',#11140,#11141,#11142);
#11144=PLANE('',#11143);
#11145=ORIENTED_EDGE('',*,*,#11113,.T.);
#11146=ORIENTED_EDGE('',*,*,#11135,.F.);
#11147=ORIENTED_EDGE('',*,*,#9015,.F.);
#11148=ORIENTED_EDGE('',*,*,#10793,.T.);
#11149=EDGE_LOOP('',(#11145,#11146,#11147,#11148));
#11150=FACE_OUTER_BOUND('',#11149,.T.);
#11151=ADVANCED_FACE('',(#11150),#11144,.T.);
#11152=CARTESIAN_POINT('',(-0.119488188976378,-0.125984251968504,-0.009842519685039));
#11153=DIRECTION('',(0.0,0.0,1.0));
#11154=DIRECTION('',(1.0,0.0,0.0));
#11155=AXIS2_PLACEMENT_3D('',#11152,#11153,#11154);
#11156=PLANE('',#11155);
#11157=CARTESIAN_POINT('',(-0.090551181102362,-0.124015748031496,-0.009842519685039));
#11158=VERTEX_POINT('',#11157);
#11159=CARTESIAN_POINT('',(-0.118110236220472,-0.124015748031496,-0.009842519685039));
#11160=DIRECTION('',(1.0,0.0,0.0));
#11161=VECTOR('',#11160,0.02755905511811);
#11162=LINE('',#11159,#11161);
#11163=EDGE_CURVE('',#10831,#11158,#11162,.T.);
#11164=ORIENTED_EDGE('',*,*,#11163,.F.);
#11165=ORIENTED_EDGE('',*,*,#10836,.F.);
#11166=CARTESIAN_POINT('',(-0.090551181102362,-0.084645669291339,-0.009842519685039));
#11167=VERTEX_POINT('',#11166);
#11168=CARTESIAN_POINT('',(-0.090551181102362,-0.084645669291339,-0.009842519685039));
#11169=DIRECTION('',(-1.0,0.0,0.0));
#11170=VECTOR('',#11169,0.02755905511811);
#11171=LINE('',#11168,#11170);
#11172=EDGE_CURVE('',#11167,#10823,#11171,.T.);
#11173=ORIENTED_EDGE('',*,*,#11172,.F.);
#11174=CARTESIAN_POINT('',(-0.090551181102362,-0.124015748031496,-0.009842519685039));
#11175=DIRECTION('',(0.0,1.0,0.0));
#11176=VECTOR('',#11175,0.039370078740157);
#11177=LINE('',#11174,#11176);
#11178=EDGE_CURVE('',#11158,#11167,#11177,.T.);
#11179=ORIENTED_EDGE('',*,*,#11178,.F.);
#11180=EDGE_LOOP('',(#11164,#11165,#11173,#11179));
#11181=FACE_OUTER_BOUND('',#11180,.T.);
#11182=ADVANCED_FACE('',(#11181),#11156,.F.);
#11183=CARTESIAN_POINT('',(-0.119488188976378,-0.084645669291339,-0.010334645669291));
#11184=DIRECTION('',(0.0,1.0,0.0));
#11185=DIRECTION('',(0.0,0.0,1.0));
#11186=AXIS2_PLACEMENT_3D('',#11183,#11184,#11185);
#11187=PLANE('',#11186);
#11188=ORIENTED_EDGE('',*,*,#11172,.T.);
#11189=ORIENTED_EDGE('',*,*,#10828,.F.);
#11190=ORIENTED_EDGE('',*,*,#8887,.F.);
#11191=CARTESIAN_POINT('',(-0.090551181102362,-0.084645669291339,0.0));
#11192=DIRECTION('',(0.0,0.0,-1.0));
#11193=VECTOR('',#11192,0.009842519685039);
#11194=LINE('',#11191,#11193);
#11195=EDGE_CURVE('',#8880,#11167,#11194,.T.);
#11196=ORIENTED_EDGE('',*,*,#11195,.T.);
#11197=EDGE_LOOP('',(#11188,#11189,#11190,#11196));
#11198=FACE_OUTER_BOUND('',#11197,.T.);
#11199=ADVANCED_FACE('',(#11198),#11187,.T.);
#11200=CARTESIAN_POINT('',(-0.090551181102362,-0.125984251968504,0.000492125984252));
#11201=DIRECTION('',(1.0,0.0,0.0));
#11202=DIRECTION('',(0.0,0.0,-1.0));
#11203=AXIS2_PLACEMENT_3D('',#11200,#11201,#11202);
#11204=PLANE('',#11203);
#11205=ORIENTED_EDGE('',*,*,#11178,.T.);
#11206=ORIENTED_EDGE('',*,*,#11195,.F.);
#11207=ORIENTED_EDGE('',*,*,#9037,.F.);
#11208=CARTESIAN_POINT('',(-0.090551181102362,-0.124015748031496,0.0));
#11209=DIRECTION('',(0.0,0.0,-1.0));
#11210=VECTOR('',#11209,0.009842519685039);
#11211=LINE('',#11208,#11210);
#11212=EDGE_CURVE('',#9026,#11158,#11211,.T.);
#11213=ORIENTED_EDGE('',*,*,#11212,.T.);
#11214=EDGE_LOOP('',(#11205,#11206,#11207,#11213));
#11215=FACE_OUTER_BOUND('',#11214,.T.);
#11216=ADVANCED_FACE('',(#11215),#11204,.T.);
#11217=CARTESIAN_POINT('',(-0.090944881889764,-0.144685039370079,0.066929133858268));
#11218=DIRECTION('',(0.0,0.0,1.0));
#11219=DIRECTION('',(1.0,0.0,0.0));
#11220=AXIS2_PLACEMENT_3D('',#11217,#11218,#11219);
#11221=PLANE('',#11220);
#11222=CARTESIAN_POINT('',(-0.070866141732283,-0.124015748031496,0.066929133858268));
#11223=VERTEX_POINT('',#11222);
#11224=CARTESIAN_POINT('',(-0.070866141732283,-0.124015748031496,0.066929133858268));
#11225=DIRECTION('',(-1.0,0.0,0.0));
#11226=VECTOR('',#11225,0.011811023622048);
#11227=LINE('',#11224,#11226);
#11228=EDGE_CURVE('',#11223,#9155,#11227,.T.);
#11229=ORIENTED_EDGE('',*,*,#11228,.T.);
#11230=ORIENTED_EDGE('',*,*,#9160,.T.);
#11231=ORIENTED_EDGE('',*,*,#9089,.T.);
#11232=ORIENTED_EDGE('',*,*,#9324,.F.);
#11233=CARTESIAN_POINT('',(0.070866141732283,-0.124015748031496,0.066929133858268));
#11234=VERTEX_POINT('',#11233);
#11235=CARTESIAN_POINT('',(0.082677165354331,-0.124015748031496,0.066929133858268));
#11236=DIRECTION('',(-1.0,0.0,0.0));
#11237=VECTOR('',#11236,0.011811023622048);
#11238=LINE('',#11235,#11237);
#11239=EDGE_CURVE('',#9313,#11234,#11238,.T.);
#11240=ORIENTED_EDGE('',*,*,#11239,.T.);
#11241=CARTESIAN_POINT('',(0.070866141732283,-0.141732283464567,0.066929133858268));
#11242=VERTEX_POINT('',#11241);
#11243=CARTESIAN_POINT('',(0.070866141732283,-0.124015748031496,0.066929133858268));
#11244=DIRECTION('',(0.0,-1.0,0.0));
#11245=VECTOR('',#11244,0.017716535433071);
#11246=LINE('',#11243,#11245);
#11247=EDGE_CURVE('',#11234,#11242,#11246,.T.);
#11248=ORIENTED_EDGE('',*,*,#11247,.T.);
#11249=CARTESIAN_POINT('',(-0.070866141732283,-0.141732283464567,0.066929133858268));
#11250=VERTEX_POINT('',#11249);
#11251=CARTESIAN_POINT('',(0.070866141732283,-0.141732283464567,0.066929133858268));
#11252=DIRECTION('',(-1.0,0.0,0.0));
#11253=VECTOR('',#11252,0.141732283464566);
#11254=LINE('',#11251,#11253);
#11255=EDGE_CURVE('',#11242,#11250,#11254,.T.);
#11256=ORIENTED_EDGE('',*,*,#11255,.T.);
#11257=CARTESIAN_POINT('',(-0.070866141732283,-0.141732283464567,0.066929133858268));
#11258=DIRECTION('',(0.0,1.0,0.0));
#11259=VECTOR('',#11258,0.017716535433071);
#11260=LINE('',#11257,#11259);
#11261=EDGE_CURVE('',#11250,#11223,#11260,.T.);
#11262=ORIENTED_EDGE('',*,*,#11261,.T.);
#11263=EDGE_LOOP('',(#11229,#11230,#11231,#11232,#11240,#11248,#11256,#11262));
#11264=FACE_OUTER_BOUND('',#11263,.T.);
#11265=ADVANCED_FACE('',(#11264),#11221,.T.);
#11266=CARTESIAN_POINT('',(-0.145669291338583,-0.069291338582677,-0.003346456692913));
#11267=DIRECTION('',(-1.0,0.0,0.0));
#11268=DIRECTION('',(0.0,0.0,1.0));
#11269=AXIS2_PLACEMENT_3D('',#11266,#11267,#11268);
#11270=PLANE('',#11269);
#11271=ORIENTED_EDGE('',*,*,#10923,.T.);
#11272=ORIENTED_EDGE('',*,*,#8911,.F.);
#11273=ORIENTED_EDGE('',*,*,#10858,.T.);
#11274=CARTESIAN_POINT('',(-0.145669291338583,-0.062992125984252,0.066929133858268));
#11275=DIRECTION('',(0.0,1.0,0.0));
#11276=VECTOR('',#11275,0.125984251968504);
#11277=LINE('',#11274,#11276);
#11278=EDGE_CURVE('',#10853,#10918,#11277,.T.);
#11279=ORIENTED_EDGE('',*,*,#11278,.T.);
#11280=EDGE_LOOP('',(#11271,#11272,#11273,#11279));
#11281=FACE_OUTER_BOUND('',#11280,.T.);
#11282=ADVANCED_FACE('',(#11281),#11270,.T.);
#11283=CARTESIAN_POINT('',(-0.145078740157481,-0.124015748031496,0.083169291338583));
#11284=DIRECTION('',(0.0,-1.0,0.0));
#11285=DIRECTION('',(0.0,0.0,-1.0));
#11286=AXIS2_PLACEMENT_3D('',#11283,#11284,#11285);
#11287=PLANE('',#11286);
#11288=CARTESIAN_POINT('',(-0.124015748031496,-0.124015748031496,0.059055118110236));
#11289=VERTEX_POINT('',#11288);
#11290=CARTESIAN_POINT('',(-0.131889763779528,-0.124015748031496,0.059055118110236));
#11291=VERTEX_POINT('',#11290);
#11292=CARTESIAN_POINT('',(-0.124015748031496,-0.124015748031496,0.059055118110236));
#11293=DIRECTION('',(-1.0,0.0,0.0));
#11294=VECTOR('',#11293,0.007874015748032);
#11295=LINE('',#11292,#11294);
#11296=EDGE_CURVE('',#11289,#11291,#11295,.T.);
#11297=ORIENTED_EDGE('',*,*,#11296,.T.);
#11298=CARTESIAN_POINT('',(-0.131889763779528,-0.124015748031496,0.033464566929134));
#11299=VERTEX_POINT('',#11298);
#11300=CARTESIAN_POINT('',(-0.131889763779528,-0.124015748031496,0.059055118110236));
#11301=DIRECTION('',(0.0,0.0,-1.0));
#11302=VECTOR('',#11301,0.025590551181102);
#11303=LINE('',#11300,#11302);
#11304=EDGE_CURVE('',#11291,#11299,#11303,.T.);
#11305=ORIENTED_EDGE('',*,*,#11304,.T.);
#11306=CARTESIAN_POINT('',(-0.131889763779528,-0.124015748031496,0.033464566929134));
#11307=DIRECTION('',(1.0,0.0,0.0));
#11308=VECTOR('',#11307,0.013779527559056);
#11309=LINE('',#11306,#11308);
#11310=EDGE_CURVE('',#11299,#10808,#11309,.T.);
#11311=ORIENTED_EDGE('',*,*,#11310,.T.);
#11312=ORIENTED_EDGE('',*,*,#10842,.T.);
#11313=ORIENTED_EDGE('',*,*,#11163,.T.);
#11314=ORIENTED_EDGE('',*,*,#11212,.F.);
#11315=ORIENTED_EDGE('',*,*,#9031,.F.);
#11316=ORIENTED_EDGE('',*,*,#11128,.T.);
#11317=ORIENTED_EDGE('',*,*,#11099,.T.);
#11318=ORIENTED_EDGE('',*,*,#10779,.T.);
#11319=CARTESIAN_POINT('',(0.131889763779528,-0.124015748031496,0.033464566929134));
#11320=VERTEX_POINT('',#11319);
#11321=CARTESIAN_POINT('',(0.118110236220472,-0.124015748031496,0.033464566929134));
#11322=DIRECTION('',(1.0,0.0,0.0));
#11323=VECTOR('',#11322,0.013779527559056);
#11324=LINE('',#11321,#11323);
#11325=EDGE_CURVE('',#10766,#11320,#11324,.T.);
#11326=ORIENTED_EDGE('',*,*,#11325,.T.);
#11327=CARTESIAN_POINT('',(0.131889763779528,-0.124015748031496,0.059055118110236));
#11328=VERTEX_POINT('',#11327);
#11329=CARTESIAN_POINT('',(0.131889763779528,-0.124015748031496,0.033464566929134));
#11330=DIRECTION('',(0.0,0.0,1.0));
#11331=VECTOR('',#11330,0.025590551181102);
#11332=LINE('',#11329,#11331);
#11333=EDGE_CURVE('',#11320,#11328,#11332,.T.);
#11334=ORIENTED_EDGE('',*,*,#11333,.T.);
#11335=CARTESIAN_POINT('',(0.124015748031496,-0.124015748031496,0.059055118110236));
#11336=VERTEX_POINT('',#11335);
#11337=CARTESIAN_POINT('',(0.131889763779528,-0.124015748031496,0.059055118110236));
#11338=DIRECTION('',(-1.0,0.0,0.0));
#11339=VECTOR('',#11338,0.007874015748032);
#11340=LINE('',#11337,#11339);
#11341=EDGE_CURVE('',#11328,#11336,#11340,.T.);
#11342=ORIENTED_EDGE('',*,*,#11341,.T.);
#11343=CARTESIAN_POINT('',(0.124015748031496,-0.124015748031496,0.078740157480315));
#11344=DIRECTION('',(0.0,0.0,-1.0));
#11345=VECTOR('',#11344,0.019685039370079);
#11346=LINE('',#11343,#11345);
#11347=EDGE_CURVE('',#8346,#11336,#11346,.T.);
#11348=ORIENTED_EDGE('',*,*,#11347,.F.);
#11349=ORIENTED_EDGE('',*,*,#8351,.F.);
#11350=CARTESIAN_POINT('',(0.070866141732283,-0.124015748031496,0.078740157480315));
#11351=DIRECTION('',(0.0,0.0,-1.0));
#11352=VECTOR('',#11351,0.011811023622047);
#11353=LINE('',#11350,#11352);
#11354=EDGE_CURVE('',#8338,#11234,#11353,.T.);
#11355=ORIENTED_EDGE('',*,*,#11354,.T.);
#11356=ORIENTED_EDGE('',*,*,#11239,.F.);
#11357=ORIENTED_EDGE('',*,*,#9318,.T.);
#11358=ORIENTED_EDGE('',*,*,#9294,.T.);
#11359=ORIENTED_EDGE('',*,*,#9270,.T.);
#11360=ORIENTED_EDGE('',*,*,#9246,.T.);
#11361=ORIENTED_EDGE('',*,*,#9222,.T.);
#11362=ORIENTED_EDGE('',*,*,#9198,.T.);
#11363=ORIENTED_EDGE('',*,*,#9168,.T.);
#11364=ORIENTED_EDGE('',*,*,#11228,.F.);
#11365=CARTESIAN_POINT('',(-0.070866141732283,-0.124015748031496,0.078740157480315));
#11366=DIRECTION('',(0.0,0.0,-1.0));
#11367=VECTOR('',#11366,0.011811023622047);
#11368=LINE('',#11365,#11367);
#11369=EDGE_CURVE('',#5622,#11223,#11368,.T.);
#11370=ORIENTED_EDGE('',*,*,#11369,.F.);
#11371=ORIENTED_EDGE('',*,*,#5692,.F.);
#11372=CARTESIAN_POINT('',(-0.124015748031496,-0.124015748031496,0.078740157480315));
#11373=DIRECTION('',(0.0,0.0,-1.0));
#11374=VECTOR('',#11373,0.019685039370079);
#11375=LINE('',#11372,#11374);
#11376=EDGE_CURVE('',#5681,#11289,#11375,.T.);
#11377=ORIENTED_EDGE('',*,*,#11376,.T.);
#11378=EDGE_LOOP('',(#11297,#11305,#11311,#11312,#11313,#11314,#11315,#11316,#11317,#11318,#11326,#11334,#11342,#11348,#11349,#11355,#11356,#11357,#11358,#11359,#11360,#11361,#11362,#11363,#11364,#11370,#11371,#11377));
#11379=FACE_OUTER_BOUND('',#11378,.T.);
#11380=CARTESIAN_POINT('',(0.09251968503937,-0.124015748031496,0.059055118110236));
#11381=VERTEX_POINT('',#11380);
#11382=CARTESIAN_POINT('',(0.09251968503937,-0.124015748031496,0.059055118110236));
#11383=DIRECTION('',(-1.0,0.0,0.0));
#11384=VECTOR('',#11383,0.000984251968504);
#11385=LINE('',#11382,#11384);
#11386=EDGE_CURVE('',#11381,#10343,#11385,.T.);
#11387=ORIENTED_EDGE('',*,*,#11386,.T.);
#11388=ORIENTED_EDGE('',*,*,#10370,.T.);
#11389=CARTESIAN_POINT('',(0.09251968503937,-0.124015748031496,0.066929133858268));
#11390=VERTEX_POINT('',#11389);
#11391=CARTESIAN_POINT('',(0.091535433070866,-0.124015748031496,0.066929133858268));
#11392=DIRECTION('',(1.0,0.0,0.0));
#11393=VECTOR('',#11392,0.000984251968504);
#11394=LINE('',#11391,#11393);
#11395=EDGE_CURVE('',#10359,#11390,#11394,.T.);
#11396=ORIENTED_EDGE('',*,*,#11395,.T.);
#11397=CARTESIAN_POINT('',(0.09251968503937,-0.124015748031496,0.066929133858268));
#11398=DIRECTION('',(0.0,0.0,-1.0));
#11399=VECTOR('',#11398,0.007874015748032);
#11400=LINE('',#11397,#11399);
#11401=EDGE_CURVE('',#11390,#11381,#11400,.T.);
#11402=ORIENTED_EDGE('',*,*,#11401,.T.);
#11403=EDGE_LOOP('',(#11387,#11388,#11396,#11402));
#11404=FACE_BOUND('',#11403,.T.);
#11405=CARTESIAN_POINT('',(-0.09251968503937,-0.124015748031496,0.066929133858268));
#11406=VERTEX_POINT('',#11405);
#11407=CARTESIAN_POINT('',(-0.09251968503937,-0.124015748031496,0.059055118110236));
#11408=VERTEX_POINT('',#11407);
#11409=CARTESIAN_POINT('',(-0.09251968503937,-0.124015748031496,0.066929133858268));
#11410=DIRECTION('',(0.0,0.0,-1.0));
#11411=VECTOR('',#11410,0.007874015748032);
#11412=LINE('',#11409,#11411);
#11413=EDGE_CURVE('',#11406,#11408,#11412,.T.);
#11414=ORIENTED_EDGE('',*,*,#11413,.F.);
#11415=CARTESIAN_POINT('',(-0.09251968503937,-0.124015748031496,0.066929133858268));
#11416=DIRECTION('',(1.0,0.0,0.0));
#11417=VECTOR('',#11416,0.000984251968504);
#11418=LINE('',#11415,#11417);
#11419=EDGE_CURVE('',#11406,#10318,#11418,.T.);
#11420=ORIENTED_EDGE('',*,*,#11419,.T.);
#11421=ORIENTED_EDGE('',*,*,#10323,.T.);
#11422=CARTESIAN_POINT('',(-0.091535433070866,-0.124015748031496,0.059055118110236));
#11423=DIRECTION('',(-1.0,0.0,0.0));
#11424=VECTOR('',#11423,0.000984251968504);
#11425=LINE('',#11422,#11424);
#11426=EDGE_CURVE('',#10310,#11408,#11425,.T.);
#11427=ORIENTED_EDGE('',*,*,#11426,.T.);
#11428=EDGE_LOOP('',(#11414,#11420,#11421,#11427));
#11429=FACE_BOUND('',#11428,.T.);
#11430=ADVANCED_FACE('',(#11379,#11404,#11429),#11287,.T.);
#11431=CARTESIAN_POINT('',(-0.132578740157481,-0.127066929133858,0.033464566929134));
#11432=DIRECTION('',(0.0,0.0,1.0));
#11433=DIRECTION('',(1.0,0.0,0.0));
#11434=AXIS2_PLACEMENT_3D('',#11431,#11432,#11433);
#11435=PLANE('',#11434);
#11436=CARTESIAN_POINT('',(-0.131889763779528,-0.124015748031496,0.033464566929134));
#11437=DIRECTION('',(0.0,1.0,0.0));
#11438=VECTOR('',#11437,0.061023622047244);
#11439=LINE('',#11436,#11438);
#11440=EDGE_CURVE('',#11299,#10863,#11439,.T.);
#11441=ORIENTED_EDGE('',*,*,#11440,.T.);
#11442=ORIENTED_EDGE('',*,*,#10868,.T.);
#11443=ORIENTED_EDGE('',*,*,#10813,.T.);
#11444=ORIENTED_EDGE('',*,*,#11310,.F.);
#11445=EDGE_LOOP('',(#11441,#11442,#11443,#11444));
#11446=FACE_OUTER_BOUND('',#11445,.T.);
#11447=ADVANCED_FACE('',(#11446),#11435,.F.);
#11448=CARTESIAN_POINT('',(0.145669291338583,-0.069291338582677,0.070275590551181));
#11449=DIRECTION('',(1.0,0.0,0.0));
#11450=DIRECTION('',(0.0,0.0,-1.0));
#11451=AXIS2_PLACEMENT_3D('',#11448,#11449,#11450);
#11452=PLANE('',#11451);
#11453=CARTESIAN_POINT('',(0.145669291338583,0.062992125984252,0.066929133858268));
#11454=VERTEX_POINT('',#11453);
#11455=CARTESIAN_POINT('',(0.145669291338583,0.062992125984252,0.0));
#11456=DIRECTION('',(0.0,0.0,1.0));
#11457=VECTOR('',#11456,0.066929133858268);
#11458=LINE('',#11455,#11457);
#11459=EDGE_CURVE('',#8978,#11454,#11458,.T.);
#11460=ORIENTED_EDGE('',*,*,#11459,.T.);
#11461=CARTESIAN_POINT('',(0.145669291338583,0.062992125984252,0.066929133858268));
#11462=DIRECTION('',(0.0,-1.0,0.0));
#11463=VECTOR('',#11462,0.125984251968504);
#11464=LINE('',#11461,#11463);
#11465=EDGE_CURVE('',#11454,#10712,#11464,.T.);
#11466=ORIENTED_EDGE('',*,*,#11465,.T.);
#11467=ORIENTED_EDGE('',*,*,#10717,.T.);
#11468=ORIENTED_EDGE('',*,*,#8991,.F.);
#11469=EDGE_LOOP('',(#11460,#11466,#11467,#11468));
#11470=FACE_OUTER_BOUND('',#11469,.T.);
#11471=ADVANCED_FACE('',(#11470),#11452,.T.);
#11472=CARTESIAN_POINT('',(0.089517716535433,-0.08759842519685,0.058661417322834));
#11473=DIRECTION('',(0.0,1.0,0.0));
#11474=DIRECTION('',(0.0,0.0,1.0));
#11475=AXIS2_PLACEMENT_3D('',#11472,#11473,#11474);
#11476=PLANE('',#11475);
#11477=CARTESIAN_POINT('',(0.131889763779528,-0.08759842519685,0.059055118110236));
#11478=VERTEX_POINT('',#11477);
#11479=CARTESIAN_POINT('',(0.131889763779528,-0.08759842519685,0.066929133858268));
#11480=VERTEX_POINT('',#11479);
#11481=CARTESIAN_POINT('',(0.131889763779528,-0.08759842519685,0.059055118110236));
#11482=DIRECTION('',(0.0,0.0,1.0));
#11483=VECTOR('',#11482,0.007874015748032);
#11484=LINE('',#11481,#11483);
#11485=EDGE_CURVE('',#11478,#11480,#11484,.T.);
#11486=ORIENTED_EDGE('',*,*,#11485,.T.);
#11487=CARTESIAN_POINT('',(0.124015748031496,-0.08759842519685,0.066929133858268));
#11488=VERTEX_POINT('',#11487);
#11489=CARTESIAN_POINT('',(0.124015748031496,-0.08759842519685,0.066929133858268));
#11490=DIRECTION('',(1.0,0.0,0.0));
#11491=VECTOR('',#11490,0.007874015748032);
#11492=LINE('',#11489,#11491);
#11493=EDGE_CURVE('',#11488,#11480,#11492,.T.);
#11494=ORIENTED_EDGE('',*,*,#11493,.F.);
#11495=CARTESIAN_POINT('',(0.091535433070866,-0.08759842519685,0.066929133858268));
#11496=DIRECTION('',(1.0,0.0,0.0));
#11497=VECTOR('',#11496,0.03248031496063);
#11498=LINE('',#11495,#11497);
#11499=EDGE_CURVE('',#10351,#11488,#11498,.T.);
#11500=ORIENTED_EDGE('',*,*,#11499,.F.);
#11501=ORIENTED_EDGE('',*,*,#10356,.T.);
#11502=CARTESIAN_POINT('',(0.131889763779528,-0.08759842519685,0.059055118110236));
#11503=DIRECTION('',(-1.0,0.0,0.0));
#11504=VECTOR('',#11503,0.040354330708662);
#11505=LINE('',#11502,#11504);
#11506=EDGE_CURVE('',#11478,#10341,#11505,.T.);
#11507=ORIENTED_EDGE('',*,*,#11506,.F.);
#11508=EDGE_LOOP('',(#11486,#11494,#11500,#11501,#11507));
#11509=FACE_OUTER_BOUND('',#11508,.T.);
#11510=ADVANCED_FACE('',(#11509),#11476,.F.);
#11511=CARTESIAN_POINT('',(-0.132578740157481,0.05994094488189,0.033464566929134));
#11512=DIRECTION('',(0.0,0.0,1.0));
#11513=DIRECTION('',(1.0,0.0,0.0));
#11514=AXIS2_PLACEMENT_3D('',#11511,#11512,#11513);
#11515=PLANE('',#11514);
#11516=CARTESIAN_POINT('',(-0.131889763779528,0.062992125984252,0.033464566929134));
#11517=DIRECTION('',(0.0,1.0,0.0));
#11518=VECTOR('',#11517,0.061023622047244);
#11519=LINE('',#11516,#11518);
#11520=EDGE_CURVE('',#10903,#10454,#11519,.T.);
#11521=ORIENTED_EDGE('',*,*,#11520,.T.);
#11522=ORIENTED_EDGE('',*,*,#10459,.F.);
#11523=ORIENTED_EDGE('',*,*,#10959,.T.);
#11524=ORIENTED_EDGE('',*,*,#10908,.T.);
#11525=EDGE_LOOP('',(#11521,#11522,#11523,#11524));
#11526=FACE_OUTER_BOUND('',#11525,.T.);
#11527=ADVANCED_FACE('',(#11526),#11515,.F.);
#11528=CARTESIAN_POINT('',(-0.131889763779528,-0.127066929133858,0.068602362204725));
#11529=DIRECTION('',(1.0,0.0,0.0));
#11530=DIRECTION('',(0.0,0.0,-1.0));
#11531=AXIS2_PLACEMENT_3D('',#11528,#11529,#11530);
#11532=PLANE('',#11531);
#11533=CARTESIAN_POINT('',(-0.131889763779528,-0.08759842519685,0.059055118110236));
#11534=DIRECTION('',(0.0,-1.0,0.0));
#11535=VECTOR('',#11534,0.036417322834646);
#11536=LINE('',#11533,#11535);
#11537=EDGE_CURVE('',#10264,#11291,#11536,.T.);
#11538=ORIENTED_EDGE('',*,*,#11537,.F.);
#11539=ORIENTED_EDGE('',*,*,#10269,.F.);
#11540=CARTESIAN_POINT('',(-0.131889763779528,-0.070866141732283,0.066929133858268));
#11541=VERTEX_POINT('',#11540);
#11542=CARTESIAN_POINT('',(-0.131889763779528,-0.070866141732283,0.066929133858268));
#11543=DIRECTION('',(0.0,-1.0,0.0));
#11544=VECTOR('',#11543,0.016732283464567);
#11545=LINE('',#11542,#11544);
#11546=EDGE_CURVE('',#11541,#10262,#11545,.T.);
#11547=ORIENTED_EDGE('',*,*,#11546,.F.);
#11548=CARTESIAN_POINT('',(-0.131889763779528,-0.062992125984252,0.066929133858268));
#11549=DIRECTION('',(0.0,-1.0,0.0));
#11550=VECTOR('',#11549,0.007874015748031);
#11551=LINE('',#11548,#11550);
#11552=EDGE_CURVE('',#10871,#11541,#11551,.T.);
#11553=ORIENTED_EDGE('',*,*,#11552,.F.);
#11554=ORIENTED_EDGE('',*,*,#10876,.T.);
#11555=ORIENTED_EDGE('',*,*,#11440,.F.);
#11556=ORIENTED_EDGE('',*,*,#11304,.F.);
#11557=EDGE_LOOP('',(#11538,#11539,#11547,#11553,#11554,#11555,#11556));
#11558=FACE_OUTER_BOUND('',#11557,.T.);
#11559=ADVANCED_FACE('',(#11558),#11532,.F.);
#11560=CARTESIAN_POINT('',(0.131889763779528,-0.127066929133858,0.031791338582677));
#11561=DIRECTION('',(-1.0,0.0,0.0));
#11562=DIRECTION('',(0.0,0.0,1.0));
#11563=AXIS2_PLACEMENT_3D('',#11560,#11561,#11562);
#11564=PLANE('',#11563);
#11565=CARTESIAN_POINT('',(0.131889763779528,-0.109842519685039,0.045275590551181));
#11566=VERTEX_POINT('',#11565);
#11567=CARTESIAN_POINT('',(0.131889763779528,-0.109842519685039,0.045275590551181));
#11568=DIRECTION('',(0.0,1.0,0.0));
#11569=VECTOR('',#11568,0.046850393700787);
#11570=LINE('',#11567,#11569);
#11571=EDGE_CURVE('',#11566,#10736,#11570,.T.);
#11572=ORIENTED_EDGE('',*,*,#11571,.T.);
#11573=ORIENTED_EDGE('',*,*,#10741,.F.);
#11574=CARTESIAN_POINT('',(0.131889763779528,-0.070866141732283,0.066929133858268));
#11575=VERTEX_POINT('',#11574);
#11576=CARTESIAN_POINT('',(0.131889763779528,-0.070866141732283,0.066929133858268));
#11577=DIRECTION('',(0.0,1.0,0.0));
#11578=VECTOR('',#11577,0.007874015748031);
#11579=LINE('',#11576,#11578);
#11580=EDGE_CURVE('',#11575,#10728,#11579,.T.);
#11581=ORIENTED_EDGE('',*,*,#11580,.F.);
#11582=CARTESIAN_POINT('',(0.131889763779528,-0.08759842519685,0.066929133858268));
#11583=DIRECTION('',(0.0,1.0,0.0));
#11584=VECTOR('',#11583,0.016732283464567);
#11585=LINE('',#11582,#11584);
#11586=EDGE_CURVE('',#11480,#11575,#11585,.T.);
#11587=ORIENTED_EDGE('',*,*,#11586,.F.);
#11588=ORIENTED_EDGE('',*,*,#11485,.F.);
#11589=CARTESIAN_POINT('',(0.131889763779528,-0.124015748031496,0.059055118110236));
#11590=DIRECTION('',(0.0,1.0,0.0));
#11591=VECTOR('',#11590,0.036417322834646);
#11592=LINE('',#11589,#11591);
#11593=EDGE_CURVE('',#11328,#11478,#11592,.T.);
#11594=ORIENTED_EDGE('',*,*,#11593,.F.);
#11595=ORIENTED_EDGE('',*,*,#11333,.F.);
#11596=CARTESIAN_POINT('',(0.131889763779528,-0.109842519685039,0.033464566929134));
#11597=VERTEX_POINT('',#11596);
#11598=CARTESIAN_POINT('',(0.131889763779528,-0.109842519685039,0.033464566929134));
#11599=DIRECTION('',(0.0,-1.0,0.0));
#11600=VECTOR('',#11599,0.014173228346457);
#11601=LINE('',#11598,#11600);
#11602=EDGE_CURVE('',#11597,#11320,#11601,.T.);
#11603=ORIENTED_EDGE('',*,*,#11602,.F.);
#11604=CARTESIAN_POINT('',(0.131889763779528,-0.109842519685039,0.033464566929134));
#11605=DIRECTION('',(0.0,0.0,1.0));
#11606=VECTOR('',#11605,0.011811023622047);
#11607=LINE('',#11604,#11606);
#11608=EDGE_CURVE('',#11597,#11566,#11607,.T.);
#11609=ORIENTED_EDGE('',*,*,#11608,.T.);
#11610=EDGE_LOOP('',(#11572,#11573,#11581,#11587,#11588,#11594,#11595,#11603,#11609));
#11611=FACE_OUTER_BOUND('',#11610,.T.);
#11612=ADVANCED_FACE('',(#11611),#11564,.F.);
#11613=CARTESIAN_POINT('',(-0.131889763779528,0.05994094488189,0.068602362204725));
#11614=DIRECTION('',(1.0,0.0,0.0));
#11615=DIRECTION('',(0.0,0.0,-1.0));
#11616=AXIS2_PLACEMENT_3D('',#11613,#11614,#11615);
#11617=PLANE('',#11616);
#11618=ORIENTED_EDGE('',*,*,#10230,.F.);
#11619=CARTESIAN_POINT('',(-0.131889763779528,0.124015748031496,0.059055118110236));
#11620=DIRECTION('',(0.0,-1.0,0.0));
#11621=VECTOR('',#11620,0.036417322834646);
#11622=LINE('',#11619,#11621);
#11623=EDGE_CURVE('',#10462,#10223,#11622,.T.);
#11624=ORIENTED_EDGE('',*,*,#11623,.F.);
#11625=ORIENTED_EDGE('',*,*,#10467,.F.);
#11626=ORIENTED_EDGE('',*,*,#11520,.F.);
#11627=ORIENTED_EDGE('',*,*,#10945,.F.);
#11628=CARTESIAN_POINT('',(-0.131889763779528,0.070866141732283,0.066929133858268));
#11629=VERTEX_POINT('',#11628);
#11630=CARTESIAN_POINT('',(-0.131889763779528,0.070866141732283,0.066929133858268));
#11631=DIRECTION('',(0.0,-1.0,0.0));
#11632=VECTOR('',#11631,0.007874015748031);
#11633=LINE('',#11630,#11632);
#11634=EDGE_CURVE('',#11629,#10934,#11633,.T.);
#11635=ORIENTED_EDGE('',*,*,#11634,.F.);
#11636=CARTESIAN_POINT('',(-0.131889763779528,0.08759842519685,0.066929133858268));
#11637=DIRECTION('',(0.0,-1.0,0.0));
#11638=VECTOR('',#11637,0.016732283464567);
#11639=LINE('',#11636,#11638);
#11640=EDGE_CURVE('',#10225,#11629,#11639,.T.);
#11641=ORIENTED_EDGE('',*,*,#11640,.F.);
#11642=EDGE_LOOP('',(#11618,#11624,#11625,#11626,#11627,#11635,#11641));
#11643=FACE_OUTER_BOUND('',#11642,.T.);
#11644=ADVANCED_FACE('',(#11643),#11617,.F.);
#11645=CARTESIAN_POINT('',(0.131889763779528,0.05994094488189,0.031791338582677));
#11646=DIRECTION('',(-1.0,0.0,0.0));
#11647=DIRECTION('',(0.0,0.0,1.0));
#11648=AXIS2_PLACEMENT_3D('',#11645,#11646,#11647);
#11649=PLANE('',#11648);
#11650=CARTESIAN_POINT('',(0.131889763779528,0.062992125984252,0.045275590551181));
#11651=VERTEX_POINT('',#11650);
#11652=CARTESIAN_POINT('',(0.131889763779528,0.109842519685039,0.045275590551181));
#11653=VERTEX_POINT('',#11652);
#11654=CARTESIAN_POINT('',(0.131889763779528,0.062992125984252,0.045275590551181));
#11655=DIRECTION('',(0.0,1.0,0.0));
#11656=VECTOR('',#11655,0.046850393700787);
#11657=LINE('',#11654,#11656);
#11658=EDGE_CURVE('',#11651,#11653,#11657,.T.);
#11659=ORIENTED_EDGE('',*,*,#11658,.T.);
#11660=CARTESIAN_POINT('',(0.131889763779528,0.109842519685039,0.045275590551181));
#11661=DIRECTION('',(0.0,0.0,-1.0));
#11662=VECTOR('',#11661,0.011811023622047);
#11663=LINE('',#11660,#11662);
#11664=EDGE_CURVE('',#11653,#10594,#11663,.T.);
#11665=ORIENTED_EDGE('',*,*,#11664,.T.);
#11666=ORIENTED_EDGE('',*,*,#10599,.F.);
#11667=ORIENTED_EDGE('',*,*,#10396,.F.);
#11668=CARTESIAN_POINT('',(0.131889763779528,0.08759842519685,0.059055118110236));
#11669=DIRECTION('',(0.0,1.0,0.0));
#11670=VECTOR('',#11669,0.036417322834646);
#11671=LINE('',#11668,#11670);
#11672=EDGE_CURVE('',#10106,#10383,#11671,.T.);
#11673=ORIENTED_EDGE('',*,*,#11672,.F.);
#11674=ORIENTED_EDGE('',*,*,#10111,.F.);
#11675=CARTESIAN_POINT('',(0.131889763779528,0.070866141732283,0.066929133858268));
#11676=VERTEX_POINT('',#11675);
#11677=CARTESIAN_POINT('',(0.131889763779528,0.070866141732283,0.066929133858268));
#11678=DIRECTION('',(0.0,1.0,0.0));
#11679=VECTOR('',#11678,0.016732283464567);
#11680=LINE('',#11677,#11679);
#11681=EDGE_CURVE('',#11676,#10104,#11680,.T.);
#11682=ORIENTED_EDGE('',*,*,#11681,.F.);
#11683=CARTESIAN_POINT('',(0.131889763779528,0.062992125984252,0.066929133858268));
#11684=VERTEX_POINT('',#11683);
#11685=CARTESIAN_POINT('',(0.131889763779528,0.062992125984252,0.066929133858268));
#11686=DIRECTION('',(0.0,1.0,0.0));
#11687=VECTOR('',#11686,0.007874015748031);
#11688=LINE('',#11685,#11687);
#11689=EDGE_CURVE('',#11684,#11676,#11688,.T.);
#11690=ORIENTED_EDGE('',*,*,#11689,.F.);
#11691=CARTESIAN_POINT('',(0.131889763779528,0.062992125984252,0.066929133858268));
#11692=DIRECTION('',(0.0,0.0,-1.0));
#11693=VECTOR('',#11692,0.021653543307087);
#11694=LINE('',#11691,#11693);
#11695=EDGE_CURVE('',#11684,#11651,#11694,.T.);
#11696=ORIENTED_EDGE('',*,*,#11695,.T.);
#11697=EDGE_LOOP('',(#11659,#11665,#11666,#11667,#11673,#11674,#11682,#11690,#11696));
#11698=FACE_OUTER_BOUND('',#11697,.T.);
#11699=ADVANCED_FACE('',(#11698),#11649,.F.);
#11700=CARTESIAN_POINT('',(0.116732283464566,0.062992125984252,0.070275590551181));
#11701=DIRECTION('',(0.0,-1.0,0.0));
#11702=DIRECTION('',(0.0,0.0,-1.0));
#11703=AXIS2_PLACEMENT_3D('',#11700,#11701,#11702);
#11704=PLANE('',#11703);
#11705=ORIENTED_EDGE('',*,*,#10653,.F.);
#11706=CARTESIAN_POINT('',(0.141732283464567,0.062992125984252,0.045275590551181));
#11707=VERTEX_POINT('',#11706);
#11708=CARTESIAN_POINT('',(0.141732283464567,0.062992125984252,0.033464566929134));
#11709=DIRECTION('',(0.0,0.0,1.0));
#11710=VECTOR('',#11709,0.011811023622047);
#11711=LINE('',#11708,#11710);
#11712=EDGE_CURVE('',#10642,#11707,#11711,.T.);
#11713=ORIENTED_EDGE('',*,*,#11712,.T.);
#11714=CARTESIAN_POINT('',(0.141732283464567,0.062992125984252,0.045275590551181));
#11715=DIRECTION('',(-1.0,0.0,0.0));
#11716=VECTOR('',#11715,0.009842519685039);
#11717=LINE('',#11714,#11716);
#11718=EDGE_CURVE('',#11707,#11651,#11717,.T.);
#11719=ORIENTED_EDGE('',*,*,#11718,.T.);
#11720=ORIENTED_EDGE('',*,*,#11695,.F.);
#11721=CARTESIAN_POINT('',(0.141732283464567,0.062992125984252,0.066929133858268));
#11722=VERTEX_POINT('',#11721);
#11723=CARTESIAN_POINT('',(0.141732283464567,0.062992125984252,0.066929133858268));
#11724=DIRECTION('',(-1.0,0.0,0.0));
#11725=VECTOR('',#11724,0.009842519685039);
#11726=LINE('',#11723,#11725);
#11727=EDGE_CURVE('',#11722,#11684,#11726,.T.);
#11728=ORIENTED_EDGE('',*,*,#11727,.F.);
#11729=CARTESIAN_POINT('',(0.145669291338583,0.062992125984252,0.066929133858268));
#11730=DIRECTION('',(-1.0,0.0,0.0));
#11731=VECTOR('',#11730,0.003937007874016);
#11732=LINE('',#11729,#11731);
#11733=EDGE_CURVE('',#11454,#11722,#11732,.T.);
#11734=ORIENTED_EDGE('',*,*,#11733,.F.);
#11735=ORIENTED_EDGE('',*,*,#11459,.F.);
#11736=ORIENTED_EDGE('',*,*,#8983,.F.);
#11737=ORIENTED_EDGE('',*,*,#10668,.T.);
#11738=EDGE_LOOP('',(#11705,#11713,#11719,#11720,#11728,#11734,#11735,#11736,#11737));
#11739=FACE_OUTER_BOUND('',#11738,.T.);
#11740=ADVANCED_FACE('',(#11739),#11704,.F.);
#11741=CARTESIAN_POINT('',(0.105807086614173,-0.127066929133858,0.033464566929134));
#11742=DIRECTION('',(0.0,0.0,1.0));
#11743=DIRECTION('',(1.0,0.0,0.0));
#11744=AXIS2_PLACEMENT_3D('',#11741,#11742,#11743);
#11745=PLANE('',#11744);
#11746=ORIENTED_EDGE('',*,*,#11602,.T.);
#11747=ORIENTED_EDGE('',*,*,#11325,.F.);
#11748=ORIENTED_EDGE('',*,*,#10771,.T.);
#11749=ORIENTED_EDGE('',*,*,#10702,.T.);
#11750=CARTESIAN_POINT('',(0.141732283464567,-0.090157480314961,0.033464566929134));
#11751=VERTEX_POINT('',#11750);
#11752=CARTESIAN_POINT('',(0.141732283464567,-0.090157480314961,0.033464566929134));
#11753=DIRECTION('',(0.0,1.0,0.0));
#11754=VECTOR('',#11753,0.027165354330709);
#11755=LINE('',#11752,#11754);
#11756=EDGE_CURVE('',#11751,#10697,#11755,.T.);
#11757=ORIENTED_EDGE('',*,*,#11756,.F.);
#11758=CARTESIAN_POINT('',(0.340551181102362,-0.090157480314961,0.033464566929134));
#11759=VERTEX_POINT('',#11758);
#11760=CARTESIAN_POINT('',(0.340551181102362,-0.090157480314961,0.033464566929134));
#11761=DIRECTION('',(-1.0,0.0,0.0));
#11762=VECTOR('',#11761,0.198818897637795);
#11763=LINE('',#11760,#11762);
#11764=EDGE_CURVE('',#11759,#11751,#11763,.T.);
#11765=ORIENTED_EDGE('',*,*,#11764,.F.);
#11766=CARTESIAN_POINT('',(0.364173228346457,-0.096062992125984,0.033464566929134));
#11767=VERTEX_POINT('',#11766);
#11768=CARTESIAN_POINT('',(0.364173228346457,-0.096062992125984,0.033464566929134));
#11769=DIRECTION('',(-0.970142500145332,0.242535625036331,0.0));
#11770=VECTOR('',#11769,0.024349048970183);
#11771=LINE('',#11768,#11770);
#11772=EDGE_CURVE('',#11767,#11759,#11771,.T.);
#11773=ORIENTED_EDGE('',*,*,#11772,.F.);
#11774=CARTESIAN_POINT('',(0.364173228346457,-0.103937007874016,0.033464566929134));
#11775=VERTEX_POINT('',#11774);
#11776=CARTESIAN_POINT('',(0.364173228346457,-0.103937007874016,0.033464566929134));
#11777=DIRECTION('',(0.0,1.0,0.0));
#11778=VECTOR('',#11777,0.007874015748032);
#11779=LINE('',#11776,#11778);
#11780=EDGE_CURVE('',#11775,#11767,#11779,.T.);
#11781=ORIENTED_EDGE('',*,*,#11780,.F.);
#11782=CARTESIAN_POINT('',(0.340551181102362,-0.109842519685039,0.033464566929134));
#11783=VERTEX_POINT('',#11782);
#11784=CARTESIAN_POINT('',(0.340551181102362,-0.109842519685039,0.033464566929134));
#11785=DIRECTION('',(0.970142500145332,0.242535625036334,0.0));
#11786=VECTOR('',#11785,0.024349048970183);
#11787=LINE('',#11784,#11786);
#11788=EDGE_CURVE('',#11783,#11775,#11787,.T.);
#11789=ORIENTED_EDGE('',*,*,#11788,.F.);
#11790=CARTESIAN_POINT('',(0.131889763779528,-0.109842519685039,0.033464566929134));
#11791=DIRECTION('',(1.0,0.0,0.0));
#11792=VECTOR('',#11791,0.208661417322834);
#11793=LINE('',#11790,#11792);
#11794=EDGE_CURVE('',#11597,#11783,#11793,.T.);
#11795=ORIENTED_EDGE('',*,*,#11794,.F.);
#11796=EDGE_LOOP('',(#11746,#11747,#11748,#11749,#11757,#11765,#11773,#11781,#11789,#11795));
#11797=FACE_OUTER_BOUND('',#11796,.T.);
#11798=ADVANCED_FACE('',(#11797),#11745,.F.);
#11799=CARTESIAN_POINT('',(0.120275590551182,0.060649606299213,0.045275590551181));
#11800=DIRECTION('',(0.0,0.0,1.0));
#11801=DIRECTION('',(1.0,0.0,0.0));
#11802=AXIS2_PLACEMENT_3D('',#11799,#11800,#11801);
#11803=PLANE('',#11802);
#11804=ORIENTED_EDGE('',*,*,#11658,.F.);
#11805=ORIENTED_EDGE('',*,*,#11718,.F.);
#11806=CARTESIAN_POINT('',(0.141732283464567,0.090157480314961,0.045275590551181));
#11807=VERTEX_POINT('',#11806);
#11808=CARTESIAN_POINT('',(0.141732283464567,0.090157480314961,0.045275590551181));
#11809=DIRECTION('',(0.0,-1.0,0.0));
#11810=VECTOR('',#11809,0.027165354330709);
#11811=LINE('',#11808,#11810);
#11812=EDGE_CURVE('',#11807,#11707,#11811,.T.);
#11813=ORIENTED_EDGE('',*,*,#11812,.F.);
#11814=CARTESIAN_POINT('',(0.340551181102362,0.090157480314961,0.045275590551181));
#11815=VERTEX_POINT('',#11814);
#11816=CARTESIAN_POINT('',(0.340551181102362,0.090157480314961,0.045275590551181));
#11817=DIRECTION('',(-1.0,0.0,0.0));
#11818=VECTOR('',#11817,0.198818897637795);
#11819=LINE('',#11816,#11818);
#11820=EDGE_CURVE('',#11815,#11807,#11819,.T.);
#11821=ORIENTED_EDGE('',*,*,#11820,.F.);
#11822=CARTESIAN_POINT('',(0.364173228346457,0.096062992125984,0.045275590551181));
#11823=VERTEX_POINT('',#11822);
#11824=CARTESIAN_POINT('',(0.364173228346457,0.096062992125984,0.045275590551181));
#11825=DIRECTION('',(-0.970142500145332,-0.242535625036331,0.0));
#11826=VECTOR('',#11825,0.024349048970183);
#11827=LINE('',#11824,#11826);
#11828=EDGE_CURVE('',#11823,#11815,#11827,.T.);
#11829=ORIENTED_EDGE('',*,*,#11828,.F.);
#11830=CARTESIAN_POINT('',(0.364173228346457,0.103937007874016,0.045275590551181));
#11831=VERTEX_POINT('',#11830);
#11832=CARTESIAN_POINT('',(0.364173228346457,0.103937007874016,0.045275590551181));
#11833=DIRECTION('',(0.0,-1.0,0.0));
#11834=VECTOR('',#11833,0.007874015748032);
#11835=LINE('',#11832,#11834);
#11836=EDGE_CURVE('',#11831,#11823,#11835,.T.);
#11837=ORIENTED_EDGE('',*,*,#11836,.F.);
#11838=CARTESIAN_POINT('',(0.340551181102362,0.109842519685039,0.045275590551181));
#11839=VERTEX_POINT('',#11838);
#11840=CARTESIAN_POINT('',(0.340551181102362,0.109842519685039,0.045275590551181));
#11841=DIRECTION('',(0.970142500145332,-0.242535625036334,0.0));
#11842=VECTOR('',#11841,0.024349048970183);
#11843=LINE('',#11840,#11842);
#11844=EDGE_CURVE('',#11839,#11831,#11843,.T.);
#11845=ORIENTED_EDGE('',*,*,#11844,.F.);
#11846=CARTESIAN_POINT('',(0.131889763779528,0.109842519685039,0.045275590551181));
#11847=DIRECTION('',(1.0,0.0,0.0));
#11848=VECTOR('',#11847,0.208661417322834);
#11849=LINE('',#11846,#11848);
#11850=EDGE_CURVE('',#11653,#11839,#11849,.T.);
#11851=ORIENTED_EDGE('',*,*,#11850,.F.);
#11852=EDGE_LOOP('',(#11804,#11805,#11813,#11821,#11829,#11837,#11845,#11851));
#11853=FACE_OUTER_BOUND('',#11852,.T.);
#11854=ADVANCED_FACE('',(#11853),#11803,.T.);
#11855=CARTESIAN_POINT('',(0.141732283464567,0.061633858267717,0.045866141732283));
#11856=DIRECTION('',(1.0,0.0,0.0));
#11857=DIRECTION('',(0.0,0.0,-1.0));
#11858=AXIS2_PLACEMENT_3D('',#11855,#11856,#11857);
#11859=PLANE('',#11858);
#11860=ORIENTED_EDGE('',*,*,#11812,.T.);
#11861=ORIENTED_EDGE('',*,*,#11712,.F.);
#11862=ORIENTED_EDGE('',*,*,#10647,.F.);
#11863=CARTESIAN_POINT('',(0.141732283464567,0.090157480314961,0.033464566929134));
#11864=DIRECTION('',(0.0,0.0,1.0));
#11865=VECTOR('',#11864,0.011811023622047);
#11866=LINE('',#11863,#11865);
#11867=EDGE_CURVE('',#10634,#11807,#11866,.T.);
#11868=ORIENTED_EDGE('',*,*,#11867,.T.);
#11869=EDGE_LOOP('',(#11860,#11861,#11862,#11868));
#11870=FACE_OUTER_BOUND('',#11869,.T.);
#11871=ADVANCED_FACE('',(#11870),#11859,.T.);
#11872=CARTESIAN_POINT('',(0.131791338582677,0.090157480314961,0.045866141732283));
#11873=DIRECTION('',(0.0,-1.0,0.0));
#11874=DIRECTION('',(0.0,0.0,-1.0));
#11875=AXIS2_PLACEMENT_3D('',#11872,#11873,#11874);
#11876=PLANE('',#11875);
#11877=ORIENTED_EDGE('',*,*,#11820,.T.);
#11878=ORIENTED_EDGE('',*,*,#11867,.F.);
#11879=ORIENTED_EDGE('',*,*,#10639,.F.);
#11880=CARTESIAN_POINT('',(0.340551181102362,0.090157480314961,0.033464566929134));
#11881=DIRECTION('',(0.0,0.0,1.0));
#11882=VECTOR('',#11881,0.011811023622047);
#11883=LINE('',#11880,#11882);
#11884=EDGE_CURVE('',#10626,#11815,#11883,.T.);
#11885=ORIENTED_EDGE('',*,*,#11884,.T.);
#11886=EDGE_LOOP('',(#11877,#11878,#11879,#11885));
#11887=FACE_OUTER_BOUND('',#11886,.T.);
#11888=ADVANCED_FACE('',(#11887),#11876,.T.);
#11889=CARTESIAN_POINT('',(0.339370078740157,0.089862204724409,0.045866141732283));
#11890=DIRECTION('',(0.242535625036333,-0.970142500145332,0.0));
#11891=DIRECTION('',(0.0,0.0,-1.0));
#11892=AXIS2_PLACEMENT_3D('',#11889,#11890,#11891);
#11893=PLANE('',#11892);
#11894=ORIENTED_EDGE('',*,*,#11828,.T.);
#11895=ORIENTED_EDGE('',*,*,#11884,.F.);
#11896=ORIENTED_EDGE('',*,*,#10631,.F.);
#11897=CARTESIAN_POINT('',(0.364173228346457,0.096062992125984,0.033464566929134));
#11898=DIRECTION('',(0.0,0.0,1.0));
#11899=VECTOR('',#11898,0.011811023622047);
#11900=LINE('',#11897,#11899);
#11901=EDGE_CURVE('',#10618,#11823,#11900,.T.);
#11902=ORIENTED_EDGE('',*,*,#11901,.T.);
#11903=EDGE_LOOP('',(#11894,#11895,#11896,#11902));
#11904=FACE_OUTER_BOUND('',#11903,.T.);
#11905=ADVANCED_FACE('',(#11904),#11893,.T.);
#11906=CARTESIAN_POINT('',(0.364173228346457,0.095669291338582,0.045866141732283));
#11907=DIRECTION('',(1.0,0.0,0.0));
#11908=DIRECTION('',(0.0,0.0,-1.0));
#11909=AXIS2_PLACEMENT_3D('',#11906,#11907,#11908);
#11910=PLANE('',#11909);
#11911=ORIENTED_EDGE('',*,*,#11836,.T.);
#11912=ORIENTED_EDGE('',*,*,#11901,.F.);
#11913=ORIENTED_EDGE('',*,*,#10623,.F.);
#11914=CARTESIAN_POINT('',(0.364173228346457,0.103937007874016,0.033464566929134));
#11915=DIRECTION('',(0.0,0.0,1.0));
#11916=VECTOR('',#11915,0.011811023622047);
#11917=LINE('',#11914,#11916);
#11918=EDGE_CURVE('',#10610,#11831,#11917,.T.);
#11919=ORIENTED_EDGE('',*,*,#11918,.T.);
#11920=EDGE_LOOP('',(#11911,#11912,#11913,#11919));
#11921=FACE_OUTER_BOUND('',#11920,.T.);
#11922=ADVANCED_FACE('',(#11921),#11910,.T.);
#11923=CARTESIAN_POINT('',(0.339370078740157,0.11013779527559,0.032874015748032));
#11924=DIRECTION('',(0.242535625036333,0.970142500145332,0.0));
#11925=DIRECTION('',(0.0,0.0,1.0));
#11926=AXIS2_PLACEMENT_3D('',#11923,#11924,#11925);
#11927=PLANE('',#11926);
#11928=ORIENTED_EDGE('',*,*,#11844,.T.);
#11929=ORIENTED_EDGE('',*,*,#11918,.F.);
#11930=ORIENTED_EDGE('',*,*,#10615,.F.);
#11931=CARTESIAN_POINT('',(0.340551181102362,0.109842519685039,0.033464566929134));
#11932=DIRECTION('',(0.0,0.0,1.0));
#11933=VECTOR('',#11932,0.011811023622047);
#11934=LINE('',#11931,#11933);
#11935=EDGE_CURVE('',#10602,#11839,#11934,.T.);
#11936=ORIENTED_EDGE('',*,*,#11935,.T.);
#11937=EDGE_LOOP('',(#11928,#11929,#11930,#11936));
#11938=FACE_OUTER_BOUND('',#11937,.T.);
#11939=ADVANCED_FACE('',(#11938),#11927,.T.);
#11940=CARTESIAN_POINT('',(0.121456692913386,0.109842519685039,0.032874015748032));
#11941=DIRECTION('',(0.0,1.0,0.0));
#11942=DIRECTION('',(0.0,0.0,1.0));
#11943=AXIS2_PLACEMENT_3D('',#11940,#11941,#11942);
#11944=PLANE('',#11943);
#11945=ORIENTED_EDGE('',*,*,#11664,.F.);
#11946=ORIENTED_EDGE('',*,*,#11850,.T.);
#11947=ORIENTED_EDGE('',*,*,#11935,.F.);
#11948=ORIENTED_EDGE('',*,*,#10607,.F.);
#11949=EDGE_LOOP('',(#11945,#11946,#11947,#11948));
#11950=FACE_OUTER_BOUND('',#11949,.T.);
#11951=ADVANCED_FACE('',(#11950),#11944,.T.);
#11952=CARTESIAN_POINT('',(0.339370078740157,-0.110137795275591,0.045866141732283));
#11953=DIRECTION('',(0.242535625036333,-0.970142500145332,0.0));
#11954=DIRECTION('',(0.0,0.0,-1.0));
#11955=AXIS2_PLACEMENT_3D('',#11952,#11953,#11954);
#11956=PLANE('',#11955);
#11957=CARTESIAN_POINT('',(0.364173228346457,-0.103937007874016,0.045275590551181));
#11958=VERTEX_POINT('',#11957);
#11959=CARTESIAN_POINT('',(0.340551181102362,-0.109842519685039,0.045275590551181));
#11960=VERTEX_POINT('',#11959);
#11961=CARTESIAN_POINT('',(0.364173228346457,-0.103937007874016,0.045275590551181));
#11962=DIRECTION('',(-0.970142500145332,-0.242535625036333,0.0));
#11963=VECTOR('',#11962,0.024349048970184);
#11964=LINE('',#11961,#11963);
#11965=EDGE_CURVE('',#11958,#11960,#11964,.T.);
#11966=ORIENTED_EDGE('',*,*,#11965,.T.);
#11967=CARTESIAN_POINT('',(0.340551181102362,-0.109842519685039,0.033464566929134));
#11968=DIRECTION('',(0.0,0.0,1.0));
#11969=VECTOR('',#11968,0.011811023622047);
#11970=LINE('',#11967,#11969);
#11971=EDGE_CURVE('',#11783,#11960,#11970,.T.);
#11972=ORIENTED_EDGE('',*,*,#11971,.F.);
#11973=ORIENTED_EDGE('',*,*,#11788,.T.);
#11974=CARTESIAN_POINT('',(0.364173228346457,-0.103937007874016,0.033464566929134));
#11975=DIRECTION('',(0.0,0.0,1.0));
#11976=VECTOR('',#11975,0.011811023622047);
#11977=LINE('',#11974,#11976);
#11978=EDGE_CURVE('',#11775,#11958,#11977,.T.);
#11979=ORIENTED_EDGE('',*,*,#11978,.T.);
#11980=EDGE_LOOP('',(#11966,#11972,#11973,#11979));
#11981=FACE_OUTER_BOUND('',#11980,.T.);
#11982=ADVANCED_FACE('',(#11981),#11956,.T.);
#11983=CARTESIAN_POINT('',(0.364173228346457,-0.104330708661418,0.045866141732283));
#11984=DIRECTION('',(1.0,0.0,0.0));
#11985=DIRECTION('',(0.0,0.0,-1.0));
#11986=AXIS2_PLACEMENT_3D('',#11983,#11984,#11985);
#11987=PLANE('',#11986);
#11988=CARTESIAN_POINT('',(0.364173228346457,-0.096062992125984,0.045275590551181));
#11989=VERTEX_POINT('',#11988);
#11990=CARTESIAN_POINT('',(0.364173228346457,-0.096062992125984,0.045275590551181));
#11991=DIRECTION('',(0.0,-1.0,0.0));
#11992=VECTOR('',#11991,0.007874015748032);
#11993=LINE('',#11990,#11992);
#11994=EDGE_CURVE('',#11989,#11958,#11993,.T.);
#11995=ORIENTED_EDGE('',*,*,#11994,.T.);
#11996=ORIENTED_EDGE('',*,*,#11978,.F.);
#11997=ORIENTED_EDGE('',*,*,#11780,.T.);
#11998=CARTESIAN_POINT('',(0.364173228346457,-0.096062992125984,0.033464566929134));
#11999=DIRECTION('',(0.0,0.0,1.0));
#12000=VECTOR('',#11999,0.011811023622047);
#12001=LINE('',#11998,#12000);
#12002=EDGE_CURVE('',#11767,#11989,#12001,.T.);
#12003=ORIENTED_EDGE('',*,*,#12002,.T.);
#12004=EDGE_LOOP('',(#11995,#11996,#11997,#12003));
#12005=FACE_OUTER_BOUND('',#12004,.T.);
#12006=ADVANCED_FACE('',(#12005),#11987,.T.);
#12007=CARTESIAN_POINT('',(0.339370078740157,-0.08986220472441,0.032874015748032));
#12008=DIRECTION('',(0.242535625036333,0.970142500145332,0.0));
#12009=DIRECTION('',(0.0,0.0,1.0));
#12010=AXIS2_PLACEMENT_3D('',#12007,#12008,#12009);
#12011=PLANE('',#12010);
#12012=CARTESIAN_POINT('',(0.340551181102362,-0.090157480314961,0.045275590551181));
#12013=VERTEX_POINT('',#12012);
#12014=CARTESIAN_POINT('',(0.340551181102362,-0.090157480314961,0.045275590551181));
#12015=DIRECTION('',(0.970142500145332,-0.242535625036332,0.0));
#12016=VECTOR('',#12015,0.024349048970183);
#12017=LINE('',#12014,#12016);
#12018=EDGE_CURVE('',#12013,#11989,#12017,.T.);
#12019=ORIENTED_EDGE('',*,*,#12018,.T.);
#12020=ORIENTED_EDGE('',*,*,#12002,.F.);
#12021=ORIENTED_EDGE('',*,*,#11772,.T.);
#12022=CARTESIAN_POINT('',(0.340551181102362,-0.090157480314961,0.033464566929134));
#12023=DIRECTION('',(0.0,0.0,1.0));
#12024=VECTOR('',#12023,0.011811023622047);
#12025=LINE('',#12022,#12024);
#12026=EDGE_CURVE('',#11759,#12013,#12025,.T.);
#12027=ORIENTED_EDGE('',*,*,#12026,.T.);
#12028=EDGE_LOOP('',(#12019,#12020,#12021,#12027));
#12029=FACE_OUTER_BOUND('',#12028,.T.);
#12030=ADVANCED_FACE('',(#12029),#12011,.T.);
#12031=CARTESIAN_POINT('',(0.131791338582677,-0.090157480314961,0.032874015748032));
#12032=DIRECTION('',(0.0,1.0,0.0));
#12033=DIRECTION('',(0.0,0.0,1.0));
#12034=AXIS2_PLACEMENT_3D('',#12031,#12032,#12033);
#12035=PLANE('',#12034);
#12036=CARTESIAN_POINT('',(0.141732283464567,-0.090157480314961,0.045275590551181));
#12037=VERTEX_POINT('',#12036);
#12038=CARTESIAN_POINT('',(0.141732283464567,-0.090157480314961,0.045275590551181));
#12039=DIRECTION('',(1.0,0.0,0.0));
#12040=VECTOR('',#12039,0.198818897637795);
#12041=LINE('',#12038,#12040);
#12042=EDGE_CURVE('',#12037,#12013,#12041,.T.);
#12043=ORIENTED_EDGE('',*,*,#12042,.T.);
#12044=ORIENTED_EDGE('',*,*,#12026,.F.);
#12045=ORIENTED_EDGE('',*,*,#11764,.T.);
#12046=CARTESIAN_POINT('',(0.141732283464567,-0.090157480314961,0.033464566929134));
#12047=DIRECTION('',(0.0,0.0,1.0));
#12048=VECTOR('',#12047,0.011811023622047);
#12049=LINE('',#12046,#12048);
#12050=EDGE_CURVE('',#11751,#12037,#12049,.T.);
#12051=ORIENTED_EDGE('',*,*,#12050,.T.);
#12052=EDGE_LOOP('',(#12043,#12044,#12045,#12051));
#12053=FACE_OUTER_BOUND('',#12052,.T.);
#12054=ADVANCED_FACE('',(#12053),#12035,.T.);
#12055=CARTESIAN_POINT('',(0.141732283464567,-0.091515748031496,0.045866141732283));
#12056=DIRECTION('',(1.0,0.0,0.0));
#12057=DIRECTION('',(0.0,0.0,-1.0));
#12058=AXIS2_PLACEMENT_3D('',#12055,#12056,#12057);
#12059=PLANE('',#12058);
#12060=CARTESIAN_POINT('',(0.141732283464567,-0.062992125984252,0.045275590551181));
#12061=DIRECTION('',(0.0,-1.0,0.0));
#12062=VECTOR('',#12061,0.027165354330709);
#12063=LINE('',#12060,#12062);
#12064=EDGE_CURVE('',#10744,#12037,#12063,.T.);
#12065=ORIENTED_EDGE('',*,*,#12064,.T.);
#12066=ORIENTED_EDGE('',*,*,#12050,.F.);
#12067=ORIENTED_EDGE('',*,*,#11756,.T.);
#12068=ORIENTED_EDGE('',*,*,#10755,.F.);
#12069=EDGE_LOOP('',(#12065,#12066,#12067,#12068));
#12070=FACE_OUTER_BOUND('',#12069,.T.);
#12071=ADVANCED_FACE('',(#12070),#12059,.T.);
#12072=CARTESIAN_POINT('',(0.121456692913386,-0.109842519685039,0.045866141732283));
#12073=DIRECTION('',(0.0,-1.0,0.0));
#12074=DIRECTION('',(0.0,0.0,-1.0));
#12075=AXIS2_PLACEMENT_3D('',#12072,#12073,#12074);
#12076=PLANE('',#12075);
#12077=ORIENTED_EDGE('',*,*,#11608,.F.);
#12078=ORIENTED_EDGE('',*,*,#11794,.T.);
#12079=ORIENTED_EDGE('',*,*,#11971,.T.);
#12080=CARTESIAN_POINT('',(0.340551181102362,-0.109842519685039,0.045275590551181));
#12081=DIRECTION('',(-1.0,0.0,0.0));
#12082=VECTOR('',#12081,0.208661417322834);
#12083=LINE('',#12080,#12082);
#12084=EDGE_CURVE('',#11960,#11566,#12083,.T.);
#12085=ORIENTED_EDGE('',*,*,#12084,.T.);
#12086=EDGE_LOOP('',(#12077,#12078,#12079,#12085));
#12087=FACE_OUTER_BOUND('',#12086,.T.);
#12088=ADVANCED_FACE('',(#12087),#12076,.T.);
#12089=CARTESIAN_POINT('',(0.120275590551182,-0.112185039370079,0.045275590551181));
#12090=DIRECTION('',(0.0,0.0,1.0));
#12091=DIRECTION('',(1.0,0.0,0.0));
#12092=AXIS2_PLACEMENT_3D('',#12089,#12090,#12091);
#12093=PLANE('',#12092);
#12094=ORIENTED_EDGE('',*,*,#11571,.F.);
#12095=ORIENTED_EDGE('',*,*,#12084,.F.);
#12096=ORIENTED_EDGE('',*,*,#11965,.F.);
#12097=ORIENTED_EDGE('',*,*,#11994,.F.);
#12098=ORIENTED_EDGE('',*,*,#12018,.F.);
#12099=ORIENTED_EDGE('',*,*,#12042,.F.);
#12100=ORIENTED_EDGE('',*,*,#12064,.F.);
#12101=ORIENTED_EDGE('',*,*,#10749,.F.);
#12102=EDGE_LOOP('',(#12094,#12095,#12096,#12097,#12098,#12099,#12100,#12101));
#12103=FACE_OUTER_BOUND('',#12102,.T.);
#12104=ADVANCED_FACE('',(#12103),#12093,.T.);
#12105=CARTESIAN_POINT('',(0.123622047244094,-0.088435039370078,0.066929133858268));
#12106=DIRECTION('',(0.0,0.0,1.0));
#12107=DIRECTION('',(1.0,0.0,0.0));
#12108=AXIS2_PLACEMENT_3D('',#12105,#12106,#12107);
#12109=PLANE('',#12108);
#12110=CARTESIAN_POINT('',(0.124015748031496,-0.070866141732283,0.066929133858268));
#12111=VERTEX_POINT('',#12110);
#12112=CARTESIAN_POINT('',(0.124015748031496,-0.070866141732283,0.066929133858268));
#12113=DIRECTION('',(0.0,-1.0,0.0));
#12114=VECTOR('',#12113,0.016732283464567);
#12115=LINE('',#12112,#12114);
#12116=EDGE_CURVE('',#12111,#11488,#12115,.T.);
#12117=ORIENTED_EDGE('',*,*,#12116,.T.);
#12118=ORIENTED_EDGE('',*,*,#11493,.T.);
#12119=ORIENTED_EDGE('',*,*,#11586,.T.);
#12120=CARTESIAN_POINT('',(0.131889763779528,-0.070866141732283,0.066929133858268));
#12121=DIRECTION('',(-1.0,0.0,0.0));
#12122=VECTOR('',#12121,0.007874015748032);
#12123=LINE('',#12120,#12122);
#12124=EDGE_CURVE('',#11575,#12111,#12123,.T.);
#12125=ORIENTED_EDGE('',*,*,#12124,.T.);
#12126=EDGE_LOOP('',(#12117,#12118,#12119,#12125));
#12127=FACE_OUTER_BOUND('',#12126,.T.);
#12128=ADVANCED_FACE('',(#12127),#12109,.T.);
#12129=CARTESIAN_POINT('',(-0.145866141732284,-0.069291338582677,0.066929133858268));
#12130=DIRECTION('',(0.0,0.0,1.0));
#12131=DIRECTION('',(1.0,0.0,0.0));
#12132=AXIS2_PLACEMENT_3D('',#12129,#12130,#12131);
#12133=PLANE('',#12132);
#12134=CARTESIAN_POINT('',(-0.141732283464567,-0.062992125984252,0.066929133858268));
#12135=DIRECTION('',(0.0,1.0,0.0));
#12136=VECTOR('',#12135,0.125984251968504);
#12137=LINE('',#12134,#12136);
#12138=EDGE_CURVE('',#10879,#10926,#12137,.T.);
#12139=ORIENTED_EDGE('',*,*,#12138,.T.);
#12140=ORIENTED_EDGE('',*,*,#10931,.T.);
#12141=ORIENTED_EDGE('',*,*,#11278,.F.);
#12142=ORIENTED_EDGE('',*,*,#10890,.T.);
#12143=EDGE_LOOP('',(#12139,#12140,#12141,#12142));
#12144=FACE_OUTER_BOUND('',#12143,.T.);
#12145=ADVANCED_FACE('',(#12144),#12133,.T.);
#12146=CARTESIAN_POINT('',(-0.13228346456693,-0.088435039370078,0.066929133858268));
#12147=DIRECTION('',(0.0,0.0,1.0));
#12148=DIRECTION('',(1.0,0.0,0.0));
#12149=AXIS2_PLACEMENT_3D('',#12146,#12147,#12148);
#12150=PLANE('',#12149);
#12151=CARTESIAN_POINT('',(-0.124015748031496,-0.070866141732283,0.066929133858268));
#12152=VERTEX_POINT('',#12151);
#12153=CARTESIAN_POINT('',(-0.124015748031496,-0.08759842519685,0.066929133858268));
#12154=DIRECTION('',(0.0,1.0,0.0));
#12155=VECTOR('',#12154,0.016732283464567);
#12156=LINE('',#12153,#12155);
#12157=EDGE_CURVE('',#10288,#12152,#12156,.T.);
#12158=ORIENTED_EDGE('',*,*,#12157,.T.);
#12159=CARTESIAN_POINT('',(-0.124015748031496,-0.070866141732283,0.066929133858268));
#12160=DIRECTION('',(-1.0,0.0,0.0));
#12161=VECTOR('',#12160,0.007874015748032);
#12162=LINE('',#12159,#12161);
#12163=EDGE_CURVE('',#12152,#11541,#12162,.T.);
#12164=ORIENTED_EDGE('',*,*,#12163,.T.);
#12165=ORIENTED_EDGE('',*,*,#11546,.T.);
#12166=ORIENTED_EDGE('',*,*,#10299,.T.);
#12167=EDGE_LOOP('',(#12158,#12164,#12165,#12166));
#12168=FACE_OUTER_BOUND('',#12167,.T.);
#12169=ADVANCED_FACE('',(#12168),#12150,.T.);
#12170=CARTESIAN_POINT('',(-0.13228346456693,0.070029527559055,0.066929133858268));
#12171=DIRECTION('',(0.0,0.0,1.0));
#12172=DIRECTION('',(1.0,0.0,0.0));
#12173=AXIS2_PLACEMENT_3D('',#12170,#12171,#12172);
#12174=PLANE('',#12173);
#12175=CARTESIAN_POINT('',(-0.124015748031496,0.070866141732283,0.066929133858268));
#12176=VERTEX_POINT('',#12175);
#12177=CARTESIAN_POINT('',(-0.131889763779528,0.070866141732283,0.066929133858268));
#12178=DIRECTION('',(1.0,0.0,0.0));
#12179=VECTOR('',#12178,0.007874015748032);
#12180=LINE('',#12177,#12179);
#12181=EDGE_CURVE('',#11629,#12176,#12180,.T.);
#12182=ORIENTED_EDGE('',*,*,#12181,.T.);
#12183=CARTESIAN_POINT('',(-0.124015748031496,0.070866141732283,0.066929133858268));
#12184=DIRECTION('',(0.0,1.0,0.0));
#12185=VECTOR('',#12184,0.016732283464567);
#12186=LINE('',#12183,#12185);
#12187=EDGE_CURVE('',#12176,#10233,#12186,.T.);
#12188=ORIENTED_EDGE('',*,*,#12187,.T.);
#12189=ORIENTED_EDGE('',*,*,#10238,.T.);
#12190=ORIENTED_EDGE('',*,*,#11640,.T.);
#12191=EDGE_LOOP('',(#12182,#12188,#12189,#12190));
#12192=FACE_OUTER_BOUND('',#12191,.T.);
#12193=ADVANCED_FACE('',(#12192),#12174,.T.);
#12194=CARTESIAN_POINT('',(1.639109E-017,1.275467E-017,0.066929133858268));
#12195=DIRECTION('',(0.0,0.0,1.0));
#12196=DIRECTION('',(1.0,0.0,0.0));
#12197=AXIS2_PLACEMENT_3D('',#12194,#12195,#12196);
#12198=PLANE('',#12197);
#12199=CARTESIAN_POINT('',(0.124015748031496,0.070866141732283,0.066929133858268));
#12200=VERTEX_POINT('',#12199);
#12201=CARTESIAN_POINT('',(0.124015748031496,0.070866141732283,0.066929133858268));
#12202=DIRECTION('',(1.0,0.0,0.0));
#12203=VECTOR('',#12202,0.007874015748032);
#12204=LINE('',#12201,#12203);
#12205=EDGE_CURVE('',#12200,#11676,#12204,.T.);
#12206=ORIENTED_EDGE('',*,*,#12205,.T.);
#12207=ORIENTED_EDGE('',*,*,#11681,.T.);
#12208=ORIENTED_EDGE('',*,*,#10141,.T.);
#12209=CARTESIAN_POINT('',(0.124015748031496,0.08759842519685,0.066929133858268));
#12210=DIRECTION('',(0.0,-1.0,0.0));
#12211=VECTOR('',#12210,0.016732283464567);
#12212=LINE('',#12209,#12211);
#12213=EDGE_CURVE('',#10130,#12200,#12212,.T.);
#12214=ORIENTED_EDGE('',*,*,#12213,.T.);
#12215=EDGE_LOOP('',(#12206,#12207,#12208,#12214));
#12216=FACE_OUTER_BOUND('',#12215,.T.);
#12217=ADVANCED_FACE('',(#12216),#12198,.T.);
#12218=CARTESIAN_POINT('',(0.141535433070866,-0.069291338582677,0.066929133858268));
#12219=DIRECTION('',(0.0,0.0,1.0));
#12220=DIRECTION('',(1.0,0.0,0.0));
#12221=AXIS2_PLACEMENT_3D('',#12218,#12219,#12220);
#12222=PLANE('',#12221);
#12223=CARTESIAN_POINT('',(0.141732283464567,0.062992125984252,0.066929133858268));
#12224=DIRECTION('',(0.0,-1.0,0.0));
#12225=VECTOR('',#12224,0.125984251968504);
#12226=LINE('',#12223,#12225);
#12227=EDGE_CURVE('',#11722,#10720,#12226,.T.);
#12228=ORIENTED_EDGE('',*,*,#12227,.T.);
#12229=ORIENTED_EDGE('',*,*,#10725,.T.);
#12230=ORIENTED_EDGE('',*,*,#11465,.F.);
#12231=ORIENTED_EDGE('',*,*,#11733,.T.);
#12232=EDGE_LOOP('',(#12228,#12229,#12230,#12231));
#12233=FACE_OUTER_BOUND('',#12232,.T.);
#12234=ADVANCED_FACE('',(#12233),#12222,.T.);
#12235=CARTESIAN_POINT('',(-0.090944881889764,0.123031496062992,0.066929133858268));
#12236=DIRECTION('',(0.0,0.0,1.0));
#12237=DIRECTION('',(1.0,0.0,0.0));
#12238=AXIS2_PLACEMENT_3D('',#12235,#12236,#12237);
#12239=PLANE('',#12238);
#12240=ORIENTED_EDGE('',*,*,#10496,.T.);
#12241=CARTESIAN_POINT('',(-0.070866141732283,0.141732283464567,0.066929133858268));
#12242=VERTEX_POINT('',#12241);
#12243=CARTESIAN_POINT('',(-0.070866141732283,0.124015748031496,0.066929133858268));
#12244=DIRECTION('',(0.0,1.0,0.0));
#12245=VECTOR('',#12244,0.017716535433071);
#12246=LINE('',#12243,#12245);
#12247=EDGE_CURVE('',#10485,#12242,#12246,.T.);
#12248=ORIENTED_EDGE('',*,*,#12247,.T.);
#12249=CARTESIAN_POINT('',(0.070866141732283,0.141732283464567,0.066929133858268));
#12250=VERTEX_POINT('',#12249);
#12251=CARTESIAN_POINT('',(-0.070866141732283,0.141732283464567,0.066929133858268));
#12252=DIRECTION('',(1.0,0.0,0.0));
#12253=VECTOR('',#12252,0.141732283464566);
#12254=LINE('',#12251,#12253);
#12255=EDGE_CURVE('',#12242,#12250,#12254,.T.);
#12256=ORIENTED_EDGE('',*,*,#12255,.T.);
#12257=CARTESIAN_POINT('',(0.070866141732283,0.141732283464567,0.066929133858268));
#12258=DIRECTION('',(0.0,-1.0,0.0));
#12259=VECTOR('',#12258,0.017716535433071);
#12260=LINE('',#12257,#12259);
#12261=EDGE_CURVE('',#12250,#10506,#12260,.T.);
#12262=ORIENTED_EDGE('',*,*,#12261,.T.);
#12263=ORIENTED_EDGE('',*,*,#10511,.T.);
#12264=ORIENTED_EDGE('',*,*,#9576,.T.);
#12265=ORIENTED_EDGE('',*,*,#9348,.F.);
#12266=ORIENTED_EDGE('',*,*,#9433,.F.);
#12267=EDGE_LOOP('',(#12240,#12248,#12256,#12262,#12263,#12264,#12265,#12266));
#12268=FACE_OUTER_BOUND('',#12267,.T.);
#12269=ADVANCED_FACE('',(#12268),#12239,.T.);
#12270=CARTESIAN_POINT('',(-0.133907480314961,0.085777559055118,0.059055118110236));
#12271=DIRECTION('',(0.0,0.0,1.0));
#12272=DIRECTION('',(1.0,0.0,0.0));
#12273=AXIS2_PLACEMENT_3D('',#12270,#12271,#12272);
#12274=PLANE('',#12273);
#12275=CARTESIAN_POINT('',(-0.09251968503937,0.112204724409449,0.059055118110236));
#12276=VERTEX_POINT('',#12275);
#12277=CARTESIAN_POINT('',(-0.09251968503937,0.124015748031496,0.059055118110236));
#12278=DIRECTION('',(0.0,-1.0,0.0));
#12279=VECTOR('',#12278,0.011811023622047);
#12280=LINE('',#12277,#12279);
#12281=EDGE_CURVE('',#10529,#12276,#12280,.T.);
#12282=ORIENTED_EDGE('',*,*,#12281,.T.);
#12283=CARTESIAN_POINT('',(-0.112204724409449,0.09251968503937,0.059055118110236));
#12284=VERTEX_POINT('',#12283);
#12285=CARTESIAN_POINT('',(-0.112204724409449,0.112204724409449,0.059055118110236));
#12286=DIRECTION('',(0.0,0.0,-1.0));
#12287=DIRECTION('',(1.0,0.0,0.0));
#12288=AXIS2_PLACEMENT_3D('',#12285,#12286,#12287);
#12289=CIRCLE('',#12288,0.019685039370079);
#12290=EDGE_CURVE('',#12276,#12284,#12289,.T.);
#12291=ORIENTED_EDGE('',*,*,#12290,.T.);
#12292=CARTESIAN_POINT('',(-0.124015748031496,0.09251968503937,0.059055118110236));
#12293=VERTEX_POINT('',#12292);
#12294=CARTESIAN_POINT('',(-0.112204724409449,0.09251968503937,0.059055118110236));
#12295=DIRECTION('',(-1.0,0.0,0.0));
#12296=VECTOR('',#12295,0.011811023622047);
#12297=LINE('',#12294,#12296);
#12298=EDGE_CURVE('',#12284,#12293,#12297,.T.);
#12299=ORIENTED_EDGE('',*,*,#12298,.T.);
#12300=CARTESIAN_POINT('',(-0.124015748031496,0.09251968503937,0.059055118110236));
#12301=DIRECTION('',(0.0,1.0,0.0));
#12302=VECTOR('',#12301,0.031496062992126);
#12303=LINE('',#12300,#12302);
#12304=EDGE_CURVE('',#12293,#10470,#12303,.T.);
#12305=ORIENTED_EDGE('',*,*,#12304,.T.);
#12306=ORIENTED_EDGE('',*,*,#10475,.F.);
#12307=ORIENTED_EDGE('',*,*,#11623,.T.);
#12308=ORIENTED_EDGE('',*,*,#10251,.T.);
#12309=ORIENTED_EDGE('',*,*,#10190,.T.);
#12310=ORIENTED_EDGE('',*,*,#10534,.F.);
#12311=EDGE_LOOP('',(#12282,#12291,#12299,#12305,#12306,#12307,#12308,#12309,#12310));
#12312=FACE_OUTER_BOUND('',#12311,.T.);
#12313=ADVANCED_FACE('',(#12312),#12274,.T.);
#12314=CARTESIAN_POINT('',(0.089517716535433,0.085777559055118,0.059055118110236));
#12315=DIRECTION('',(0.0,0.0,1.0));
#12316=DIRECTION('',(1.0,0.0,0.0));
#12317=AXIS2_PLACEMENT_3D('',#12314,#12315,#12316);
#12318=PLANE('',#12317);
#12319=CARTESIAN_POINT('',(0.124015748031496,0.09251968503937,0.059055118110236));
#12320=VERTEX_POINT('',#12319);
#12321=CARTESIAN_POINT('',(0.124015748031496,0.124015748031496,0.059055118110236));
#12322=DIRECTION('',(0.0,-1.0,0.0));
#12323=VECTOR('',#12322,0.031496062992126);
#12324=LINE('',#12321,#12323);
#12325=EDGE_CURVE('',#10381,#12320,#12324,.T.);
#12326=ORIENTED_EDGE('',*,*,#12325,.T.);
#12327=CARTESIAN_POINT('',(0.112204724409449,0.09251968503937,0.059055118110236));
#12328=VERTEX_POINT('',#12327);
#12329=CARTESIAN_POINT('',(0.124015748031496,0.09251968503937,0.059055118110236));
#12330=DIRECTION('',(-1.0,0.0,0.0));
#12331=VECTOR('',#12330,0.011811023622047);
#12332=LINE('',#12329,#12331);
#12333=EDGE_CURVE('',#12320,#12328,#12332,.T.);
#12334=ORIENTED_EDGE('',*,*,#12333,.T.);
#12335=CARTESIAN_POINT('',(0.09251968503937,0.112204724409449,0.059055118110236));
#12336=VERTEX_POINT('',#12335);
#12337=CARTESIAN_POINT('',(0.112204724409449,0.112204724409449,0.059055118110236));
#12338=DIRECTION('',(0.0,0.0,-1.0));
#12339=DIRECTION('',(0.0,-1.0,0.0));
#12340=AXIS2_PLACEMENT_3D('',#12337,#12338,#12339);
#12341=CIRCLE('',#12340,0.019685039370079);
#12342=EDGE_CURVE('',#12328,#12336,#12341,.T.);
#12343=ORIENTED_EDGE('',*,*,#12342,.T.);
#12344=CARTESIAN_POINT('',(0.09251968503937,0.112204724409449,0.059055118110236));
#12345=DIRECTION('',(0.0,1.0,0.0));
#12346=VECTOR('',#12345,0.011811023622047);
#12347=LINE('',#12344,#12346);
#12348=EDGE_CURVE('',#12336,#10556,#12347,.T.);
#12349=ORIENTED_EDGE('',*,*,#12348,.T.);
#12350=ORIENTED_EDGE('',*,*,#10574,.F.);
#12351=ORIENTED_EDGE('',*,*,#10157,.T.);
#12352=ORIENTED_EDGE('',*,*,#10119,.T.);
#12353=ORIENTED_EDGE('',*,*,#11672,.T.);
#12354=ORIENTED_EDGE('',*,*,#10388,.F.);
#12355=EDGE_LOOP('',(#12326,#12334,#12343,#12349,#12350,#12351,#12352,#12353,#12354));
#12356=FACE_OUTER_BOUND('',#12355,.T.);
#12357=ADVANCED_FACE('',(#12356),#12318,.T.);
#12358=CARTESIAN_POINT('',(0.089517716535433,-0.125836614173228,0.059055118110236));
#12359=DIRECTION('',(0.0,0.0,1.0));
#12360=DIRECTION('',(1.0,0.0,0.0));
#12361=AXIS2_PLACEMENT_3D('',#12358,#12359,#12360);
#12362=PLANE('',#12361);
#12363=CARTESIAN_POINT('',(0.09251968503937,-0.112204724409449,0.059055118110236));
#12364=VERTEX_POINT('',#12363);
#12365=CARTESIAN_POINT('',(0.09251968503937,-0.124015748031496,0.059055118110236));
#12366=DIRECTION('',(0.0,1.0,0.0));
#12367=VECTOR('',#12366,0.011811023622047);
#12368=LINE('',#12365,#12367);
#12369=EDGE_CURVE('',#11381,#12364,#12368,.T.);
#12370=ORIENTED_EDGE('',*,*,#12369,.T.);
#12371=CARTESIAN_POINT('',(0.112204724409449,-0.09251968503937,0.059055118110236));
#12372=VERTEX_POINT('',#12371);
#12373=CARTESIAN_POINT('',(0.112204724409449,-0.112204724409449,0.059055118110236));
#12374=DIRECTION('',(0.0,0.0,-1.0));
#12375=DIRECTION('',(-1.0,0.0,0.0));
#12376=AXIS2_PLACEMENT_3D('',#12373,#12374,#12375);
#12377=CIRCLE('',#12376,0.019685039370079);
#12378=EDGE_CURVE('',#12364,#12372,#12377,.T.);
#12379=ORIENTED_EDGE('',*,*,#12378,.T.);
#12380=CARTESIAN_POINT('',(0.124015748031496,-0.09251968503937,0.059055118110236));
#12381=VERTEX_POINT('',#12380);
#12382=CARTESIAN_POINT('',(0.112204724409449,-0.09251968503937,0.059055118110236));
#12383=DIRECTION('',(1.0,0.0,0.0));
#12384=VECTOR('',#12383,0.011811023622047);
#12385=LINE('',#12382,#12384);
#12386=EDGE_CURVE('',#12372,#12381,#12385,.T.);
#12387=ORIENTED_EDGE('',*,*,#12386,.T.);
#12388=CARTESIAN_POINT('',(0.124015748031496,-0.09251968503937,0.059055118110236));
#12389=DIRECTION('',(0.0,-1.0,0.0));
#12390=VECTOR('',#12389,0.031496062992126);
#12391=LINE('',#12388,#12390);
#12392=EDGE_CURVE('',#12381,#11336,#12391,.T.);
#12393=ORIENTED_EDGE('',*,*,#12392,.T.);
#12394=ORIENTED_EDGE('',*,*,#11341,.F.);
#12395=ORIENTED_EDGE('',*,*,#11593,.T.);
#12396=ORIENTED_EDGE('',*,*,#11506,.T.);
#12397=ORIENTED_EDGE('',*,*,#10348,.T.);
#12398=ORIENTED_EDGE('',*,*,#11386,.F.);
#12399=EDGE_LOOP('',(#12370,#12379,#12387,#12393,#12394,#12395,#12396,#12397,#12398));
#12400=FACE_OUTER_BOUND('',#12399,.T.);
#12401=ADVANCED_FACE('',(#12400),#12362,.T.);
#12402=CARTESIAN_POINT('',(-0.133907480314961,-0.125836614173228,0.059055118110236));
#12403=DIRECTION('',(0.0,0.0,1.0));
#12404=DIRECTION('',(1.0,0.0,0.0));
#12405=AXIS2_PLACEMENT_3D('',#12402,#12403,#12404);
#12406=PLANE('',#12405);
#12407=CARTESIAN_POINT('',(-0.124015748031496,-0.09251968503937,0.059055118110236));
#12408=VERTEX_POINT('',#12407);
#12409=CARTESIAN_POINT('',(-0.124015748031496,-0.124015748031496,0.059055118110236));
#12410=DIRECTION('',(0.0,1.0,0.0));
#12411=VECTOR('',#12410,0.031496062992126);
#12412=LINE('',#12409,#12411);
#12413=EDGE_CURVE('',#11289,#12408,#12412,.T.);
#12414=ORIENTED_EDGE('',*,*,#12413,.T.);
#12415=CARTESIAN_POINT('',(-0.112204724409449,-0.09251968503937,0.059055118110236));
#12416=VERTEX_POINT('',#12415);
#12417=CARTESIAN_POINT('',(-0.124015748031496,-0.09251968503937,0.059055118110236));
#12418=DIRECTION('',(1.0,0.0,0.0));
#12419=VECTOR('',#12418,0.011811023622047);
#12420=LINE('',#12417,#12419);
#12421=EDGE_CURVE('',#12408,#12416,#12420,.T.);
#12422=ORIENTED_EDGE('',*,*,#12421,.T.);
#12423=CARTESIAN_POINT('',(-0.09251968503937,-0.112204724409449,0.059055118110236));
#12424=VERTEX_POINT('',#12423);
#12425=CARTESIAN_POINT('',(-0.112204724409449,-0.112204724409449,0.059055118110236));
#12426=DIRECTION('',(0.0,0.0,-1.0));
#12427=DIRECTION('',(0.0,1.0,0.0));
#12428=AXIS2_PLACEMENT_3D('',#12425,#12426,#12427);
#12429=CIRCLE('',#12428,0.019685039370079);
#12430=EDGE_CURVE('',#12416,#12424,#12429,.T.);
#12431=ORIENTED_EDGE('',*,*,#12430,.T.);
#12432=CARTESIAN_POINT('',(-0.09251968503937,-0.112204724409449,0.059055118110236));
#12433=DIRECTION('',(0.0,-1.0,0.0));
#12434=VECTOR('',#12433,0.011811023622047);
#12435=LINE('',#12432,#12434);
#12436=EDGE_CURVE('',#12424,#11408,#12435,.T.);
#12437=ORIENTED_EDGE('',*,*,#12436,.T.);
#12438=ORIENTED_EDGE('',*,*,#11426,.F.);
#12439=ORIENTED_EDGE('',*,*,#10315,.T.);
#12440=ORIENTED_EDGE('',*,*,#10277,.T.);
#12441=ORIENTED_EDGE('',*,*,#11537,.T.);
#12442=ORIENTED_EDGE('',*,*,#11296,.F.);
#12443=EDGE_LOOP('',(#12414,#12422,#12431,#12437,#12438,#12439,#12440,#12441,#12442));
#12444=FACE_OUTER_BOUND('',#12443,.T.);
#12445=ADVANCED_FACE('',(#12444),#12406,.T.);
#12446=CARTESIAN_POINT('',(-2.048886E-018,4.780732E-018,0.066929133858268));
#12447=DIRECTION('',(0.0,0.0,-1.0));
#12448=DIRECTION('',(-1.0,0.0,0.0));
#12449=AXIS2_PLACEMENT_3D('',#12446,#12447,#12448);
#12450=PLANE('',#12449);
#12451=ORIENTED_EDGE('',*,*,#10329,.T.);
#12452=ORIENTED_EDGE('',*,*,#11419,.F.);
#12453=CARTESIAN_POINT('',(-0.09251968503937,-0.112204724409449,0.066929133858268));
#12454=VERTEX_POINT('',#12453);
#12455=CARTESIAN_POINT('',(-0.09251968503937,-0.124015748031496,0.066929133858268));
#12456=DIRECTION('',(0.0,1.0,0.0));
#12457=VECTOR('',#12456,0.011811023622047);
#12458=LINE('',#12455,#12457);
#12459=EDGE_CURVE('',#11406,#12454,#12458,.T.);
#12460=ORIENTED_EDGE('',*,*,#12459,.T.);
#12461=CARTESIAN_POINT('',(-0.112204724409449,-0.09251968503937,0.066929133858268));
#12462=VERTEX_POINT('',#12461);
#12463=CARTESIAN_POINT('',(-0.112204724409449,-0.112204724409449,0.066929133858268));
#12464=DIRECTION('',(0.0,0.0,1.0));
#12465=DIRECTION('',(0.0,1.0,0.0));
#12466=AXIS2_PLACEMENT_3D('',#12463,#12464,#12465);
#12467=CIRCLE('',#12466,0.019685039370079);
#12468=EDGE_CURVE('',#12454,#12462,#12467,.T.);
#12469=ORIENTED_EDGE('',*,*,#12468,.T.);
#12470=CARTESIAN_POINT('',(-0.124015748031496,-0.09251968503937,0.066929133858268));
#12471=VERTEX_POINT('',#12470);
#12472=CARTESIAN_POINT('',(-0.112204724409449,-0.09251968503937,0.066929133858268));
#12473=DIRECTION('',(-1.0,0.0,0.0));
#12474=VECTOR('',#12473,0.011811023622047);
#12475=LINE('',#12472,#12474);
#12476=EDGE_CURVE('',#12462,#12471,#12475,.T.);
#12477=ORIENTED_EDGE('',*,*,#12476,.T.);
#12478=CARTESIAN_POINT('',(-0.124015748031496,-0.08759842519685,0.066929133858268));
#12479=DIRECTION('',(0.0,-1.0,0.0));
#12480=VECTOR('',#12479,0.00492125984252);
#12481=LINE('',#12478,#12480);
#12482=EDGE_CURVE('',#10288,#12471,#12481,.T.);
#12483=ORIENTED_EDGE('',*,*,#12482,.F.);
#12484=ORIENTED_EDGE('',*,*,#10293,.T.);
#12485=EDGE_LOOP('',(#12451,#12452,#12460,#12469,#12477,#12483,#12484));
#12486=FACE_OUTER_BOUND('',#12485,.T.);
#12487=ADVANCED_FACE('',(#12486),#12450,.T.);
#12488=CARTESIAN_POINT('',(-0.070866141732283,0.142618110236221,0.079330708661417));
#12489=DIRECTION('',(-1.0,0.0,0.0));
#12490=DIRECTION('',(0.0,0.0,1.0));
#12491=AXIS2_PLACEMENT_3D('',#12488,#12489,#12490);
#12492=PLANE('',#12491);
#12493=ORIENTED_EDGE('',*,*,#12247,.F.);
#12494=ORIENTED_EDGE('',*,*,#10490,.F.);
#12495=ORIENTED_EDGE('',*,*,#5419,.F.);
#12496=ORIENTED_EDGE('',*,*,#8767,.F.);
#12497=CARTESIAN_POINT('',(-0.070866141732283,0.141732283464567,0.078740157480315));
#12498=DIRECTION('',(0.0,0.0,-1.0));
#12499=VECTOR('',#12498,0.011811023622047);
#12500=LINE('',#12497,#12499);
#12501=EDGE_CURVE('',#8756,#12242,#12500,.T.);
#12502=ORIENTED_EDGE('',*,*,#12501,.T.);
#12503=EDGE_LOOP('',(#12493,#12494,#12495,#12496,#12502));
#12504=FACE_OUTER_BOUND('',#12503,.T.);
#12505=ADVANCED_FACE('',(#12504),#12492,.T.);
#12506=CARTESIAN_POINT('',(0.077952755905511,0.141732283464567,0.079330708661417));
#12507=DIRECTION('',(0.0,1.0,0.0));
#12508=DIRECTION('',(0.0,0.0,1.0));
#12509=AXIS2_PLACEMENT_3D('',#12506,#12507,#12508);
#12510=PLANE('',#12509);
#12511=ORIENTED_EDGE('',*,*,#12255,.F.);
#12512=ORIENTED_EDGE('',*,*,#12501,.F.);
#12513=ORIENTED_EDGE('',*,*,#8761,.F.);
#12514=ORIENTED_EDGE('',*,*,#5487,.F.);
#12515=ORIENTED_EDGE('',*,*,#8817,.F.);
#12516=CARTESIAN_POINT('',(0.070866141732283,0.141732283464567,0.078740157480315));
#12517=DIRECTION('',(0.0,0.0,-1.0));
#12518=VECTOR('',#12517,0.011811023622047);
#12519=LINE('',#12516,#12518);
#12520=EDGE_CURVE('',#8806,#12250,#12519,.T.);
#12521=ORIENTED_EDGE('',*,*,#12520,.T.);
#12522=EDGE_LOOP('',(#12511,#12512,#12513,#12514,#12515,#12521));
#12523=FACE_OUTER_BOUND('',#12522,.T.);
#12524=ADVANCED_FACE('',(#12523),#12510,.T.);
#12525=CARTESIAN_POINT('',(0.070866141732283,0.142618110236221,0.066338582677166));
#12526=DIRECTION('',(1.0,0.0,0.0));
#12527=DIRECTION('',(0.0,0.0,-1.0));
#12528=AXIS2_PLACEMENT_3D('',#12525,#12526,#12527);
#12529=PLANE('',#12528);
#12530=ORIENTED_EDGE('',*,*,#12261,.F.);
#12531=ORIENTED_EDGE('',*,*,#12520,.F.);
#12532=ORIENTED_EDGE('',*,*,#8811,.F.);
#12533=ORIENTED_EDGE('',*,*,#5572,.F.);
#12534=ORIENTED_EDGE('',*,*,#10517,.T.);
#12535=EDGE_LOOP('',(#12530,#12531,#12532,#12533,#12534));
#12536=FACE_OUTER_BOUND('',#12535,.T.);
#12537=ADVANCED_FACE('',(#12536),#12529,.T.);
#12538=CARTESIAN_POINT('',(0.124015748031496,0.126673228346457,0.058070866141732));
#12539=DIRECTION('',(1.0,0.0,0.0));
#12540=DIRECTION('',(0.0,0.0,-1.0));
#12541=AXIS2_PLACEMENT_3D('',#12538,#12539,#12540);
#12542=PLANE('',#12541);
#12543=ORIENTED_EDGE('',*,*,#12213,.F.);
#12544=CARTESIAN_POINT('',(0.124015748031496,0.09251968503937,0.066929133858268));
#12545=VERTEX_POINT('',#12544);
#12546=CARTESIAN_POINT('',(0.124015748031496,0.08759842519685,0.066929133858268));
#12547=DIRECTION('',(0.0,1.0,0.0));
#12548=VECTOR('',#12547,0.00492125984252);
#12549=LINE('',#12546,#12548);
#12550=EDGE_CURVE('',#10130,#12545,#12549,.T.);
#12551=ORIENTED_EDGE('',*,*,#12550,.T.);
#12552=CARTESIAN_POINT('',(0.124015748031496,0.09251968503937,0.066929133858268));
#12553=DIRECTION('',(0.0,0.0,-1.0));
#12554=VECTOR('',#12553,0.007874015748032);
#12555=LINE('',#12552,#12554);
#12556=EDGE_CURVE('',#12545,#12320,#12555,.T.);
#12557=ORIENTED_EDGE('',*,*,#12556,.T.);
#12558=ORIENTED_EDGE('',*,*,#12325,.F.);
#12559=ORIENTED_EDGE('',*,*,#10524,.F.);
#12560=ORIENTED_EDGE('',*,*,#5556,.F.);
#12561=CARTESIAN_POINT('',(0.124015748031496,0.070866141732283,0.078740157480315));
#12562=DIRECTION('',(0.0,0.0,-1.0));
#12563=VECTOR('',#12562,0.011811023622047);
#12564=LINE('',#12561,#12563);
#12565=EDGE_CURVE('',#5543,#12200,#12564,.T.);
#12566=ORIENTED_EDGE('',*,*,#12565,.T.);
#12567=EDGE_LOOP('',(#12543,#12551,#12557,#12558,#12559,#12560,#12566));
#12568=FACE_OUTER_BOUND('',#12567,.T.);
#12569=ADVANCED_FACE('',(#12568),#12542,.T.);
#12570=CARTESIAN_POINT('',(0.142618110236221,0.070866141732283,0.079330708661417));
#12571=DIRECTION('',(0.0,1.0,0.0));
#12572=DIRECTION('',(0.0,0.0,1.0));
#12573=AXIS2_PLACEMENT_3D('',#12570,#12571,#12572);
#12574=PLANE('',#12573);
#12575=CARTESIAN_POINT('',(0.141732283464567,0.070866141732283,0.066929133858268));
#12576=VERTEX_POINT('',#12575);
#12577=CARTESIAN_POINT('',(0.141732283464567,0.070866141732283,0.066929133858268));
#12578=DIRECTION('',(-1.0,0.0,0.0));
#12579=VECTOR('',#12578,0.009842519685039);
#12580=LINE('',#12577,#12579);
#12581=EDGE_CURVE('',#12576,#11676,#12580,.T.);
#12582=ORIENTED_EDGE('',*,*,#12581,.T.);
#12583=ORIENTED_EDGE('',*,*,#12205,.F.);
#12584=ORIENTED_EDGE('',*,*,#12565,.F.);
#12585=ORIENTED_EDGE('',*,*,#5548,.F.);
#12586=ORIENTED_EDGE('',*,*,#8867,.F.);
#12587=CARTESIAN_POINT('',(0.141732283464567,0.070866141732283,0.078740157480315));
#12588=DIRECTION('',(0.0,0.0,-1.0));
#12589=VECTOR('',#12588,0.011811023622047);
#12590=LINE('',#12587,#12589);
#12591=EDGE_CURVE('',#8856,#12576,#12590,.T.);
#12592=ORIENTED_EDGE('',*,*,#12591,.T.);
#12593=EDGE_LOOP('',(#12582,#12583,#12584,#12585,#12586,#12592));
#12594=FACE_OUTER_BOUND('',#12593,.T.);
#12595=ADVANCED_FACE('',(#12594),#12574,.T.);
#12596=CARTESIAN_POINT('',(0.141732283464567,0.077952755905511,0.066338582677166));
#12597=DIRECTION('',(1.0,0.0,0.0));
#12598=DIRECTION('',(0.0,0.0,-1.0));
#12599=AXIS2_PLACEMENT_3D('',#12596,#12597,#12598);
#12600=PLANE('',#12599);
#12601=CARTESIAN_POINT('',(0.141732283464567,-0.070866141732283,0.066929133858268));
#12602=VERTEX_POINT('',#12601);
#12603=CARTESIAN_POINT('',(0.141732283464567,-0.070866141732283,0.066929133858268));
#12604=DIRECTION('',(0.0,1.0,0.0));
#12605=VECTOR('',#12604,0.007874015748031);
#12606=LINE('',#12603,#12605);
#12607=EDGE_CURVE('',#12602,#10720,#12606,.T.);
#12608=ORIENTED_EDGE('',*,*,#12607,.T.);
#12609=ORIENTED_EDGE('',*,*,#12227,.F.);
#12610=CARTESIAN_POINT('',(0.141732283464567,0.062992125984252,0.066929133858268));
#12611=DIRECTION('',(0.0,1.0,0.0));
#12612=VECTOR('',#12611,0.007874015748031);
#12613=LINE('',#12610,#12612);
#12614=EDGE_CURVE('',#11722,#12576,#12613,.T.);
#12615=ORIENTED_EDGE('',*,*,#12614,.T.);
#12616=ORIENTED_EDGE('',*,*,#12591,.F.);
#12617=ORIENTED_EDGE('',*,*,#8861,.F.);
#12618=ORIENTED_EDGE('',*,*,#5710,.F.);
#12619=CARTESIAN_POINT('',(0.141732283464567,-0.070866141732283,0.078740157480315));
#12620=VERTEX_POINT('',#12619);
#12621=CARTESIAN_POINT('',(0.141732283464567,-0.070866141732283,0.078740157480315));
#12622=DIRECTION('',(0.0,1.0,0.0));
#12623=VECTOR('',#12622,0.011811023622047);
#12624=LINE('',#12621,#12623);
#12625=EDGE_CURVE('',#12620,#5703,#12624,.T.);
#12626=ORIENTED_EDGE('',*,*,#12625,.F.);
#12627=CARTESIAN_POINT('',(0.141732283464567,-0.070866141732283,0.078740157480315));
#12628=DIRECTION('',(0.0,0.0,-1.0));
#12629=VECTOR('',#12628,0.011811023622047);
#12630=LINE('',#12627,#12629);
#12631=EDGE_CURVE('',#12620,#12602,#12630,.T.);
#12632=ORIENTED_EDGE('',*,*,#12631,.T.);
#12633=EDGE_LOOP('',(#12608,#12609,#12615,#12616,#12617,#12618,#12626,#12632));
#12634=FACE_OUTER_BOUND('',#12633,.T.);
#12635=ADVANCED_FACE('',(#12634),#12600,.T.);
#12636=CARTESIAN_POINT('',(0.142618110236221,-0.070866141732283,0.066338582677166));
#12637=DIRECTION('',(0.0,-1.0,0.0));
#12638=DIRECTION('',(0.0,0.0,-1.0));
#12639=AXIS2_PLACEMENT_3D('',#12636,#12637,#12638);
#12640=PLANE('',#12639);
#12641=ORIENTED_EDGE('',*,*,#12124,.F.);
#12642=CARTESIAN_POINT('',(0.131889763779528,-0.070866141732283,0.066929133858268));
#12643=DIRECTION('',(1.0,0.0,0.0));
#12644=VECTOR('',#12643,0.009842519685039);
#12645=LINE('',#12642,#12644);
#12646=EDGE_CURVE('',#11575,#12602,#12645,.T.);
#12647=ORIENTED_EDGE('',*,*,#12646,.T.);
#12648=ORIENTED_EDGE('',*,*,#12631,.F.);
#12649=CARTESIAN_POINT('',(0.125984251968504,-0.070866141732283,0.078740157480315));
#12650=DIRECTION('',(1.0,0.0,0.0));
#12651=VECTOR('',#12650,0.015748031496063);
#12652=LINE('',#12649,#12651);
#12653=EDGE_CURVE('',#8320,#12620,#12652,.T.);
#12654=ORIENTED_EDGE('',*,*,#12653,.F.);
#12655=ORIENTED_EDGE('',*,*,#8325,.F.);
#12656=CARTESIAN_POINT('',(0.124015748031496,-0.070866141732283,0.078740157480315));
#12657=DIRECTION('',(0.0,0.0,-1.0));
#12658=VECTOR('',#12657,0.011811023622047);
#12659=LINE('',#12656,#12658);
#12660=EDGE_CURVE('',#8318,#12111,#12659,.T.);
#12661=ORIENTED_EDGE('',*,*,#12660,.T.);
#12662=EDGE_LOOP('',(#12641,#12647,#12648,#12654,#12655,#12661));
#12663=FACE_OUTER_BOUND('',#12662,.T.);
#12664=ADVANCED_FACE('',(#12663),#12640,.T.);
#12665=CARTESIAN_POINT('',(0.124015748031496,-0.068208661417322,0.058070866141732));
#12666=DIRECTION('',(1.0,0.0,0.0));
#12667=DIRECTION('',(0.0,0.0,-1.0));
#12668=AXIS2_PLACEMENT_3D('',#12665,#12666,#12667);
#12669=PLANE('',#12668);
#12670=CARTESIAN_POINT('',(0.124015748031496,-0.09251968503937,0.066929133858268));
#12671=VERTEX_POINT('',#12670);
#12672=CARTESIAN_POINT('',(0.124015748031496,-0.09251968503937,0.066929133858268));
#12673=DIRECTION('',(0.0,1.0,0.0));
#12674=VECTOR('',#12673,0.00492125984252);
#12675=LINE('',#12672,#12674);
#12676=EDGE_CURVE('',#12671,#11488,#12675,.T.);
#12677=ORIENTED_EDGE('',*,*,#12676,.T.);
#12678=ORIENTED_EDGE('',*,*,#12116,.F.);
#12679=ORIENTED_EDGE('',*,*,#12660,.F.);
#12680=ORIENTED_EDGE('',*,*,#8357,.F.);
#12681=ORIENTED_EDGE('',*,*,#11347,.T.);
#12682=ORIENTED_EDGE('',*,*,#12392,.F.);
#12683=CARTESIAN_POINT('',(0.124015748031496,-0.09251968503937,0.066929133858268));
#12684=DIRECTION('',(0.0,0.0,-1.0));
#12685=VECTOR('',#12684,0.007874015748032);
#12686=LINE('',#12683,#12685);
#12687=EDGE_CURVE('',#12671,#12381,#12686,.T.);
#12688=ORIENTED_EDGE('',*,*,#12687,.F.);
#12689=EDGE_LOOP('',(#12677,#12678,#12679,#12680,#12681,#12682,#12688));
#12690=FACE_OUTER_BOUND('',#12689,.T.);
#12691=ADVANCED_FACE('',(#12690),#12669,.T.);
#12692=CARTESIAN_POINT('',(0.070866141732283,-0.123129921259842,0.066338582677166));
#12693=DIRECTION('',(1.0,0.0,0.0));
#12694=DIRECTION('',(0.0,0.0,-1.0));
#12695=AXIS2_PLACEMENT_3D('',#12692,#12693,#12694);
#12696=PLANE('',#12695);
#12697=ORIENTED_EDGE('',*,*,#11247,.F.);
#12698=ORIENTED_EDGE('',*,*,#11354,.F.);
#12699=ORIENTED_EDGE('',*,*,#8343,.F.);
#12700=ORIENTED_EDGE('',*,*,#8844,.F.);
#12701=CARTESIAN_POINT('',(0.070866141732283,-0.141732283464567,0.078740157480315));
#12702=DIRECTION('',(0.0,0.0,-1.0));
#12703=VECTOR('',#12702,0.011811023622047);
#12704=LINE('',#12701,#12703);
#12705=EDGE_CURVE('',#8833,#11242,#12704,.T.);
#12706=ORIENTED_EDGE('',*,*,#12705,.T.);
#12707=EDGE_LOOP('',(#12697,#12698,#12699,#12700,#12706));
#12708=FACE_OUTER_BOUND('',#12707,.T.);
#12709=ADVANCED_FACE('',(#12708),#12696,.T.);
#12710=CARTESIAN_POINT('',(0.077952755905511,-0.141732283464567,0.066338582677166));
#12711=DIRECTION('',(0.0,-1.0,0.0));
#12712=DIRECTION('',(0.0,0.0,-1.0));
#12713=AXIS2_PLACEMENT_3D('',#12710,#12711,#12712);
#12714=PLANE('',#12713);
#12715=ORIENTED_EDGE('',*,*,#11255,.F.);
#12716=ORIENTED_EDGE('',*,*,#12705,.F.);
#12717=ORIENTED_EDGE('',*,*,#8838,.F.);
#12718=ORIENTED_EDGE('',*,*,#5748,.F.);
#12719=ORIENTED_EDGE('',*,*,#8794,.F.);
#12720=CARTESIAN_POINT('',(-0.070866141732283,-0.141732283464567,0.078740157480315));
#12721=DIRECTION('',(0.0,0.0,-1.0));
#12722=VECTOR('',#12721,0.011811023622047);
#12723=LINE('',#12720,#12722);
#12724=EDGE_CURVE('',#8783,#11250,#12723,.T.);
#12725=ORIENTED_EDGE('',*,*,#12724,.T.);
#12726=EDGE_LOOP('',(#12715,#12716,#12717,#12718,#12719,#12725));
#12727=FACE_OUTER_BOUND('',#12726,.T.);
#12728=ADVANCED_FACE('',(#12727),#12714,.T.);
#12729=CARTESIAN_POINT('',(-0.070866141732283,-0.123129921259842,0.079330708661417));
#12730=DIRECTION('',(-1.0,0.0,0.0));
#12731=DIRECTION('',(0.0,0.0,1.0));
#12732=AXIS2_PLACEMENT_3D('',#12729,#12730,#12731);
#12733=PLANE('',#12732);
#12734=ORIENTED_EDGE('',*,*,#11261,.F.);
#12735=ORIENTED_EDGE('',*,*,#12724,.F.);
#12736=ORIENTED_EDGE('',*,*,#8788,.F.);
#12737=ORIENTED_EDGE('',*,*,#5629,.F.);
#12738=ORIENTED_EDGE('',*,*,#11369,.T.);
#12739=EDGE_LOOP('',(#12734,#12735,#12736,#12737,#12738));
#12740=FACE_OUTER_BOUND('',#12739,.T.);
#12741=ADVANCED_FACE('',(#12740),#12733,.T.);
#12742=CARTESIAN_POINT('',(-0.124015748031496,-0.068208661417322,0.079724409448819));
#12743=DIRECTION('',(-1.0,0.0,0.0));
#12744=DIRECTION('',(0.0,0.0,1.0));
#12745=AXIS2_PLACEMENT_3D('',#12742,#12743,#12744);
#12746=PLANE('',#12745);
#12747=ORIENTED_EDGE('',*,*,#12157,.F.);
#12748=ORIENTED_EDGE('',*,*,#12482,.T.);
#12749=CARTESIAN_POINT('',(-0.124015748031496,-0.09251968503937,0.066929133858268));
#12750=DIRECTION('',(0.0,0.0,-1.0));
#12751=VECTOR('',#12750,0.007874015748032);
#12752=LINE('',#12749,#12751);
#12753=EDGE_CURVE('',#12471,#12408,#12752,.T.);
#12754=ORIENTED_EDGE('',*,*,#12753,.T.);
#12755=ORIENTED_EDGE('',*,*,#12413,.F.);
#12756=ORIENTED_EDGE('',*,*,#11376,.F.);
#12757=ORIENTED_EDGE('',*,*,#5686,.F.);
#12758=CARTESIAN_POINT('',(-0.124015748031496,-0.070866141732283,0.078740157480315));
#12759=DIRECTION('',(0.0,0.0,-1.0));
#12760=VECTOR('',#12759,0.011811023622047);
#12761=LINE('',#12758,#12760);
#12762=EDGE_CURVE('',#5673,#12152,#12761,.T.);
#12763=ORIENTED_EDGE('',*,*,#12762,.T.);
#12764=EDGE_LOOP('',(#12747,#12748,#12754,#12755,#12756,#12757,#12763));
#12765=FACE_OUTER_BOUND('',#12764,.T.);
#12766=ADVANCED_FACE('',(#12765),#12746,.T.);
#12767=CARTESIAN_POINT('',(-0.123129921259842,-0.070866141732283,0.066338582677166));
#12768=DIRECTION('',(0.0,-1.0,0.0));
#12769=DIRECTION('',(0.0,0.0,-1.0));
#12770=AXIS2_PLACEMENT_3D('',#12767,#12768,#12769);
#12771=PLANE('',#12770);
#12772=CARTESIAN_POINT('',(-0.141732283464567,-0.070866141732283,0.066929133858268));
#12773=VERTEX_POINT('',#12772);
#12774=CARTESIAN_POINT('',(-0.141732283464567,-0.070866141732283,0.066929133858268));
#12775=DIRECTION('',(1.0,0.0,0.0));
#12776=VECTOR('',#12775,0.009842519685039);
#12777=LINE('',#12774,#12776);
#12778=EDGE_CURVE('',#12773,#11541,#12777,.T.);
#12779=ORIENTED_EDGE('',*,*,#12778,.T.);
#12780=ORIENTED_EDGE('',*,*,#12163,.F.);
#12781=ORIENTED_EDGE('',*,*,#12762,.F.);
#12782=ORIENTED_EDGE('',*,*,#5678,.F.);
#12783=ORIENTED_EDGE('',*,*,#8744,.F.);
#12784=CARTESIAN_POINT('',(-0.141732283464567,-0.070866141732283,0.078740157480315));
#12785=DIRECTION('',(0.0,0.0,-1.0));
#12786=VECTOR('',#12785,0.011811023622047);
#12787=LINE('',#12784,#12786);
#12788=EDGE_CURVE('',#8733,#12773,#12787,.T.);
#12789=ORIENTED_EDGE('',*,*,#12788,.T.);
#12790=EDGE_LOOP('',(#12779,#12780,#12781,#12782,#12783,#12789));
#12791=FACE_OUTER_BOUND('',#12790,.T.);
#12792=ADVANCED_FACE('',(#12791),#12771,.T.);
#12793=CARTESIAN_POINT('',(-0.141732283464567,0.077952755905511,0.079330708661417));
#12794=DIRECTION('',(-1.0,0.0,0.0));
#12795=DIRECTION('',(0.0,0.0,1.0));
#12796=AXIS2_PLACEMENT_3D('',#12793,#12794,#12795);
#12797=PLANE('',#12796);
#12798=CARTESIAN_POINT('',(-0.141732283464567,0.070866141732283,0.066929133858268));
#12799=VERTEX_POINT('',#12798);
#12800=CARTESIAN_POINT('',(-0.141732283464567,0.070866141732283,0.066929133858268));
#12801=DIRECTION('',(0.0,-1.0,0.0));
#12802=VECTOR('',#12801,0.007874015748031);
#12803=LINE('',#12800,#12802);
#12804=EDGE_CURVE('',#12799,#10926,#12803,.T.);
#12805=ORIENTED_EDGE('',*,*,#12804,.T.);
#12806=ORIENTED_EDGE('',*,*,#12138,.F.);
#12807=CARTESIAN_POINT('',(-0.141732283464567,-0.062992125984252,0.066929133858268));
#12808=DIRECTION('',(0.0,-1.0,0.0));
#12809=VECTOR('',#12808,0.007874015748031);
#12810=LINE('',#12807,#12809);
#12811=EDGE_CURVE('',#10879,#12773,#12810,.T.);
#12812=ORIENTED_EDGE('',*,*,#12811,.T.);
#12813=ORIENTED_EDGE('',*,*,#12788,.F.);
#12814=ORIENTED_EDGE('',*,*,#8738,.F.);
#12815=ORIENTED_EDGE('',*,*,#5508,.F.);
#12816=ORIENTED_EDGE('',*,*,#8719,.F.);
#12817=CARTESIAN_POINT('',(-0.141732283464567,0.070866141732283,0.078740157480315));
#12818=DIRECTION('',(0.0,0.0,-1.0));
#12819=VECTOR('',#12818,0.011811023622047);
#12820=LINE('',#12817,#12819);
#12821=EDGE_CURVE('',#8708,#12799,#12820,.T.);
#12822=ORIENTED_EDGE('',*,*,#12821,.T.);
#12823=EDGE_LOOP('',(#12805,#12806,#12812,#12813,#12814,#12815,#12816,#12822));
#12824=FACE_OUTER_BOUND('',#12823,.T.);
#12825=ADVANCED_FACE('',(#12824),#12797,.T.);
#12826=CARTESIAN_POINT('',(-0.123129921259842,0.070866141732283,0.079330708661417));
#12827=DIRECTION('',(0.0,1.0,0.0));
#12828=DIRECTION('',(0.0,0.0,1.0));
#12829=AXIS2_PLACEMENT_3D('',#12826,#12827,#12828);
#12830=PLANE('',#12829);
#12831=ORIENTED_EDGE('',*,*,#12181,.F.);
#12832=CARTESIAN_POINT('',(-0.131889763779528,0.070866141732283,0.066929133858268));
#12833=DIRECTION('',(-1.0,0.0,0.0));
#12834=VECTOR('',#12833,0.009842519685039);
#12835=LINE('',#12832,#12834);
#12836=EDGE_CURVE('',#11629,#12799,#12835,.T.);
#12837=ORIENTED_EDGE('',*,*,#12836,.T.);
#12838=ORIENTED_EDGE('',*,*,#12821,.F.);
#12839=ORIENTED_EDGE('',*,*,#8713,.F.);
#12840=ORIENTED_EDGE('',*,*,#5443,.F.);
#12841=CARTESIAN_POINT('',(-0.124015748031496,0.070866141732283,0.078740157480315));
#12842=DIRECTION('',(0.0,0.0,-1.0));
#12843=VECTOR('',#12842,0.011811023622047);
#12844=LINE('',#12841,#12843);
#12845=EDGE_CURVE('',#5430,#12176,#12844,.T.);
#12846=ORIENTED_EDGE('',*,*,#12845,.T.);
#12847=EDGE_LOOP('',(#12831,#12837,#12838,#12839,#12840,#12846));
#12848=FACE_OUTER_BOUND('',#12847,.T.);
#12849=ADVANCED_FACE('',(#12848),#12830,.T.);
#12850=CARTESIAN_POINT('',(-0.124015748031496,0.126673228346457,0.079724409448819));
#12851=DIRECTION('',(-1.0,0.0,0.0));
#12852=DIRECTION('',(0.0,0.0,1.0));
#12853=AXIS2_PLACEMENT_3D('',#12850,#12851,#12852);
#12854=PLANE('',#12853);
#12855=CARTESIAN_POINT('',(-0.124015748031496,0.09251968503937,0.066929133858268));
#12856=VERTEX_POINT('',#12855);
#12857=CARTESIAN_POINT('',(-0.124015748031496,0.09251968503937,0.066929133858268));
#12858=DIRECTION('',(0.0,-1.0,0.0));
#12859=VECTOR('',#12858,0.00492125984252);
#12860=LINE('',#12857,#12859);
#12861=EDGE_CURVE('',#12856,#10233,#12860,.T.);
#12862=ORIENTED_EDGE('',*,*,#12861,.T.);
#12863=ORIENTED_EDGE('',*,*,#12187,.F.);
#12864=ORIENTED_EDGE('',*,*,#12845,.F.);
#12865=ORIENTED_EDGE('',*,*,#5435,.F.);
#12866=ORIENTED_EDGE('',*,*,#10481,.T.);
#12867=ORIENTED_EDGE('',*,*,#12304,.F.);
#12868=CARTESIAN_POINT('',(-0.124015748031496,0.09251968503937,0.066929133858268));
#12869=DIRECTION('',(0.0,0.0,-1.0));
#12870=VECTOR('',#12869,0.007874015748032);
#12871=LINE('',#12868,#12870);
#12872=EDGE_CURVE('',#12856,#12293,#12871,.T.);
#12873=ORIENTED_EDGE('',*,*,#12872,.F.);
#12874=EDGE_LOOP('',(#12862,#12863,#12864,#12865,#12866,#12867,#12873));
#12875=FACE_OUTER_BOUND('',#12874,.T.);
#12876=ADVANCED_FACE('',(#12875),#12854,.T.);
#12877=CARTESIAN_POINT('',(0.14251968503937,-0.058464566929134,0.078740157480315));
#12878=DIRECTION('',(0.0,0.0,-1.0));
#12879=DIRECTION('',(-1.0,0.0,0.0));
#12880=AXIS2_PLACEMENT_3D('',#12877,#12878,#12879);
#12881=PLANE('',#12880);
#12882=ORIENTED_EDGE('',*,*,#8454,.T.);
#12883=ORIENTED_EDGE('',*,*,#12653,.T.);
#12884=ORIENTED_EDGE('',*,*,#12625,.T.);
#12885=ORIENTED_EDGE('',*,*,#5810,.T.);
#12886=ORIENTED_EDGE('',*,*,#5782,.T.);
#12887=EDGE_LOOP('',(#12882,#12883,#12884,#12885,#12886));
#12888=FACE_OUTER_BOUND('',#12887,.T.);
#12889=ADVANCED_FACE('',(#12888),#12881,.F.);
#12890=CARTESIAN_POINT('',(-0.09251968503937,0.124606299212598,0.058661417322834));
#12891=DIRECTION('',(1.0,0.0,0.0));
#12892=DIRECTION('',(0.0,0.0,-1.0));
#12893=AXIS2_PLACEMENT_3D('',#12890,#12891,#12892);
#12894=PLANE('',#12893);
#12895=ORIENTED_EDGE('',*,*,#12281,.F.);
#12896=ORIENTED_EDGE('',*,*,#10549,.F.);
#12897=CARTESIAN_POINT('',(-0.09251968503937,0.112204724409449,0.066929133858268));
#12898=VERTEX_POINT('',#12897);
#12899=CARTESIAN_POINT('',(-0.09251968503937,0.112204724409449,0.066929133858268));
#12900=DIRECTION('',(0.0,1.0,0.0));
#12901=VECTOR('',#12900,0.011811023622047);
#12902=LINE('',#12899,#12901);
#12903=EDGE_CURVE('',#12898,#10538,#12902,.T.);
#12904=ORIENTED_EDGE('',*,*,#12903,.F.);
#12905=CARTESIAN_POINT('',(-0.09251968503937,0.112204724409449,0.066929133858268));
#12906=DIRECTION('',(0.0,0.0,-1.0));
#12907=VECTOR('',#12906,0.007874015748032);
#12908=LINE('',#12905,#12907);
#12909=EDGE_CURVE('',#12898,#12276,#12908,.T.);
#12910=ORIENTED_EDGE('',*,*,#12909,.T.);
#12911=EDGE_LOOP('',(#12895,#12896,#12904,#12910));
#12912=FACE_OUTER_BOUND('',#12911,.T.);
#12913=ADVANCED_FACE('',(#12912),#12894,.T.);
#12914=CARTESIAN_POINT('',(-0.112204724409449,0.112204724409449,0.06732283464567));
#12915=DIRECTION('',(0.0,0.0,-1.0));
#12916=DIRECTION('',(-0.707106781186547,0.707106781186548,0.0));
#12917=AXIS2_PLACEMENT_3D('',#12914,#12915,#12916);
#12918=CYLINDRICAL_SURFACE('',#12917,0.019685039370079);
#12919=ORIENTED_EDGE('',*,*,#12290,.F.);
#12920=ORIENTED_EDGE('',*,*,#12909,.F.);
#12921=CARTESIAN_POINT('',(-0.112204724409449,0.09251968503937,0.066929133858268));
#12922=VERTEX_POINT('',#12921);
#12923=CARTESIAN_POINT('',(-0.112204724409449,0.112204724409449,0.066929133858268));
#12924=DIRECTION('',(0.0,0.0,1.0));
#12925=DIRECTION('',(1.0,0.0,0.0));
#12926=AXIS2_PLACEMENT_3D('',#12923,#12924,#12925);
#12927=CIRCLE('',#12926,0.019685039370079);
#12928=EDGE_CURVE('',#12922,#12898,#12927,.T.);
#12929=ORIENTED_EDGE('',*,*,#12928,.F.);
#12930=CARTESIAN_POINT('',(-0.112204724409449,0.09251968503937,0.066929133858268));
#12931=DIRECTION('',(0.0,0.0,-1.0));
#12932=VECTOR('',#12931,0.007874015748032);
#12933=LINE('',#12930,#12932);
#12934=EDGE_CURVE('',#12922,#12284,#12933,.T.);
#12935=ORIENTED_EDGE('',*,*,#12934,.T.);
#12936=EDGE_LOOP('',(#12919,#12920,#12929,#12935));
#12937=FACE_OUTER_BOUND('',#12936,.T.);
#12938=ADVANCED_FACE('',(#12937),#12918,.T.);
#12939=CARTESIAN_POINT('',(-0.111614173228347,0.09251968503937,0.058661417322834));
#12940=DIRECTION('',(0.0,-1.0,0.0));
#12941=DIRECTION('',(0.0,0.0,-1.0));
#12942=AXIS2_PLACEMENT_3D('',#12939,#12940,#12941);
#12943=PLANE('',#12942);
#12944=ORIENTED_EDGE('',*,*,#12298,.F.);
#12945=ORIENTED_EDGE('',*,*,#12934,.F.);
#12946=CARTESIAN_POINT('',(-0.124015748031496,0.09251968503937,0.066929133858268));
#12947=DIRECTION('',(1.0,0.0,0.0));
#12948=VECTOR('',#12947,0.011811023622047);
#12949=LINE('',#12946,#12948);
#12950=EDGE_CURVE('',#12856,#12922,#12949,.T.);
#12951=ORIENTED_EDGE('',*,*,#12950,.F.);
#12952=ORIENTED_EDGE('',*,*,#12872,.T.);
#12953=EDGE_LOOP('',(#12944,#12945,#12951,#12952));
#12954=FACE_OUTER_BOUND('',#12953,.T.);
#12955=ADVANCED_FACE('',(#12954),#12943,.T.);
#12956=CARTESIAN_POINT('',(0.124606299212598,0.09251968503937,0.058661417322834));
#12957=DIRECTION('',(0.0,-1.0,0.0));
#12958=DIRECTION('',(0.0,0.0,-1.0));
#12959=AXIS2_PLACEMENT_3D('',#12956,#12957,#12958);
#12960=PLANE('',#12959);
#12961=ORIENTED_EDGE('',*,*,#12333,.F.);
#12962=ORIENTED_EDGE('',*,*,#12556,.F.);
#12963=CARTESIAN_POINT('',(0.112204724409449,0.09251968503937,0.066929133858268));
#12964=VERTEX_POINT('',#12963);
#12965=CARTESIAN_POINT('',(0.112204724409449,0.09251968503937,0.066929133858268));
#12966=DIRECTION('',(1.0,0.0,0.0));
#12967=VECTOR('',#12966,0.011811023622047);
#12968=LINE('',#12965,#12967);
#12969=EDGE_CURVE('',#12964,#12545,#12968,.T.);
#12970=ORIENTED_EDGE('',*,*,#12969,.F.);
#12971=CARTESIAN_POINT('',(0.112204724409449,0.09251968503937,0.066929133858268));
#12972=DIRECTION('',(0.0,0.0,-1.0));
#12973=VECTOR('',#12972,0.007874015748032);
#12974=LINE('',#12971,#12973);
#12975=EDGE_CURVE('',#12964,#12328,#12974,.T.);
#12976=ORIENTED_EDGE('',*,*,#12975,.T.);
#12977=EDGE_LOOP('',(#12961,#12962,#12970,#12976));
#12978=FACE_OUTER_BOUND('',#12977,.T.);
#12979=ADVANCED_FACE('',(#12978),#12960,.T.);
#12980=CARTESIAN_POINT('',(0.112204724409449,0.112204724409449,0.06732283464567));
#12981=DIRECTION('',(0.0,0.0,-1.0));
#12982=DIRECTION('',(0.707106781186548,0.707106781186547,0.0));
#12983=AXIS2_PLACEMENT_3D('',#12980,#12981,#12982);
#12984=CYLINDRICAL_SURFACE('',#12983,0.019685039370079);
#12985=ORIENTED_EDGE('',*,*,#12342,.F.);
#12986=ORIENTED_EDGE('',*,*,#12975,.F.);
#12987=CARTESIAN_POINT('',(0.09251968503937,0.112204724409449,0.066929133858268));
#12988=VERTEX_POINT('',#12987);
#12989=CARTESIAN_POINT('',(0.112204724409449,0.112204724409449,0.066929133858268));
#12990=DIRECTION('',(0.0,0.0,1.0));
#12991=DIRECTION('',(0.0,-1.0,0.0));
#12992=AXIS2_PLACEMENT_3D('',#12989,#12990,#12991);
#12993=CIRCLE('',#12992,0.019685039370079);
#12994=EDGE_CURVE('',#12988,#12964,#12993,.T.);
#12995=ORIENTED_EDGE('',*,*,#12994,.F.);
#12996=CARTESIAN_POINT('',(0.09251968503937,0.112204724409449,0.066929133858268));
#12997=DIRECTION('',(0.0,0.0,-1.0));
#12998=VECTOR('',#12997,0.007874015748032);
#12999=LINE('',#12996,#12998);
#13000=EDGE_CURVE('',#12988,#12336,#12999,.T.);
#13001=ORIENTED_EDGE('',*,*,#13000,.T.);
#13002=EDGE_LOOP('',(#12985,#12986,#12995,#13001));
#13003=FACE_OUTER_BOUND('',#13002,.T.);
#13004=ADVANCED_FACE('',(#13003),#12984,.T.);
#13005=CARTESIAN_POINT('',(0.09251968503937,0.124606299212598,0.06732283464567));
#13006=DIRECTION('',(-1.0,0.0,0.0));
#13007=DIRECTION('',(0.0,0.0,1.0));
#13008=AXIS2_PLACEMENT_3D('',#13005,#13006,#13007);
#13009=PLANE('',#13008);
#13010=ORIENTED_EDGE('',*,*,#12348,.F.);
#13011=ORIENTED_EDGE('',*,*,#13000,.F.);
#13012=CARTESIAN_POINT('',(0.09251968503937,0.124015748031496,0.066929133858268));
#13013=DIRECTION('',(0.0,-1.0,0.0));
#13014=VECTOR('',#13013,0.011811023622047);
#13015=LINE('',#13012,#13014);
#13016=EDGE_CURVE('',#10554,#12988,#13015,.T.);
#13017=ORIENTED_EDGE('',*,*,#13016,.F.);
#13018=ORIENTED_EDGE('',*,*,#10561,.T.);
#13019=EDGE_LOOP('',(#13010,#13011,#13017,#13018));
#13020=FACE_OUTER_BOUND('',#13019,.T.);
#13021=ADVANCED_FACE('',(#13020),#13009,.T.);
#13022=CARTESIAN_POINT('',(0.09251968503937,-0.111614173228347,0.06732283464567));
#13023=DIRECTION('',(-1.0,0.0,0.0));
#13024=DIRECTION('',(0.0,0.0,1.0));
#13025=AXIS2_PLACEMENT_3D('',#13022,#13023,#13024);
#13026=PLANE('',#13025);
#13027=ORIENTED_EDGE('',*,*,#12369,.F.);
#13028=ORIENTED_EDGE('',*,*,#11401,.F.);
#13029=CARTESIAN_POINT('',(0.09251968503937,-0.112204724409449,0.066929133858268));
#13030=VERTEX_POINT('',#13029);
#13031=CARTESIAN_POINT('',(0.09251968503937,-0.112204724409449,0.066929133858268));
#13032=DIRECTION('',(0.0,-1.0,0.0));
#13033=VECTOR('',#13032,0.011811023622047);
#13034=LINE('',#13031,#13033);
#13035=EDGE_CURVE('',#13030,#11390,#13034,.T.);
#13036=ORIENTED_EDGE('',*,*,#13035,.F.);
#13037=CARTESIAN_POINT('',(0.09251968503937,-0.112204724409449,0.066929133858268));
#13038=DIRECTION('',(0.0,0.0,-1.0));
#13039=VECTOR('',#13038,0.007874015748032);
#13040=LINE('',#13037,#13039);
#13041=EDGE_CURVE('',#13030,#12364,#13040,.T.);
#13042=ORIENTED_EDGE('',*,*,#13041,.T.);
#13043=EDGE_LOOP('',(#13027,#13028,#13036,#13042));
#13044=FACE_OUTER_BOUND('',#13043,.T.);
#13045=ADVANCED_FACE('',(#13044),#13026,.T.);
#13046=CARTESIAN_POINT('',(0.112204724409449,-0.112204724409449,0.06732283464567));
#13047=DIRECTION('',(0.0,0.0,-1.0));
#13048=DIRECTION('',(0.707106781186547,-0.707106781186548,0.0));
#13049=AXIS2_PLACEMENT_3D('',#13046,#13047,#13048);
#13050=CYLINDRICAL_SURFACE('',#13049,0.019685039370079);
#13051=ORIENTED_EDGE('',*,*,#12378,.F.);
#13052=ORIENTED_EDGE('',*,*,#13041,.F.);
#13053=CARTESIAN_POINT('',(0.112204724409449,-0.09251968503937,0.066929133858268));
#13054=VERTEX_POINT('',#13053);
#13055=CARTESIAN_POINT('',(0.112204724409449,-0.112204724409449,0.066929133858268));
#13056=DIRECTION('',(0.0,0.0,1.0));
#13057=DIRECTION('',(-1.0,0.0,0.0));
#13058=AXIS2_PLACEMENT_3D('',#13055,#13056,#13057);
#13059=CIRCLE('',#13058,0.019685039370079);
#13060=EDGE_CURVE('',#13054,#13030,#13059,.T.);
#13061=ORIENTED_EDGE('',*,*,#13060,.F.);
#13062=CARTESIAN_POINT('',(0.112204724409449,-0.09251968503937,0.066929133858268));
#13063=DIRECTION('',(0.0,0.0,-1.0));
#13064=VECTOR('',#13063,0.007874015748032);
#13065=LINE('',#13062,#13064);
#13066=EDGE_CURVE('',#13054,#12372,#13065,.T.);
#13067=ORIENTED_EDGE('',*,*,#13066,.T.);
#13068=EDGE_LOOP('',(#13051,#13052,#13061,#13067));
#13069=FACE_OUTER_BOUND('',#13068,.T.);
#13070=ADVANCED_FACE('',(#13069),#13050,.T.);
#13071=CARTESIAN_POINT('',(0.124606299212598,-0.09251968503937,0.06732283464567));
#13072=DIRECTION('',(0.0,1.0,0.0));
#13073=DIRECTION('',(0.0,0.0,1.0));
#13074=AXIS2_PLACEMENT_3D('',#13071,#13072,#13073);
#13075=PLANE('',#13074);
#13076=ORIENTED_EDGE('',*,*,#12386,.F.);
#13077=ORIENTED_EDGE('',*,*,#13066,.F.);
#13078=CARTESIAN_POINT('',(0.124015748031496,-0.09251968503937,0.066929133858268));
#13079=DIRECTION('',(-1.0,0.0,0.0));
#13080=VECTOR('',#13079,0.011811023622047);
#13081=LINE('',#13078,#13080);
#13082=EDGE_CURVE('',#12671,#13054,#13081,.T.);
#13083=ORIENTED_EDGE('',*,*,#13082,.F.);
#13084=ORIENTED_EDGE('',*,*,#12687,.T.);
#13085=EDGE_LOOP('',(#13076,#13077,#13083,#13084));
#13086=FACE_OUTER_BOUND('',#13085,.T.);
#13087=ADVANCED_FACE('',(#13086),#13075,.T.);
#13088=CARTESIAN_POINT('',(-0.111614173228347,-0.09251968503937,0.06732283464567));
#13089=DIRECTION('',(0.0,1.0,0.0));
#13090=DIRECTION('',(0.0,0.0,1.0));
#13091=AXIS2_PLACEMENT_3D('',#13088,#13089,#13090);
#13092=PLANE('',#13091);
#13093=ORIENTED_EDGE('',*,*,#12421,.F.);
#13094=ORIENTED_EDGE('',*,*,#12753,.F.);
#13095=ORIENTED_EDGE('',*,*,#12476,.F.);
#13096=CARTESIAN_POINT('',(-0.112204724409449,-0.09251968503937,0.066929133858268));
#13097=DIRECTION('',(0.0,0.0,-1.0));
#13098=VECTOR('',#13097,0.007874015748032);
#13099=LINE('',#13096,#13098);
#13100=EDGE_CURVE('',#12462,#12416,#13099,.T.);
#13101=ORIENTED_EDGE('',*,*,#13100,.T.);
#13102=EDGE_LOOP('',(#13093,#13094,#13095,#13101));
#13103=FACE_OUTER_BOUND('',#13102,.T.);
#13104=ADVANCED_FACE('',(#13103),#13092,.T.);
#13105=CARTESIAN_POINT('',(-0.112204724409449,-0.112204724409449,0.06732283464567));
#13106=DIRECTION('',(0.0,0.0,-1.0));
#13107=DIRECTION('',(-0.707106781186548,-0.707106781186547,0.0));
#13108=AXIS2_PLACEMENT_3D('',#13105,#13106,#13107);
#13109=CYLINDRICAL_SURFACE('',#13108,0.019685039370079);
#13110=ORIENTED_EDGE('',*,*,#12430,.F.);
#13111=ORIENTED_EDGE('',*,*,#13100,.F.);
#13112=ORIENTED_EDGE('',*,*,#12468,.F.);
#13113=CARTESIAN_POINT('',(-0.09251968503937,-0.112204724409449,0.066929133858268));
#13114=DIRECTION('',(0.0,0.0,-1.0));
#13115=VECTOR('',#13114,0.007874015748032);
#13116=LINE('',#13113,#13115);
#13117=EDGE_CURVE('',#12454,#12424,#13116,.T.);
#13118=ORIENTED_EDGE('',*,*,#13117,.T.);
#13119=EDGE_LOOP('',(#13110,#13111,#13112,#13118));
#13120=FACE_OUTER_BOUND('',#13119,.T.);
#13121=ADVANCED_FACE('',(#13120),#13109,.T.);
#13122=CARTESIAN_POINT('',(-0.09251968503937,-0.111614173228347,0.058661417322834));
#13123=DIRECTION('',(1.0,0.0,0.0));
#13124=DIRECTION('',(0.0,0.0,-1.0));
#13125=AXIS2_PLACEMENT_3D('',#13122,#13123,#13124);
#13126=PLANE('',#13125);
#13127=ORIENTED_EDGE('',*,*,#12436,.F.);
#13128=ORIENTED_EDGE('',*,*,#13117,.F.);
#13129=ORIENTED_EDGE('',*,*,#12459,.F.);
#13130=ORIENTED_EDGE('',*,*,#11413,.T.);
#13131=EDGE_LOOP('',(#13127,#13128,#13129,#13130));
#13132=FACE_OUTER_BOUND('',#13131,.T.);
#13133=ADVANCED_FACE('',(#13132),#13126,.T.);
#13134=CARTESIAN_POINT('',(-2.048886E-018,4.780732E-018,0.066929133858268));
#13135=DIRECTION('',(0.0,0.0,-1.0));
#13136=DIRECTION('',(-1.0,0.0,0.0));
#13137=AXIS2_PLACEMENT_3D('',#13134,#13135,#13136);
#13138=PLANE('',#13137);
#13139=ORIENTED_EDGE('',*,*,#11552,.T.);
#13140=ORIENTED_EDGE('',*,*,#12778,.F.);
#13141=ORIENTED_EDGE('',*,*,#12811,.F.);
#13142=ORIENTED_EDGE('',*,*,#10884,.T.);
#13143=EDGE_LOOP('',(#13139,#13140,#13141,#13142));
#13144=FACE_OUTER_BOUND('',#13143,.T.);
#13145=ADVANCED_FACE('',(#13144),#13138,.T.);
#13146=CARTESIAN_POINT('',(-0.131397637795276,0.071259842519685,0.066929133858268));
#13147=DIRECTION('',(0.0,0.0,-1.0));
#13148=DIRECTION('',(-1.0,0.0,0.0));
#13149=AXIS2_PLACEMENT_3D('',#13146,#13147,#13148);
#13150=PLANE('',#13149);
#13151=ORIENTED_EDGE('',*,*,#10939,.T.);
#13152=ORIENTED_EDGE('',*,*,#12804,.F.);
#13153=ORIENTED_EDGE('',*,*,#12836,.F.);
#13154=ORIENTED_EDGE('',*,*,#11634,.T.);
#13155=EDGE_LOOP('',(#13151,#13152,#13153,#13154));
#13156=FACE_OUTER_BOUND('',#13155,.T.);
#13157=ADVANCED_FACE('',(#13156),#13150,.T.);
#13158=CARTESIAN_POINT('',(0.125639763779528,-0.085777559055118,0.066929133858268));
#13159=DIRECTION('',(0.0,0.0,-1.0));
#13160=DIRECTION('',(-1.0,0.0,0.0));
#13161=AXIS2_PLACEMENT_3D('',#13158,#13159,#13160);
#13162=PLANE('',#13161);
#13163=ORIENTED_EDGE('',*,*,#10364,.T.);
#13164=ORIENTED_EDGE('',*,*,#11499,.T.);
#13165=ORIENTED_EDGE('',*,*,#12676,.F.);
#13166=ORIENTED_EDGE('',*,*,#13082,.T.);
#13167=ORIENTED_EDGE('',*,*,#13060,.T.);
#13168=ORIENTED_EDGE('',*,*,#13035,.T.);
#13169=ORIENTED_EDGE('',*,*,#11395,.F.);
#13170=EDGE_LOOP('',(#13163,#13164,#13165,#13166,#13167,#13168,#13169));
#13171=FACE_OUTER_BOUND('',#13170,.T.);
#13172=ADVANCED_FACE('',(#13171),#13162,.T.);
#13173=CARTESIAN_POINT('',(0.142224409448819,-0.06259842519685,0.066929133858268));
#13174=DIRECTION('',(0.0,0.0,-1.0));
#13175=DIRECTION('',(-1.0,0.0,0.0));
#13176=AXIS2_PLACEMENT_3D('',#13173,#13174,#13175);
#13177=PLANE('',#13176);
#13178=ORIENTED_EDGE('',*,*,#11580,.T.);
#13179=ORIENTED_EDGE('',*,*,#10733,.T.);
#13180=ORIENTED_EDGE('',*,*,#12607,.F.);
#13181=ORIENTED_EDGE('',*,*,#12646,.F.);
#13182=EDGE_LOOP('',(#13178,#13179,#13180,#13181));
#13183=FACE_OUTER_BOUND('',#13182,.T.);
#13184=ADVANCED_FACE('',(#13183),#13177,.T.);
#13185=CARTESIAN_POINT('',(-0.089911417322834,0.125836614173228,0.066929133858268));
#13186=DIRECTION('',(0.0,0.0,-1.0));
#13187=DIRECTION('',(-1.0,0.0,0.0));
#13188=AXIS2_PLACEMENT_3D('',#13185,#13186,#13187);
#13189=PLANE('',#13188);
#13190=ORIENTED_EDGE('',*,*,#10244,.T.);
#13191=ORIENTED_EDGE('',*,*,#12861,.F.);
#13192=ORIENTED_EDGE('',*,*,#12950,.T.);
#13193=ORIENTED_EDGE('',*,*,#12928,.T.);
#13194=ORIENTED_EDGE('',*,*,#12903,.T.);
#13195=ORIENTED_EDGE('',*,*,#10543,.F.);
#13196=ORIENTED_EDGE('',*,*,#10206,.T.);
#13197=EDGE_LOOP('',(#13190,#13191,#13192,#13193,#13194,#13195,#13196));
#13198=FACE_OUTER_BOUND('',#13197,.T.);
#13199=ADVANCED_FACE('',(#13198),#13189,.T.);
#13200=CARTESIAN_POINT('',(0.142224409448819,0.071259842519685,0.066929133858268));
#13201=DIRECTION('',(0.0,0.0,-1.0));
#13202=DIRECTION('',(-1.0,0.0,0.0));
#13203=AXIS2_PLACEMENT_3D('',#13200,#13201,#13202);
#13204=PLANE('',#13203);
#13205=ORIENTED_EDGE('',*,*,#11727,.T.);
#13206=ORIENTED_EDGE('',*,*,#11689,.T.);
#13207=ORIENTED_EDGE('',*,*,#12581,.F.);
#13208=ORIENTED_EDGE('',*,*,#12614,.F.);
#13209=EDGE_LOOP('',(#13205,#13206,#13207,#13208));
#13210=FACE_OUTER_BOUND('',#13209,.T.);
#13211=ADVANCED_FACE('',(#13210),#13204,.T.);
#13212=CARTESIAN_POINT('',(0.125639763779528,0.125836614173228,0.066929133858268));
#13213=DIRECTION('',(0.0,0.0,-1.0));
#13214=DIRECTION('',(-1.0,0.0,0.0));
#13215=AXIS2_PLACEMENT_3D('',#13212,#13213,#13214);
#13216=PLANE('',#13215);
#13217=ORIENTED_EDGE('',*,*,#10135,.T.);
#13218=ORIENTED_EDGE('',*,*,#10171,.T.);
#13219=ORIENTED_EDGE('',*,*,#10567,.F.);
#13220=ORIENTED_EDGE('',*,*,#13016,.T.);
#13221=ORIENTED_EDGE('',*,*,#12994,.T.);
#13222=ORIENTED_EDGE('',*,*,#12969,.T.);
#13223=ORIENTED_EDGE('',*,*,#12550,.F.);
#13224=EDGE_LOOP('',(#13217,#13218,#13219,#13220,#13221,#13222,#13223));
#13225=FACE_OUTER_BOUND('',#13224,.T.);
#13226=ADVANCED_FACE('',(#13225),#13216,.T.);
#13227=CLOSED_SHELL('',(#213,#277,#336,#367,#457,#497,#596,#636,#817,#845,#919,#993,#1025,#1049,#1073,#1097,#1129,#1318,#1514,#1556,#1587,#1609,#1626,#1648,#1690,#1712,#1754,#1776,#1818,#1840,#1882,#1924,#1970,#2012,#2068,#2101,#2143,#2199,#2216,#2238,#2337,#2379,#2423,#2482,#2516,#2543,#2555,#2580,#2660,#2685,#2709,#2736,#2769,#2786,#2803,#2815,#2832,#2849,#2861,#2873,#2885,#2897,#2909,#2921,#2970,#3019,#3068,#3117,#3139,#3246,#3272,#3294,#3401,#3428,#3528,#3545,#3562,#3579,#3596,#3608,#3625,#3644,#3661,#3678,#3695,#3707,#3806,#3823,#3840,#3857,#3869,#3886,#3905,#3922,#3939,#3956,#3973,#3985,#3997,#4025,#4037,#4053,#4076,#4106,#4118,#4135,#4147,#4169,#4209,#4249,#4277,#4310,#4334,#4358,#4386,#4414,#4423,#4443,#4455,#4656,#4688,#4898,#4930,#5140,#5172,#5373,#5405,#5477,#5494,#5534,#5615,#5696,#5736,#5767,#5799,#5823,#5855,#5886,#5918,#5943,#5975,#6007,#6032,#6054,#6072,#6104,#6136,#6168,#6191,#6213,#6239,#6264,#6282,#6307,#6329,#6347,#6371,#6396,#6420,#6445,#6469,#6494,#6518,#6543,#6567,#6592,#6616,#6641,#6665,#6689,#6714,#6738,#6763,#6787,#6812,#6854,#6885,#6910,#6934,#6959,#6983,#7008,#7032,#7057,#7081,#7106,#7130,#7155,#7179,#7203,#7228,#7252,#7277,#7301,#7319,#7350,#7375,#7399,#7424,#7448,#7473,#7497,#7522,#7546,#7571,#7595,#7620,#7644,#7668,#7693,#7717,#7742,#7766,#7784,#7808,#7833,#7857,#7882,#7906,#7931,#7955,#7980,#8004,#8029,#8053,#8078,#8102,#8126,#8151,#8175,#8200,#8224,#8249,#8291,#8311,#8361,#8389,#8409,#8421,#8433,#8458,#8495,#8519,#8535,#8549,#8572,#8584,#8609,#8646,#8660,#8684,#8698,#8723,#8748,#8773,#8798,#8823,#8848,#8873,#9075,#9147,#9184,#9208,#9232,#9256,#9280,#9304,#9334,#9406,#9443,#9467,#9491,#9515,#9539,#9563,#9593,#9633,#9664,#9704,#9735,#9775,#9861,#9885,#9909,#9933,#9998,#10015,#10032,#10049,#10061,#10073,#10085,#10097,#10145,#10176,#10216,#10255,#10303,#10334,#10374,#10578,#10657,#10688,#10759,#10799,#10846,#10894,#10949,#10980,#11004,#11021,#11033,#11057,#11074,#11086,#11117,#11139,#11151,#11182,#11199,#11216,#11265,#11282,#11430,#11447,#11471,#11510,#11527,#11559,#11612,#11644,#11699,#11740,#11798,#11854,#11871,#11888,#11905,#11922,#11939,#11951,#11982,#12006,#12030,#12054,#12071,#12088,#12104,#12128,#12145,#12169,#12193,#12217,#12234,#12269,#12313,#12357,#12401,#12445,#12487,#12505,#12524,#12537,#12569,#12595,#12635,#12664,#12691,#12709,#12728,#12741,#12766,#12792,#12825,#12849,#12876,#12889,#12913,#12938,#12955,#12979,#13004,#13021,#13045,#13070,#13087,#13104,#13121,#13133,#13145,#13157,#13172,#13184,#13199,#13211,#13226));
#13228=CARTESIAN_POINT('',(0.127755905511812,0.110433070866142,0.066929133858268));
#13229=DIRECTION('',(0.0,0.0,-1.0));
#13230=DIRECTION('',(-1.0,0.0,0.0));
#13231=AXIS2_PLACEMENT_3D('',#13228,#13229,#13230);
#13232=PLANE('',#13231);
#13233=CARTESIAN_POINT('',(-0.087504373113751,-0.049212598425197,0.066929133858268));
#13234=VERTEX_POINT('',#13233);
#13235=CARTESIAN_POINT('',(-0.116141732283465,-0.049212598425197,0.066929133858268));
#13236=VERTEX_POINT('',#13235);
#13237=CARTESIAN_POINT('',(-0.087504373113751,-0.049212598425197,0.066929133858268));
#13238=DIRECTION('',(-1.0,0.0,0.0));
#13239=VECTOR('',#13238,0.028637359169714);
#13240=LINE('',#13237,#13239);
#13241=EDGE_CURVE('',#13234,#13236,#13240,.T.);
#13242=ORIENTED_EDGE('',*,*,#13241,.T.);
#13243=CARTESIAN_POINT('',(-0.116141732283465,0.049212598425197,0.066929133858268));
#13244=VERTEX_POINT('',#13243);
#13245=CARTESIAN_POINT('',(-0.116141732283465,-0.049212598425197,0.066929133858268));
#13246=DIRECTION('',(0.0,1.0,0.0));
#13247=VECTOR('',#13246,0.098425196850394);
#13248=LINE('',#13245,#13247);
#13249=EDGE_CURVE('',#13236,#13244,#13248,.T.);
#13250=ORIENTED_EDGE('',*,*,#13249,.T.);
#13251=CARTESIAN_POINT('',(-0.087504373113751,0.049212598425197,0.066929133858268));
#13252=VERTEX_POINT('',#13251);
#13253=CARTESIAN_POINT('',(-0.116141732283465,0.049212598425197,0.066929133858268));
#13254=DIRECTION('',(1.0,0.0,0.0));
#13255=VECTOR('',#13254,0.028637359169714);
#13256=LINE('',#13253,#13255);
#13257=EDGE_CURVE('',#13244,#13252,#13256,.T.);
#13258=ORIENTED_EDGE('',*,*,#13257,.T.);
#13259=CARTESIAN_POINT('',(0.087504373113751,0.049212598425197,0.066929133858268));
#13260=VERTEX_POINT('',#13259);
#13261=CARTESIAN_POINT('',(0.0,0.0,0.066929133858268));
#13262=DIRECTION('',(0.0,0.0,-1.0));
#13263=DIRECTION('',(0.871612187093838,0.490196078431372,0.0));
#13264=AXIS2_PLACEMENT_3D('',#13261,#13262,#13263);
#13265=CIRCLE('',#13264,0.100393700787402);
#13266=EDGE_CURVE('',#13252,#13260,#13265,.T.);
#13267=ORIENTED_EDGE('',*,*,#13266,.T.);
#13268=CARTESIAN_POINT('',(0.116141732283465,0.049212598425197,0.066929133858268));
#13269=VERTEX_POINT('',#13268);
#13270=CARTESIAN_POINT('',(0.087504373113751,0.049212598425197,0.066929133858268));
#13271=DIRECTION('',(1.0,0.0,0.0));
#13272=VECTOR('',#13271,0.028637359169714);
#13273=LINE('',#13270,#13272);
#13274=EDGE_CURVE('',#13260,#13269,#13273,.T.);
#13275=ORIENTED_EDGE('',*,*,#13274,.T.);
#13276=CARTESIAN_POINT('',(0.116141732283465,-0.049212598425197,0.066929133858268));
#13277=VERTEX_POINT('',#13276);
#13278=CARTESIAN_POINT('',(0.116141732283465,0.049212598425197,0.066929133858268));
#13279=DIRECTION('',(0.0,-1.0,0.0));
#13280=VECTOR('',#13279,0.098425196850394);
#13281=LINE('',#13278,#13280);
#13282=EDGE_CURVE('',#13269,#13277,#13281,.T.);
#13283=ORIENTED_EDGE('',*,*,#13282,.T.);
#13284=CARTESIAN_POINT('',(0.087504373113751,-0.049212598425197,0.066929133858268));
#13285=VERTEX_POINT('',#13284);
#13286=CARTESIAN_POINT('',(0.116141732283465,-0.049212598425197,0.066929133858268));
#13287=DIRECTION('',(-1.0,0.0,0.0));
#13288=VECTOR('',#13287,0.028637359169714);
#13289=LINE('',#13286,#13288);
#13290=EDGE_CURVE('',#13277,#13285,#13289,.T.);
#13291=ORIENTED_EDGE('',*,*,#13290,.T.);
#13292=CARTESIAN_POINT('',(0.0,0.0,0.066929133858268));
#13293=DIRECTION('',(0.0,0.0,-1.0));
#13294=DIRECTION('',(-0.871612187093838,-0.490196078431372,0.0));
#13295=AXIS2_PLACEMENT_3D('',#13292,#13293,#13294);
#13296=CIRCLE('',#13295,0.100393700787402);
#13297=EDGE_CURVE('',#13285,#13234,#13296,.T.);
#13298=ORIENTED_EDGE('',*,*,#13297,.T.);
#13299=EDGE_LOOP('',(#13242,#13250,#13258,#13267,#13275,#13283,#13291,#13298));
#13300=FACE_OUTER_BOUND('',#13299,.T.);
#13301=CARTESIAN_POINT('',(3.109831E-017,-0.084645669291339,0.066929133858268));
#13302=VERTEX_POINT('',#13301);
#13303=CARTESIAN_POINT('',(0.0,0.0,0.066929133858268));
#13304=DIRECTION('',(0.0,0.0,1.0));
#13305=DIRECTION('',(0.0,1.0,0.0));
#13306=AXIS2_PLACEMENT_3D('',#13303,#13304,#13305);
#13307=CIRCLE('',#13306,0.084645669291339);
#13308=EDGE_CURVE('',#13302,#13302,#13307,.T.);
#13309=ORIENTED_EDGE('',*,*,#13308,.T.);
#13310=EDGE_LOOP('',(#13309));
#13311=FACE_BOUND('',#13310,.T.);
#13312=ADVANCED_FACE('',(#13300,#13311),#13232,.T.);
#13313=CARTESIAN_POINT('',(0.0,0.0,0.06732283464567));
#13314=DIRECTION('',(0.0,0.0,-1.0));
#13315=DIRECTION('',(0.0,-1.0,0.0));
#13316=AXIS2_PLACEMENT_3D('',#13313,#13314,#13315);
#13317=CYLINDRICAL_SURFACE('',#13316,0.084645669291339);
#13318=ORIENTED_EDGE('',*,*,#13308,.F.);
#13319=EDGE_LOOP('',(#13318));
#13320=FACE_OUTER_BOUND('',#13319,.T.);
#13321=CARTESIAN_POINT('',(3.109831E-017,-0.084645669291339,0.059055118110236));
#13322=VERTEX_POINT('',#13321);
#13323=CARTESIAN_POINT('',(0.0,0.0,0.059055118110236));
#13324=DIRECTION('',(0.0,0.0,1.0));
#13325=DIRECTION('',(0.0,1.0,0.0));
#13326=AXIS2_PLACEMENT_3D('',#13323,#13324,#13325);
#13327=CIRCLE('',#13326,0.084645669291339);
#13328=EDGE_CURVE('',#13322,#13322,#13327,.T.);
#13329=ORIENTED_EDGE('',*,*,#13328,.T.);
#13330=EDGE_LOOP('',(#13329));
#13331=FACE_BOUND('',#13330,.T.);
#13332=ADVANCED_FACE('',(#13320,#13331),#13317,.T.);
#13333=CARTESIAN_POINT('',(0.093110236220473,-0.093110236220473,0.059055118110236));
#13334=DIRECTION('',(0.0,0.0,1.0));
#13335=DIRECTION('',(1.0,0.0,0.0));
#13336=AXIS2_PLACEMENT_3D('',#13333,#13334,#13335);
#13337=PLANE('',#13336);
#13338=ORIENTED_EDGE('',*,*,#13328,.F.);
#13339=EDGE_LOOP('',(#13338));
#13340=FACE_OUTER_BOUND('',#13339,.T.);
#13341=ADVANCED_FACE('',(#13340),#13337,.F.);
#13342=CARTESIAN_POINT('',(1.068434E-035,-1.479454E-035,0.049015748031496));
#13343=DIRECTION('',(0.0,0.0,1.0));
#13344=DIRECTION('',(-0.994243636219647,-0.107142857142857,0.0));
#13345=AXIS2_PLACEMENT_3D('',#13342,#13343,#13344);
#13346=CYLINDRICAL_SURFACE('',#13345,0.02755905511811);
#13347=CARTESIAN_POINT('',(0.024408655054404,0.012795275590551,0.053149606299213));
#13348=VERTEX_POINT('',#13347);
#13349=CARTESIAN_POINT('',(0.027400415171408,0.002952755905512,0.053149606299213));
#13350=VERTEX_POINT('',#13349);
#13351=CARTESIAN_POINT('',(1.068434E-035,-1.479454E-035,0.053149606299213));
#13352=DIRECTION('',(0.0,0.0,-1.0));
#13353=DIRECTION('',(-0.994243636219647,-0.107142857142857,0.0));
#13354=AXIS2_PLACEMENT_3D('',#13351,#13352,#13353);
#13355=CIRCLE('',#13354,0.02755905511811);
#13356=EDGE_CURVE('',#13348,#13350,#13355,.T.);
#13357=ORIENTED_EDGE('',*,*,#13356,.T.);
#13358=CARTESIAN_POINT('',(0.027400415171408,0.002952755905512,0.049212598425197));
#13359=VERTEX_POINT('',#13358);
#13360=CARTESIAN_POINT('',(0.027400415171408,0.002952755905512,0.049212598425197));
#13361=DIRECTION('',(0.0,0.0,1.0));
#13362=VECTOR('',#13361,0.003937007874016);
#13363=LINE('',#13360,#13362);
#13364=EDGE_CURVE('',#13359,#13350,#13363,.T.);
#13365=ORIENTED_EDGE('',*,*,#13364,.F.);
#13366=CARTESIAN_POINT('',(0.024408655054404,0.012795275590551,0.049212598425197));
#13367=VERTEX_POINT('',#13366);
#13368=CARTESIAN_POINT('',(1.068434E-035,-1.479454E-035,0.049212598425197));
#13369=DIRECTION('',(0.0,0.0,-1.0));
#13370=DIRECTION('',(-0.994243636219647,-0.107142857142857,0.0));
#13371=AXIS2_PLACEMENT_3D('',#13368,#13369,#13370);
#13372=CIRCLE('',#13371,0.02755905511811);
#13373=EDGE_CURVE('',#13367,#13359,#13372,.T.);
#13374=ORIENTED_EDGE('',*,*,#13373,.F.);
#13375=CARTESIAN_POINT('',(0.024408655054404,0.012795275590551,0.049212598425197));
#13376=DIRECTION('',(0.0,0.0,1.0));
#13377=VECTOR('',#13376,0.003937007874016);
#13378=LINE('',#13375,#13377);
#13379=EDGE_CURVE('',#13367,#13348,#13378,.T.);
#13380=ORIENTED_EDGE('',*,*,#13379,.T.);
#13381=EDGE_LOOP('',(#13357,#13365,#13374,#13380));
#13382=FACE_OUTER_BOUND('',#13381,.T.);
#13383=ADVANCED_FACE('',(#13382),#13346,.T.);
#13384=CARTESIAN_POINT('',(-0.030140456688549,0.002952755905512,0.053346456692914));
#13385=DIRECTION('',(0.0,-1.0,0.0));
#13386=DIRECTION('',(0.0,0.0,-1.0));
#13387=AXIS2_PLACEMENT_3D('',#13384,#13385,#13386);
#13388=PLANE('',#13387);
#13389=CARTESIAN_POINT('',(-0.027400415171408,0.002952755905512,0.053149606299213));
#13390=VERTEX_POINT('',#13389);
#13391=CARTESIAN_POINT('',(0.027400415171408,0.002952755905512,0.053149606299213));
#13392=DIRECTION('',(-1.0,0.0,0.0));
#13393=VECTOR('',#13392,0.054800830342816);
#13394=LINE('',#13391,#13393);
#13395=EDGE_CURVE('',#13350,#13390,#13394,.T.);
#13396=ORIENTED_EDGE('',*,*,#13395,.T.);
#13397=CARTESIAN_POINT('',(-0.027400415171408,0.002952755905512,0.049212598425197));
#13398=VERTEX_POINT('',#13397);
#13399=CARTESIAN_POINT('',(-0.027400415171408,0.002952755905512,0.049212598425197));
#13400=DIRECTION('',(0.0,0.0,1.0));
#13401=VECTOR('',#13400,0.003937007874016);
#13402=LINE('',#13399,#13401);
#13403=EDGE_CURVE('',#13398,#13390,#13402,.T.);
#13404=ORIENTED_EDGE('',*,*,#13403,.F.);
#13405=CARTESIAN_POINT('',(0.027400415171408,0.002952755905512,0.049212598425197));
#13406=DIRECTION('',(-1.0,0.0,0.0));
#13407=VECTOR('',#13406,0.054800830342816);
#13408=LINE('',#13405,#13407);
#13409=EDGE_CURVE('',#13359,#13398,#13408,.T.);
#13410=ORIENTED_EDGE('',*,*,#13409,.F.);
#13411=ORIENTED_EDGE('',*,*,#13364,.T.);
#13412=EDGE_LOOP('',(#13396,#13404,#13410,#13411));
#13413=FACE_OUTER_BOUND('',#13412,.T.);
#13414=ADVANCED_FACE('',(#13413),#13388,.T.);
#13415=CARTESIAN_POINT('',(1.068434E-035,-1.479454E-035,0.049015748031496));
#13416=DIRECTION('',(0.0,0.0,1.0));
#13417=DIRECTION('',(0.88568548340266,-0.464285714285714,0.0));
#13418=AXIS2_PLACEMENT_3D('',#13415,#13416,#13417);
#13419=CYLINDRICAL_SURFACE('',#13418,0.02755905511811);
#13420=CARTESIAN_POINT('',(-0.024408655054404,0.012795275590551,0.053149606299213));
#13421=VERTEX_POINT('',#13420);
#13422=CARTESIAN_POINT('',(1.068434E-035,-1.479454E-035,0.053149606299213));
#13423=DIRECTION('',(0.0,0.0,-1.0));
#13424=DIRECTION('',(0.88568548340266,-0.464285714285714,0.0));
#13425=AXIS2_PLACEMENT_3D('',#13422,#13423,#13424);
#13426=CIRCLE('',#13425,0.02755905511811);
#13427=EDGE_CURVE('',#13390,#13421,#13426,.T.);
#13428=ORIENTED_EDGE('',*,*,#13427,.T.);
#13429=CARTESIAN_POINT('',(-0.024408655054404,0.012795275590551,0.049212598425197));
#13430=VERTEX_POINT('',#13429);
#13431=CARTESIAN_POINT('',(-0.024408655054404,0.012795275590551,0.049212598425197));
#13432=DIRECTION('',(0.0,0.0,1.0));
#13433=VECTOR('',#13432,0.003937007874016);
#13434=LINE('',#13431,#13433);
#13435=EDGE_CURVE('',#13430,#13421,#13434,.T.);
#13436=ORIENTED_EDGE('',*,*,#13435,.F.);
#13437=CARTESIAN_POINT('',(1.068434E-035,-1.479454E-035,0.049212598425197));
#13438=DIRECTION('',(0.0,0.0,-1.0));
#13439=DIRECTION('',(0.88568548340266,-0.464285714285714,0.0));
#13440=AXIS2_PLACEMENT_3D('',#13437,#13438,#13439);
#13441=CIRCLE('',#13440,0.02755905511811);
#13442=EDGE_CURVE('',#13398,#13430,#13441,.T.);
#13443=ORIENTED_EDGE('',*,*,#13442,.F.);
#13444=ORIENTED_EDGE('',*,*,#13403,.T.);
#13445=EDGE_LOOP('',(#13428,#13436,#13443,#13444));
#13446=FACE_OUTER_BOUND('',#13445,.T.);
#13447=ADVANCED_FACE('',(#13446),#13419,.T.);
#13448=CARTESIAN_POINT('',(-0.026849520559844,0.012795275590551,0.049015748031496));
#13449=DIRECTION('',(0.0,1.0,0.0));
#13450=DIRECTION('',(0.0,0.0,1.0));
#13451=AXIS2_PLACEMENT_3D('',#13448,#13449,#13450);
#13452=PLANE('',#13451);
#13453=CARTESIAN_POINT('',(-0.024408655054404,0.012795275590551,0.053149606299213));
#13454=DIRECTION('',(1.0,0.0,0.0));
#13455=VECTOR('',#13454,0.048817310108808);
#13456=LINE('',#13453,#13455);
#13457=EDGE_CURVE('',#13421,#13348,#13456,.T.);
#13458=ORIENTED_EDGE('',*,*,#13457,.T.);
#13459=ORIENTED_EDGE('',*,*,#13379,.F.);
#13460=CARTESIAN_POINT('',(-0.024408655054404,0.012795275590551,0.049212598425197));
#13461=DIRECTION('',(1.0,0.0,0.0));
#13462=VECTOR('',#13461,0.048817310108808);
#13463=LINE('',#13460,#13462);
#13464=EDGE_CURVE('',#13430,#13367,#13463,.T.);
#13465=ORIENTED_EDGE('',*,*,#13464,.F.);
#13466=ORIENTED_EDGE('',*,*,#13435,.T.);
#13467=EDGE_LOOP('',(#13458,#13459,#13465,#13466));
#13468=FACE_OUTER_BOUND('',#13467,.T.);
#13469=ADVANCED_FACE('',(#13468),#13452,.T.);
#13470=CARTESIAN_POINT('',(-0.030140456688549,0.00246062992126,0.053149606299213));
#13471=DIRECTION('',(0.0,0.0,1.0));
#13472=DIRECTION('',(1.0,0.0,0.0));
#13473=AXIS2_PLACEMENT_3D('',#13470,#13471,#13472);
#13474=PLANE('',#13473);
#13475=ORIENTED_EDGE('',*,*,#13356,.F.);
#13476=ORIENTED_EDGE('',*,*,#13457,.F.);
#13477=ORIENTED_EDGE('',*,*,#13427,.F.);
#13478=ORIENTED_EDGE('',*,*,#13395,.F.);
#13479=EDGE_LOOP('',(#13475,#13476,#13477,#13478));
#13480=FACE_OUTER_BOUND('',#13479,.T.);
#13481=ADVANCED_FACE('',(#13480),#13474,.T.);
#13482=CARTESIAN_POINT('',(1.068434E-035,-1.479454E-035,0.049015748031496));
#13483=DIRECTION('',(0.0,0.0,1.0));
#13484=DIRECTION('',(0.0,-1.0,0.0));
#13485=AXIS2_PLACEMENT_3D('',#13482,#13483,#13484);
#13486=CYLINDRICAL_SURFACE('',#13485,0.02755905511811);
#13487=CARTESIAN_POINT('',(-0.020243074607483,0.018700787401575,0.053149606299213));
#13488=VERTEX_POINT('',#13487);
#13489=CARTESIAN_POINT('',(0.020243074607483,0.018700787401575,0.053149606299213));
#13490=VERTEX_POINT('',#13489);
#13491=CARTESIAN_POINT('',(1.068434E-035,-1.479454E-035,0.053149606299213));
#13492=DIRECTION('',(0.0,0.0,-1.0));
#13493=DIRECTION('',(0.73453442147154,0.678571428571429,0.0));
#13494=AXIS2_PLACEMENT_3D('',#13491,#13492,#13493);
#13495=CIRCLE('',#13494,0.02755905511811);
#13496=EDGE_CURVE('',#13488,#13490,#13495,.T.);
#13497=ORIENTED_EDGE('',*,*,#13496,.T.);
#13498=CARTESIAN_POINT('',(0.020243074607483,0.018700787401575,0.049212598425197));
#13499=VERTEX_POINT('',#13498);
#13500=CARTESIAN_POINT('',(0.020243074607483,0.018700787401575,0.049212598425197));
#13501=DIRECTION('',(0.0,0.0,1.0));
#13502=VECTOR('',#13501,0.003937007874016);
#13503=LINE('',#13500,#13502);
#13504=EDGE_CURVE('',#13499,#13490,#13503,.T.);
#13505=ORIENTED_EDGE('',*,*,#13504,.F.);
#13506=CARTESIAN_POINT('',(-0.020243074607483,0.018700787401575,0.049212598425197));
#13507=VERTEX_POINT('',#13506);
#13508=CARTESIAN_POINT('',(1.068434E-035,-1.479454E-035,0.049212598425197));
#13509=DIRECTION('',(0.0,0.0,-1.0));
#13510=DIRECTION('',(0.73453442147154,0.678571428571429,0.0));
#13511=AXIS2_PLACEMENT_3D('',#13508,#13509,#13510);
#13512=CIRCLE('',#13511,0.02755905511811);
#13513=EDGE_CURVE('',#13507,#13499,#13512,.T.);
#13514=ORIENTED_EDGE('',*,*,#13513,.F.);
#13515=CARTESIAN_POINT('',(-0.020243074607483,0.018700787401575,0.049212598425197));
#13516=DIRECTION('',(0.0,0.0,1.0));
#13517=VECTOR('',#13516,0.003937007874016);
#13518=LINE('',#13515,#13517);
#13519=EDGE_CURVE('',#13507,#13488,#13518,.T.);
#13520=ORIENTED_EDGE('',*,*,#13519,.T.);
#13521=EDGE_LOOP('',(#13497,#13505,#13514,#13520));
#13522=FACE_OUTER_BOUND('',#13521,.T.);
#13523=ADVANCED_FACE('',(#13522),#13486,.T.);
#13524=CARTESIAN_POINT('',(-0.022267382068231,0.018700787401575,0.053346456692914));
#13525=DIRECTION('',(0.0,-1.0,0.0));
#13526=DIRECTION('',(0.0,0.0,-1.0));
#13527=AXIS2_PLACEMENT_3D('',#13524,#13525,#13526);
#13528=PLANE('',#13527);
#13529=CARTESIAN_POINT('',(0.020243074607483,0.018700787401575,0.053149606299213));
#13530=DIRECTION('',(-1.0,0.0,0.0));
#13531=VECTOR('',#13530,0.040486149214966);
#13532=LINE('',#13529,#13531);
#13533=EDGE_CURVE('',#13490,#13488,#13532,.T.);
#13534=ORIENTED_EDGE('',*,*,#13533,.T.);
#13535=ORIENTED_EDGE('',*,*,#13519,.F.);
#13536=CARTESIAN_POINT('',(0.020243074607483,0.018700787401575,0.049212598425197));
#13537=DIRECTION('',(-1.0,0.0,0.0));
#13538=VECTOR('',#13537,0.040486149214966);
#13539=LINE('',#13536,#13538);
#13540=EDGE_CURVE('',#13499,#13507,#13539,.T.);
#13541=ORIENTED_EDGE('',*,*,#13540,.F.);
#13542=ORIENTED_EDGE('',*,*,#13504,.T.);
#13543=EDGE_LOOP('',(#13534,#13535,#13541,#13542));
#13544=FACE_OUTER_BOUND('',#13543,.T.);
#13545=ADVANCED_FACE('',(#13544),#13528,.T.);
#13546=CARTESIAN_POINT('',(-0.022267382068231,0.018257874015748,0.053149606299213));
#13547=DIRECTION('',(0.0,0.0,1.0));
#13548=DIRECTION('',(1.0,0.0,0.0));
#13549=AXIS2_PLACEMENT_3D('',#13546,#13547,#13548);
#13550=PLANE('',#13549);
#13551=ORIENTED_EDGE('',*,*,#13496,.F.);
#13552=ORIENTED_EDGE('',*,*,#13533,.F.);
#13553=EDGE_LOOP('',(#13551,#13552));
#13554=FACE_OUTER_BOUND('',#13553,.T.);
#13555=ADVANCED_FACE('',(#13554),#13550,.T.);
#13556=CARTESIAN_POINT('',(-0.076771653543307,-0.036811023622047,0.053346456692914));
#13557=DIRECTION('',(1.0,0.0,0.0));
#13558=DIRECTION('',(0.0,0.0,-1.0));
#13559=AXIS2_PLACEMENT_3D('',#13556,#13557,#13558);
#13560=PLANE('',#13559);
#13561=CARTESIAN_POINT('',(-0.076771653543307,0.033464566929134,0.053149606299213));
#13562=VERTEX_POINT('',#13561);
#13563=CARTESIAN_POINT('',(-0.076771653543307,-0.033464566929134,0.053149606299213));
#13564=VERTEX_POINT('',#13563);
#13565=CARTESIAN_POINT('',(-0.076771653543307,0.033464566929134,0.053149606299213));
#13566=DIRECTION('',(0.0,-1.0,0.0));
#13567=VECTOR('',#13566,0.066929133858268);
#13568=LINE('',#13565,#13567);
#13569=EDGE_CURVE('',#13562,#13564,#13568,.T.);
#13570=ORIENTED_EDGE('',*,*,#13569,.T.);
#13571=CARTESIAN_POINT('',(-0.076771653543307,-0.033464566929134,0.049212598425197));
#13572=VERTEX_POINT('',#13571);
#13573=CARTESIAN_POINT('',(-0.076771653543307,-0.033464566929134,0.049212598425197));
#13574=DIRECTION('',(0.0,0.0,1.0));
#13575=VECTOR('',#13574,0.003937007874016);
#13576=LINE('',#13573,#13575);
#13577=EDGE_CURVE('',#13572,#13564,#13576,.T.);
#13578=ORIENTED_EDGE('',*,*,#13577,.F.);
#13579=CARTESIAN_POINT('',(-0.076771653543307,0.033464566929134,0.049212598425197));
#13580=VERTEX_POINT('',#13579);
#13581=CARTESIAN_POINT('',(-0.076771653543307,0.033464566929134,0.049212598425197));
#13582=DIRECTION('',(0.0,-1.0,0.0));
#13583=VECTOR('',#13582,0.066929133858268);
#13584=LINE('',#13581,#13583);
#13585=EDGE_CURVE('',#13580,#13572,#13584,.T.);
#13586=ORIENTED_EDGE('',*,*,#13585,.F.);
#13587=CARTESIAN_POINT('',(-0.076771653543307,0.033464566929134,0.049212598425197));
#13588=DIRECTION('',(0.0,0.0,1.0));
#13589=VECTOR('',#13588,0.003937007874016);
#13590=LINE('',#13587,#13589);
#13591=EDGE_CURVE('',#13580,#13562,#13590,.T.);
#13592=ORIENTED_EDGE('',*,*,#13591,.T.);
#13593=EDGE_LOOP('',(#13570,#13578,#13586,#13592));
#13594=FACE_OUTER_BOUND('',#13593,.T.);
#13595=ADVANCED_FACE('',(#13594),#13560,.T.);
#13596=CARTESIAN_POINT('',(-0.113976377952756,-0.033464566929134,0.053346456692914));
#13597=DIRECTION('',(0.0,-1.0,0.0));
#13598=DIRECTION('',(0.0,0.0,-1.0));
#13599=AXIS2_PLACEMENT_3D('',#13596,#13597,#13598);
#13600=PLANE('',#13599);
#13601=CARTESIAN_POINT('',(-0.112204724409449,-0.033464566929134,0.053149606299213));
#13602=VERTEX_POINT('',#13601);
#13603=CARTESIAN_POINT('',(-0.076771653543307,-0.033464566929134,0.053149606299213));
#13604=DIRECTION('',(-1.0,0.0,0.0));
#13605=VECTOR('',#13604,0.035433070866142);
#13606=LINE('',#13603,#13605);
#13607=EDGE_CURVE('',#13564,#13602,#13606,.T.);
#13608=ORIENTED_EDGE('',*,*,#13607,.T.);
#13609=CARTESIAN_POINT('',(-0.112204724409449,-0.033464566929134,0.049212598425197));
#13610=VERTEX_POINT('',#13609);
#13611=CARTESIAN_POINT('',(-0.112204724409449,-0.033464566929134,0.049212598425197));
#13612=DIRECTION('',(0.0,0.0,1.0));
#13613=VECTOR('',#13612,0.003937007874016);
#13614=LINE('',#13611,#13613);
#13615=EDGE_CURVE('',#13610,#13602,#13614,.T.);
#13616=ORIENTED_EDGE('',*,*,#13615,.F.);
#13617=CARTESIAN_POINT('',(-0.076771653543307,-0.033464566929134,0.049212598425197));
#13618=DIRECTION('',(-1.0,0.0,0.0));
#13619=VECTOR('',#13618,0.035433070866142);
#13620=LINE('',#13617,#13619);
#13621=EDGE_CURVE('',#13572,#13610,#13620,.T.);
#13622=ORIENTED_EDGE('',*,*,#13621,.F.);
#13623=ORIENTED_EDGE('',*,*,#13577,.T.);
#13624=EDGE_LOOP('',(#13608,#13616,#13622,#13623));
#13625=FACE_OUTER_BOUND('',#13624,.T.);
#13626=ADVANCED_FACE('',(#13625),#13600,.T.);
#13627=CARTESIAN_POINT('',(-0.112204724409449,-0.036811023622047,0.049015748031496));
#13628=DIRECTION('',(-1.0,0.0,0.0));
#13629=DIRECTION('',(0.0,0.0,1.0));
#13630=AXIS2_PLACEMENT_3D('',#13627,#13628,#13629);
#13631=PLANE('',#13630);
#13632=CARTESIAN_POINT('',(-0.112204724409449,0.033464566929134,0.053149606299213));
#13633=VERTEX_POINT('',#13632);
#13634=CARTESIAN_POINT('',(-0.112204724409449,-0.033464566929134,0.053149606299213));
#13635=DIRECTION('',(0.0,1.0,0.0));
#13636=VECTOR('',#13635,0.066929133858268);
#13637=LINE('',#13634,#13636);
#13638=EDGE_CURVE('',#13602,#13633,#13637,.T.);
#13639=ORIENTED_EDGE('',*,*,#13638,.T.);
#13640=CARTESIAN_POINT('',(-0.112204724409449,0.033464566929134,0.049212598425197));
#13641=VERTEX_POINT('',#13640);
#13642=CARTESIAN_POINT('',(-0.112204724409449,0.033464566929134,0.049212598425197));
#13643=DIRECTION('',(0.0,0.0,1.0));
#13644=VECTOR('',#13643,0.003937007874016);
#13645=LINE('',#13642,#13644);
#13646=EDGE_CURVE('',#13641,#13633,#13645,.T.);
#13647=ORIENTED_EDGE('',*,*,#13646,.F.);
#13648=CARTESIAN_POINT('',(-0.112204724409449,-0.033464566929134,0.049212598425197));
#13649=DIRECTION('',(0.0,1.0,0.0));
#13650=VECTOR('',#13649,0.066929133858268);
#13651=LINE('',#13648,#13650);
#13652=EDGE_CURVE('',#13610,#13641,#13651,.T.);
#13653=ORIENTED_EDGE('',*,*,#13652,.F.);
#13654=ORIENTED_EDGE('',*,*,#13615,.T.);
#13655=EDGE_LOOP('',(#13639,#13647,#13653,#13654));
#13656=FACE_OUTER_BOUND('',#13655,.T.);
#13657=ADVANCED_FACE('',(#13656),#13631,.T.);
#13658=CARTESIAN_POINT('',(-0.113976377952756,0.033464566929134,0.049015748031496));
#13659=DIRECTION('',(0.0,1.0,0.0));
#13660=DIRECTION('',(0.0,0.0,1.0));
#13661=AXIS2_PLACEMENT_3D('',#13658,#13659,#13660);
#13662=PLANE('',#13661);
#13663=CARTESIAN_POINT('',(-0.112204724409449,0.033464566929134,0.053149606299213));
#13664=DIRECTION('',(1.0,0.0,0.0));
#13665=VECTOR('',#13664,0.035433070866142);
#13666=LINE('',#13663,#13665);
#13667=EDGE_CURVE('',#13633,#13562,#13666,.T.);
#13668=ORIENTED_EDGE('',*,*,#13667,.T.);
#13669=ORIENTED_EDGE('',*,*,#13591,.F.);
#13670=CARTESIAN_POINT('',(-0.112204724409449,0.033464566929134,0.049212598425197));
#13671=DIRECTION('',(1.0,0.0,0.0));
#13672=VECTOR('',#13671,0.035433070866142);
#13673=LINE('',#13670,#13672);
#13674=EDGE_CURVE('',#13641,#13580,#13673,.T.);
#13675=ORIENTED_EDGE('',*,*,#13674,.F.);
#13676=ORIENTED_EDGE('',*,*,#13646,.T.);
#13677=EDGE_LOOP('',(#13668,#13669,#13675,#13676));
#13678=FACE_OUTER_BOUND('',#13677,.T.);
#13679=ADVANCED_FACE('',(#13678),#13662,.T.);
#13680=CARTESIAN_POINT('',(-0.113976377952756,-0.036811023622047,0.053149606299213));
#13681=DIRECTION('',(0.0,0.0,1.0));
#13682=DIRECTION('',(1.0,0.0,0.0));
#13683=AXIS2_PLACEMENT_3D('',#13680,#13681,#13682);
#13684=PLANE('',#13683);
#13685=ORIENTED_EDGE('',*,*,#13569,.F.);
#13686=ORIENTED_EDGE('',*,*,#13667,.F.);
#13687=ORIENTED_EDGE('',*,*,#13638,.F.);
#13688=ORIENTED_EDGE('',*,*,#13607,.F.);
#13689=EDGE_LOOP('',(#13685,#13686,#13687,#13688));
#13690=FACE_OUTER_BOUND('',#13689,.T.);
#13691=ADVANCED_FACE('',(#13690),#13684,.T.);
#13692=CARTESIAN_POINT('',(0.112204724409449,-0.036811023622047,0.053346456692914));
#13693=DIRECTION('',(1.0,0.0,0.0));
#13694=DIRECTION('',(0.0,0.0,-1.0));
#13695=AXIS2_PLACEMENT_3D('',#13692,#13693,#13694);
#13696=PLANE('',#13695);
#13697=CARTESIAN_POINT('',(0.112204724409449,0.033464566929134,0.053149606299213));
#13698=VERTEX_POINT('',#13697);
#13699=CARTESIAN_POINT('',(0.112204724409449,-0.033464566929134,0.053149606299213));
#13700=VERTEX_POINT('',#13699);
#13701=CARTESIAN_POINT('',(0.112204724409449,0.033464566929134,0.053149606299213));
#13702=DIRECTION('',(0.0,-1.0,0.0));
#13703=VECTOR('',#13702,0.066929133858268);
#13704=LINE('',#13701,#13703);
#13705=EDGE_CURVE('',#13698,#13700,#13704,.T.);
#13706=ORIENTED_EDGE('',*,*,#13705,.T.);
#13707=CARTESIAN_POINT('',(0.112204724409449,-0.033464566929134,0.049212598425197));
#13708=VERTEX_POINT('',#13707);
#13709=CARTESIAN_POINT('',(0.112204724409449,-0.033464566929134,0.049212598425197));
#13710=DIRECTION('',(0.0,0.0,1.0));
#13711=VECTOR('',#13710,0.003937007874016);
#13712=LINE('',#13709,#13711);
#13713=EDGE_CURVE('',#13708,#13700,#13712,.T.);
#13714=ORIENTED_EDGE('',*,*,#13713,.F.);
#13715=CARTESIAN_POINT('',(0.112204724409449,0.033464566929134,0.049212598425197));
#13716=VERTEX_POINT('',#13715);
#13717=CARTESIAN_POINT('',(0.112204724409449,0.033464566929134,0.049212598425197));
#13718=DIRECTION('',(0.0,-1.0,0.0));
#13719=VECTOR('',#13718,0.066929133858268);
#13720=LINE('',#13717,#13719);
#13721=EDGE_CURVE('',#13716,#13708,#13720,.T.);
#13722=ORIENTED_EDGE('',*,*,#13721,.F.);
#13723=CARTESIAN_POINT('',(0.112204724409449,0.033464566929134,0.049212598425197));
#13724=DIRECTION('',(0.0,0.0,1.0));
#13725=VECTOR('',#13724,0.003937007874016);
#13726=LINE('',#13723,#13725);
#13727=EDGE_CURVE('',#13716,#13698,#13726,.T.);
#13728=ORIENTED_EDGE('',*,*,#13727,.T.);
#13729=EDGE_LOOP('',(#13706,#13714,#13722,#13728));
#13730=FACE_OUTER_BOUND('',#13729,.T.);
#13731=ADVANCED_FACE('',(#13730),#13696,.T.);
#13732=CARTESIAN_POINT('',(0.075,-0.033464566929134,0.053346456692914));
#13733=DIRECTION('',(0.0,-1.0,0.0));
#13734=DIRECTION('',(0.0,0.0,-1.0));
#13735=AXIS2_PLACEMENT_3D('',#13732,#13733,#13734);
#13736=PLANE('',#13735);
#13737=CARTESIAN_POINT('',(0.076771653543307,-0.033464566929134,0.053149606299213));
#13738=VERTEX_POINT('',#13737);
#13739=CARTESIAN_POINT('',(0.112204724409449,-0.033464566929134,0.053149606299213));
#13740=DIRECTION('',(-1.0,0.0,0.0));
#13741=VECTOR('',#13740,0.035433070866142);
#13742=LINE('',#13739,#13741);
#13743=EDGE_CURVE('',#13700,#13738,#13742,.T.);
#13744=ORIENTED_EDGE('',*,*,#13743,.T.);
#13745=CARTESIAN_POINT('',(0.076771653543307,-0.033464566929134,0.049212598425197));
#13746=VERTEX_POINT('',#13745);
#13747=CARTESIAN_POINT('',(0.076771653543307,-0.033464566929134,0.049212598425197));
#13748=DIRECTION('',(0.0,0.0,1.0));
#13749=VECTOR('',#13748,0.003937007874016);
#13750=LINE('',#13747,#13749);
#13751=EDGE_CURVE('',#13746,#13738,#13750,.T.);
#13752=ORIENTED_EDGE('',*,*,#13751,.F.);
#13753=CARTESIAN_POINT('',(0.112204724409449,-0.033464566929134,0.049212598425197));
#13754=DIRECTION('',(-1.0,0.0,0.0));
#13755=VECTOR('',#13754,0.035433070866142);
#13756=LINE('',#13753,#13755);
#13757=EDGE_CURVE('',#13708,#13746,#13756,.T.);
#13758=ORIENTED_EDGE('',*,*,#13757,.F.);
#13759=ORIENTED_EDGE('',*,*,#13713,.T.);
#13760=EDGE_LOOP('',(#13744,#13752,#13758,#13759));
#13761=FACE_OUTER_BOUND('',#13760,.T.);
#13762=ADVANCED_FACE('',(#13761),#13736,.T.);
#13763=CARTESIAN_POINT('',(0.076771653543307,-0.036811023622047,0.049015748031496));
#13764=DIRECTION('',(-1.0,0.0,0.0));
#13765=DIRECTION('',(0.0,0.0,1.0));
#13766=AXIS2_PLACEMENT_3D('',#13763,#13764,#13765);
#13767=PLANE('',#13766);
#13768=CARTESIAN_POINT('',(0.076771653543307,0.033464566929134,0.053149606299213));
#13769=VERTEX_POINT('',#13768);
#13770=CARTESIAN_POINT('',(0.076771653543307,-0.033464566929134,0.053149606299213));
#13771=DIRECTION('',(0.0,1.0,0.0));
#13772=VECTOR('',#13771,0.066929133858268);
#13773=LINE('',#13770,#13772);
#13774=EDGE_CURVE('',#13738,#13769,#13773,.T.);
#13775=ORIENTED_EDGE('',*,*,#13774,.T.);
#13776=CARTESIAN_POINT('',(0.076771653543307,0.033464566929134,0.049212598425197));
#13777=VERTEX_POINT('',#13776);
#13778=CARTESIAN_POINT('',(0.076771653543307,0.033464566929134,0.049212598425197));
#13779=DIRECTION('',(0.0,0.0,1.0));
#13780=VECTOR('',#13779,0.003937007874016);
#13781=LINE('',#13778,#13780);
#13782=EDGE_CURVE('',#13777,#13769,#13781,.T.);
#13783=ORIENTED_EDGE('',*,*,#13782,.F.);
#13784=CARTESIAN_POINT('',(0.076771653543307,-0.033464566929134,0.049212598425197));
#13785=DIRECTION('',(0.0,1.0,0.0));
#13786=VECTOR('',#13785,0.066929133858268);
#13787=LINE('',#13784,#13786);
#13788=EDGE_CURVE('',#13746,#13777,#13787,.T.);
#13789=ORIENTED_EDGE('',*,*,#13788,.F.);
#13790=ORIENTED_EDGE('',*,*,#13751,.T.);
#13791=EDGE_LOOP('',(#13775,#13783,#13789,#13790));
#13792=FACE_OUTER_BOUND('',#13791,.T.);
#13793=ADVANCED_FACE('',(#13792),#13767,.T.);
#13794=CARTESIAN_POINT('',(0.075,0.033464566929134,0.049015748031496));
#13795=DIRECTION('',(0.0,1.0,0.0));
#13796=DIRECTION('',(0.0,0.0,1.0));
#13797=AXIS2_PLACEMENT_3D('',#13794,#13795,#13796);
#13798=PLANE('',#13797);
#13799=CARTESIAN_POINT('',(0.076771653543307,0.033464566929134,0.053149606299213));
#13800=DIRECTION('',(1.0,0.0,0.0));
#13801=VECTOR('',#13800,0.035433070866142);
#13802=LINE('',#13799,#13801);
#13803=EDGE_CURVE('',#13769,#13698,#13802,.T.);
#13804=ORIENTED_EDGE('',*,*,#13803,.T.);
#13805=ORIENTED_EDGE('',*,*,#13727,.F.);
#13806=CARTESIAN_POINT('',(0.076771653543307,0.033464566929134,0.049212598425197));
#13807=DIRECTION('',(1.0,0.0,0.0));
#13808=VECTOR('',#13807,0.035433070866142);
#13809=LINE('',#13806,#13808);
#13810=EDGE_CURVE('',#13777,#13716,#13809,.T.);
#13811=ORIENTED_EDGE('',*,*,#13810,.F.);
#13812=ORIENTED_EDGE('',*,*,#13782,.T.);
#13813=EDGE_LOOP('',(#13804,#13805,#13811,#13812));
#13814=FACE_OUTER_BOUND('',#13813,.T.);
#13815=ADVANCED_FACE('',(#13814),#13798,.T.);
#13816=CARTESIAN_POINT('',(0.075,-0.036811023622047,0.053149606299213));
#13817=DIRECTION('',(0.0,0.0,1.0));
#13818=DIRECTION('',(1.0,0.0,0.0));
#13819=AXIS2_PLACEMENT_3D('',#13816,#13817,#13818);
#13820=PLANE('',#13819);
#13821=ORIENTED_EDGE('',*,*,#13705,.F.);
#13822=ORIENTED_EDGE('',*,*,#13803,.F.);
#13823=ORIENTED_EDGE('',*,*,#13774,.F.);
#13824=ORIENTED_EDGE('',*,*,#13743,.F.);
#13825=EDGE_LOOP('',(#13821,#13822,#13823,#13824));
#13826=FACE_OUTER_BOUND('',#13825,.T.);
#13827=ADVANCED_FACE('',(#13826),#13820,.T.);
#13828=CARTESIAN_POINT('',(1.068434E-035,-1.479454E-035,0.049015748031496));
#13829=DIRECTION('',(0.0,0.0,1.0));
#13830=DIRECTION('',(0.0,1.0,0.0));
#13831=AXIS2_PLACEMENT_3D('',#13828,#13829,#13830);
#13832=CYLINDRICAL_SURFACE('',#13831,0.02755905511811);
#13833=CARTESIAN_POINT('',(0.020243074607483,-0.018700787401575,0.053149606299213));
#13834=VERTEX_POINT('',#13833);
#13835=CARTESIAN_POINT('',(-0.020243074607483,-0.018700787401575,0.053149606299213));
#13836=VERTEX_POINT('',#13835);
#13837=CARTESIAN_POINT('',(1.068434E-035,-1.479454E-035,0.053149606299213));
#13838=DIRECTION('',(0.0,0.0,-1.0));
#13839=DIRECTION('',(-0.73453442147154,-0.678571428571429,0.0));
#13840=AXIS2_PLACEMENT_3D('',#13837,#13838,#13839);
#13841=CIRCLE('',#13840,0.02755905511811);
#13842=EDGE_CURVE('',#13834,#13836,#13841,.T.);
#13843=ORIENTED_EDGE('',*,*,#13842,.T.);
#13844=CARTESIAN_POINT('',(-0.020243074607483,-0.018700787401575,0.049212598425197));
#13845=VERTEX_POINT('',#13844);
#13846=CARTESIAN_POINT('',(-0.020243074607483,-0.018700787401575,0.049212598425197));
#13847=DIRECTION('',(0.0,0.0,1.0));
#13848=VECTOR('',#13847,0.003937007874016);
#13849=LINE('',#13846,#13848);
#13850=EDGE_CURVE('',#13845,#13836,#13849,.T.);
#13851=ORIENTED_EDGE('',*,*,#13850,.F.);
#13852=CARTESIAN_POINT('',(0.020243074607483,-0.018700787401575,0.049212598425197));
#13853=VERTEX_POINT('',#13852);
#13854=CARTESIAN_POINT('',(1.068434E-035,-1.479454E-035,0.049212598425197));
#13855=DIRECTION('',(0.0,0.0,-1.0));
#13856=DIRECTION('',(-0.73453442147154,-0.678571428571429,0.0));
#13857=AXIS2_PLACEMENT_3D('',#13854,#13855,#13856);
#13858=CIRCLE('',#13857,0.02755905511811);
#13859=EDGE_CURVE('',#13853,#13845,#13858,.T.);
#13860=ORIENTED_EDGE('',*,*,#13859,.F.);
#13861=CARTESIAN_POINT('',(0.020243074607483,-0.018700787401575,0.049212598425197));
#13862=DIRECTION('',(0.0,0.0,1.0));
#13863=VECTOR('',#13862,0.003937007874016);
#13864=LINE('',#13861,#13863);
#13865=EDGE_CURVE('',#13853,#13834,#13864,.T.);
#13866=ORIENTED_EDGE('',*,*,#13865,.T.);
#13867=EDGE_LOOP('',(#13843,#13851,#13860,#13866));
#13868=FACE_OUTER_BOUND('',#13867,.T.);
#13869=ADVANCED_FACE('',(#13868),#13832,.T.);
#13870=CARTESIAN_POINT('',(-0.022267382068231,-0.018700787401575,0.049015748031496));
#13871=DIRECTION('',(0.0,1.0,0.0));
#13872=DIRECTION('',(0.0,0.0,1.0));
#13873=AXIS2_PLACEMENT_3D('',#13870,#13871,#13872);
#13874=PLANE('',#13873);
#13875=CARTESIAN_POINT('',(-0.020243074607483,-0.018700787401575,0.053149606299213));
#13876=DIRECTION('',(1.0,0.0,0.0));
#13877=VECTOR('',#13876,0.040486149214966);
#13878=LINE('',#13875,#13877);
#13879=EDGE_CURVE('',#13836,#13834,#13878,.T.);
#13880=ORIENTED_EDGE('',*,*,#13879,.T.);
#13881=ORIENTED_EDGE('',*,*,#13865,.F.);
#13882=CARTESIAN_POINT('',(-0.020243074607483,-0.018700787401575,0.049212598425197));
#13883=DIRECTION('',(1.0,0.0,0.0));
#13884=VECTOR('',#13883,0.040486149214966);
#13885=LINE('',#13882,#13884);
#13886=EDGE_CURVE('',#13845,#13853,#13885,.T.);
#13887=ORIENTED_EDGE('',*,*,#13886,.F.);
#13888=ORIENTED_EDGE('',*,*,#13850,.T.);
#13889=EDGE_LOOP('',(#13880,#13881,#13887,#13888));
#13890=FACE_OUTER_BOUND('',#13889,.T.);
#13891=ADVANCED_FACE('',(#13890),#13874,.T.);
#13892=CARTESIAN_POINT('',(-0.022267382068232,-0.028001968503937,0.053149606299213));
#13893=DIRECTION('',(0.0,0.0,1.0));
#13894=DIRECTION('',(1.0,0.0,0.0));
#13895=AXIS2_PLACEMENT_3D('',#13892,#13893,#13894);
#13896=PLANE('',#13895);
#13897=ORIENTED_EDGE('',*,*,#13842,.F.);
#13898=ORIENTED_EDGE('',*,*,#13879,.F.);
#13899=EDGE_LOOP('',(#13897,#13898));
#13900=FACE_OUTER_BOUND('',#13899,.T.);
#13901=ADVANCED_FACE('',(#13900),#13896,.T.);
#13902=CARTESIAN_POINT('',(1.068434E-035,-1.479454E-035,0.049015748031496));
#13903=DIRECTION('',(0.0,0.0,1.0));
#13904=DIRECTION('',(0.994243636219647,0.107142857142857,0.0));
#13905=AXIS2_PLACEMENT_3D('',#13902,#13903,#13904);
#13906=CYLINDRICAL_SURFACE('',#13905,0.02755905511811);
#13907=CARTESIAN_POINT('',(-0.024408655054404,-0.012795275590551,0.053149606299213));
#13908=VERTEX_POINT('',#13907);
#13909=CARTESIAN_POINT('',(-0.027400415171408,-0.002952755905512,0.053149606299213));
#13910=VERTEX_POINT('',#13909);
#13911=CARTESIAN_POINT('',(1.068434E-035,-1.479454E-035,0.053149606299213));
#13912=DIRECTION('',(0.0,0.0,-1.0));
#13913=DIRECTION('',(0.994243636219647,0.107142857142857,0.0));
#13914=AXIS2_PLACEMENT_3D('',#13911,#13912,#13913);
#13915=CIRCLE('',#13914,0.02755905511811);
#13916=EDGE_CURVE('',#13908,#13910,#13915,.T.);
#13917=ORIENTED_EDGE('',*,*,#13916,.T.);
#13918=CARTESIAN_POINT('',(-0.027400415171408,-0.002952755905512,0.049212598425197));
#13919=VERTEX_POINT('',#13918);
#13920=CARTESIAN_POINT('',(-0.027400415171408,-0.002952755905512,0.049212598425197));
#13921=DIRECTION('',(0.0,0.0,1.0));
#13922=VECTOR('',#13921,0.003937007874016);
#13923=LINE('',#13920,#13922);
#13924=EDGE_CURVE('',#13919,#13910,#13923,.T.);
#13925=ORIENTED_EDGE('',*,*,#13924,.F.);
#13926=CARTESIAN_POINT('',(-0.024408655054404,-0.012795275590551,0.049212598425197));
#13927=VERTEX_POINT('',#13926);
#13928=CARTESIAN_POINT('',(1.068434E-035,-1.479454E-035,0.049212598425197));
#13929=DIRECTION('',(0.0,0.0,-1.0));
#13930=DIRECTION('',(0.994243636219647,0.107142857142857,0.0));
#13931=AXIS2_PLACEMENT_3D('',#13928,#13929,#13930);
#13932=CIRCLE('',#13931,0.02755905511811);
#13933=EDGE_CURVE('',#13927,#13919,#13932,.T.);
#13934=ORIENTED_EDGE('',*,*,#13933,.F.);
#13935=CARTESIAN_POINT('',(-0.024408655054404,-0.012795275590551,0.049212598425197));
#13936=DIRECTION('',(0.0,0.0,1.0));
#13937=VECTOR('',#13936,0.003937007874016);
#13938=LINE('',#13935,#13937);
#13939=EDGE_CURVE('',#13927,#13908,#13938,.T.);
#13940=ORIENTED_EDGE('',*,*,#13939,.T.);
#13941=EDGE_LOOP('',(#13917,#13925,#13934,#13940));
#13942=FACE_OUTER_BOUND('',#13941,.T.);
#13943=ADVANCED_FACE('',(#13942),#13906,.T.);
#13944=CARTESIAN_POINT('',(-0.030140456688549,-0.002952755905512,0.049015748031496));
#13945=DIRECTION('',(0.0,1.0,0.0));
#13946=DIRECTION('',(0.0,0.0,1.0));
#13947=AXIS2_PLACEMENT_3D('',#13944,#13945,#13946);
#13948=PLANE('',#13947);
#13949=CARTESIAN_POINT('',(0.027400415171408,-0.002952755905512,0.053149606299213));
#13950=VERTEX_POINT('',#13949);
#13951=CARTESIAN_POINT('',(-0.027400415171408,-0.002952755905512,0.053149606299213));
#13952=DIRECTION('',(1.0,0.0,0.0));
#13953=VECTOR('',#13952,0.054800830342816);
#13954=LINE('',#13951,#13953);
#13955=EDGE_CURVE('',#13910,#13950,#13954,.T.);
#13956=ORIENTED_EDGE('',*,*,#13955,.T.);
#13957=CARTESIAN_POINT('',(0.027400415171408,-0.002952755905512,0.049212598425197));
#13958=VERTEX_POINT('',#13957);
#13959=CARTESIAN_POINT('',(0.027400415171408,-0.002952755905512,0.049212598425197));
#13960=DIRECTION('',(0.0,0.0,1.0));
#13961=VECTOR('',#13960,0.003937007874016);
#13962=LINE('',#13959,#13961);
#13963=EDGE_CURVE('',#13958,#13950,#13962,.T.);
#13964=ORIENTED_EDGE('',*,*,#13963,.F.);
#13965=CARTESIAN_POINT('',(-0.027400415171408,-0.002952755905512,0.049212598425197));
#13966=DIRECTION('',(1.0,0.0,0.0));
#13967=VECTOR('',#13966,0.054800830342816);
#13968=LINE('',#13965,#13967);
#13969=EDGE_CURVE('',#13919,#13958,#13968,.T.);
#13970=ORIENTED_EDGE('',*,*,#13969,.F.);
#13971=ORIENTED_EDGE('',*,*,#13924,.T.);
#13972=EDGE_LOOP('',(#13956,#13964,#13970,#13971));
#13973=FACE_OUTER_BOUND('',#13972,.T.);
#13974=ADVANCED_FACE('',(#13973),#13948,.T.);
#13975=CARTESIAN_POINT('',(1.068434E-035,-1.479454E-035,0.049015748031496));
#13976=DIRECTION('',(0.0,0.0,1.0));
#13977=DIRECTION('',(-0.88568548340266,0.464285714285714,0.0));
#13978=AXIS2_PLACEMENT_3D('',#13975,#13976,#13977);
#13979=CYLINDRICAL_SURFACE('',#13978,0.02755905511811);
#13980=CARTESIAN_POINT('',(0.024408655054404,-0.012795275590551,0.053149606299213));
#13981=VERTEX_POINT('',#13980);
#13982=CARTESIAN_POINT('',(1.068434E-035,-1.479454E-035,0.053149606299213));
#13983=DIRECTION('',(0.0,0.0,-1.0));
#13984=DIRECTION('',(-0.88568548340266,0.464285714285714,0.0));
#13985=AXIS2_PLACEMENT_3D('',#13982,#13983,#13984);
#13986=CIRCLE('',#13985,0.02755905511811);
#13987=EDGE_CURVE('',#13950,#13981,#13986,.T.);
#13988=ORIENTED_EDGE('',*,*,#13987,.T.);
#13989=CARTESIAN_POINT('',(0.024408655054404,-0.012795275590551,0.049212598425197));
#13990=VERTEX_POINT('',#13989);
#13991=CARTESIAN_POINT('',(0.024408655054404,-0.012795275590551,0.049212598425197));
#13992=DIRECTION('',(0.0,0.0,1.0));
#13993=VECTOR('',#13992,0.003937007874016);
#13994=LINE('',#13991,#13993);
#13995=EDGE_CURVE('',#13990,#13981,#13994,.T.);
#13996=ORIENTED_EDGE('',*,*,#13995,.F.);
#13997=CARTESIAN_POINT('',(1.068434E-035,-1.479454E-035,0.049212598425197));
#13998=DIRECTION('',(0.0,0.0,-1.0));
#13999=DIRECTION('',(-0.88568548340266,0.464285714285714,0.0));
#14000=AXIS2_PLACEMENT_3D('',#13997,#13998,#13999);
#14001=CIRCLE('',#14000,0.02755905511811);
#14002=EDGE_CURVE('',#13958,#13990,#14001,.T.);
#14003=ORIENTED_EDGE('',*,*,#14002,.F.);
#14004=ORIENTED_EDGE('',*,*,#13963,.T.);
#14005=EDGE_LOOP('',(#13988,#13996,#14003,#14004));
#14006=FACE_OUTER_BOUND('',#14005,.T.);
#14007=ADVANCED_FACE('',(#14006),#13979,.T.);
#14008=CARTESIAN_POINT('',(-0.026849520559844,-0.012795275590551,0.053346456692914));
#14009=DIRECTION('',(0.0,-1.0,0.0));
#14010=DIRECTION('',(0.0,0.0,-1.0));
#14011=AXIS2_PLACEMENT_3D('',#14008,#14009,#14010);
#14012=PLANE('',#14011);
#14013=CARTESIAN_POINT('',(0.024408655054404,-0.012795275590551,0.053149606299213));
#14014=DIRECTION('',(-1.0,0.0,0.0));
#14015=VECTOR('',#14014,0.048817310108808);
#14016=LINE('',#14013,#14015);
#14017=EDGE_CURVE('',#13981,#13908,#14016,.T.);
#14018=ORIENTED_EDGE('',*,*,#14017,.T.);
#14019=ORIENTED_EDGE('',*,*,#13939,.F.);
#14020=CARTESIAN_POINT('',(0.024408655054404,-0.012795275590551,0.049212598425197));
#14021=DIRECTION('',(-1.0,0.0,0.0));
#14022=VECTOR('',#14021,0.048817310108808);
#14023=LINE('',#14020,#14022);
#14024=EDGE_CURVE('',#13990,#13927,#14023,.T.);
#14025=ORIENTED_EDGE('',*,*,#14024,.F.);
#14026=ORIENTED_EDGE('',*,*,#13995,.T.);
#14027=EDGE_LOOP('',(#14018,#14019,#14025,#14026));
#14028=FACE_OUTER_BOUND('',#14027,.T.);
#14029=ADVANCED_FACE('',(#14028),#14012,.T.);
#14030=CARTESIAN_POINT('',(-0.030140456688549,-0.013287401574803,0.053149606299213));
#14031=DIRECTION('',(0.0,0.0,1.0));
#14032=DIRECTION('',(1.0,0.0,0.0));
#14033=AXIS2_PLACEMENT_3D('',#14030,#14031,#14032);
#14034=PLANE('',#14033);
#14035=ORIENTED_EDGE('',*,*,#13916,.F.);
#14036=ORIENTED_EDGE('',*,*,#14017,.F.);
#14037=ORIENTED_EDGE('',*,*,#13987,.F.);
#14038=ORIENTED_EDGE('',*,*,#13955,.F.);
#14039=EDGE_LOOP('',(#14035,#14036,#14037,#14038));
#14040=FACE_OUTER_BOUND('',#14039,.T.);
#14041=ADVANCED_FACE('',(#14040),#14034,.T.);
#14042=CARTESIAN_POINT('',(0.059699584493919,0.049212598425197,0.047145669291339));
#14043=DIRECTION('',(0.0,1.0,0.0));
#14044=DIRECTION('',(0.0,0.0,1.0));
#14045=AXIS2_PLACEMENT_3D('',#14042,#14043,#14044);
#14046=PLANE('',#14045);
#14047=CARTESIAN_POINT('',(0.087504373113751,0.049212598425197,0.049212598425197));
#14048=VERTEX_POINT('',#14047);
#14049=CARTESIAN_POINT('',(0.087504373113751,0.049212598425197,0.047244094488189));
#14050=VERTEX_POINT('',#14049);
#14051=CARTESIAN_POINT('',(0.087504373113751,0.049212598425197,0.049212598425197));
#14052=DIRECTION('',(0.0,0.0,-1.0));
#14053=VECTOR('',#14052,0.001968503937008);
#14054=LINE('',#14051,#14053);
#14055=EDGE_CURVE('',#14048,#14050,#14054,.T.);
#14056=ORIENTED_EDGE('',*,*,#14055,.T.);
#14057=CARTESIAN_POINT('',(0.061023622047244,0.049212598425197,0.047244094488189));
#14058=VERTEX_POINT('',#14057);
#14059=CARTESIAN_POINT('',(0.061023622047244,0.049212598425197,0.047244094488189));
#14060=DIRECTION('',(1.0,0.0,0.0));
#14061=VECTOR('',#14060,0.026480751066507);
#14062=LINE('',#14059,#14061);
#14063=EDGE_CURVE('',#14058,#14050,#14062,.T.);
#14064=ORIENTED_EDGE('',*,*,#14063,.F.);
#14065=CARTESIAN_POINT('',(0.061023622047244,0.049212598425197,0.049212598425197));
#14066=VERTEX_POINT('',#14065);
#14067=CARTESIAN_POINT('',(0.061023622047244,0.049212598425197,0.047244094488189));
#14068=DIRECTION('',(0.0,0.0,1.0));
#14069=VECTOR('',#14068,0.001968503937008);
#14070=LINE('',#14067,#14069);
#14071=EDGE_CURVE('',#14058,#14066,#14070,.T.);
#14072=ORIENTED_EDGE('',*,*,#14071,.T.);
#14073=CARTESIAN_POINT('',(0.061023622047244,0.049212598425197,0.049212598425197));
#14074=DIRECTION('',(1.0,0.0,0.0));
#14075=VECTOR('',#14074,0.026480751066507);
#14076=LINE('',#14073,#14075);
#14077=EDGE_CURVE('',#14066,#14048,#14076,.T.);
#14078=ORIENTED_EDGE('',*,*,#14077,.T.);
#14079=EDGE_LOOP('',(#14056,#14064,#14072,#14078));
#14080=FACE_OUTER_BOUND('',#14079,.T.);
#14081=ADVANCED_FACE('',(#14080),#14046,.T.);
#14082=CARTESIAN_POINT('',(0.059699584493919,-0.049212598425197,0.049311023622047));
#14083=DIRECTION('',(0.0,-1.0,0.0));
#14084=DIRECTION('',(0.0,0.0,-1.0));
#14085=AXIS2_PLACEMENT_3D('',#14082,#14083,#14084);
#14086=PLANE('',#14085);
#14087=CARTESIAN_POINT('',(0.087504373113751,-0.049212598425197,0.049212598425197));
#14088=VERTEX_POINT('',#14087);
#14089=CARTESIAN_POINT('',(0.087504373113751,-0.049212598425197,0.047244094488189));
#14090=VERTEX_POINT('',#14089);
#14091=CARTESIAN_POINT('',(0.087504373113751,-0.049212598425197,0.049212598425197));
#14092=DIRECTION('',(0.0,0.0,-1.0));
#14093=VECTOR('',#14092,0.001968503937008);
#14094=LINE('',#14091,#14093);
#14095=EDGE_CURVE('',#14088,#14090,#14094,.T.);
#14096=ORIENTED_EDGE('',*,*,#14095,.F.);
#14097=CARTESIAN_POINT('',(0.061023622047244,-0.049212598425197,0.049212598425197));
#14098=VERTEX_POINT('',#14097);
#14099=CARTESIAN_POINT('',(0.087504373113751,-0.049212598425197,0.049212598425197));
#14100=DIRECTION('',(-1.0,0.0,0.0));
#14101=VECTOR('',#14100,0.026480751066507);
#14102=LINE('',#14099,#14101);
#14103=EDGE_CURVE('',#14088,#14098,#14102,.T.);
#14104=ORIENTED_EDGE('',*,*,#14103,.T.);
#14105=CARTESIAN_POINT('',(0.061023622047244,-0.049212598425197,0.047244094488189));
#14106=VERTEX_POINT('',#14105);
#14107=CARTESIAN_POINT('',(0.061023622047244,-0.049212598425197,0.047244094488189));
#14108=DIRECTION('',(0.0,0.0,1.0));
#14109=VECTOR('',#14108,0.001968503937008);
#14110=LINE('',#14107,#14109);
#14111=EDGE_CURVE('',#14106,#14098,#14110,.T.);
#14112=ORIENTED_EDGE('',*,*,#14111,.F.);
#14113=CARTESIAN_POINT('',(0.087504373113751,-0.049212598425197,0.047244094488189));
#14114=DIRECTION('',(-1.0,0.0,0.0));
#14115=VECTOR('',#14114,0.026480751066507);
#14116=LINE('',#14113,#14115);
#14117=EDGE_CURVE('',#14090,#14106,#14116,.T.);
#14118=ORIENTED_EDGE('',*,*,#14117,.F.);
#14119=EDGE_LOOP('',(#14096,#14104,#14112,#14118));
#14120=FACE_OUTER_BOUND('',#14119,.T.);
#14121=ADVANCED_FACE('',(#14120),#14086,.T.);
#14122=CARTESIAN_POINT('',(0.061023622047244,-0.054133858267717,0.047145669291339));
#14123=DIRECTION('',(-1.0,0.0,0.0));
#14124=DIRECTION('',(0.0,0.0,1.0));
#14125=AXIS2_PLACEMENT_3D('',#14122,#14123,#14124);
#14126=PLANE('',#14125);
#14127=CARTESIAN_POINT('',(0.061023622047244,-0.049212598425197,0.049212598425197));
#14128=DIRECTION('',(0.0,1.0,0.0));
#14129=VECTOR('',#14128,0.098425196850394);
#14130=LINE('',#14127,#14129);
#14131=EDGE_CURVE('',#14098,#14066,#14130,.T.);
#14132=ORIENTED_EDGE('',*,*,#14131,.T.);
#14133=ORIENTED_EDGE('',*,*,#14071,.F.);
#14134=CARTESIAN_POINT('',(0.061023622047244,-0.049212598425197,0.047244094488189));
#14135=DIRECTION('',(0.0,1.0,0.0));
#14136=VECTOR('',#14135,0.098425196850394);
#14137=LINE('',#14134,#14136);
#14138=EDGE_CURVE('',#14106,#14058,#14137,.T.);
#14139=ORIENTED_EDGE('',*,*,#14138,.F.);
#14140=ORIENTED_EDGE('',*,*,#14111,.T.);
#14141=EDGE_LOOP('',(#14132,#14133,#14139,#14140));
#14142=FACE_OUTER_BOUND('',#14141,.T.);
#14143=ADVANCED_FACE('',(#14142),#14126,.T.);
#14144=CARTESIAN_POINT('',(0.058267716535433,-0.054133858267717,0.049212598425197));
#14145=DIRECTION('',(0.0,0.0,1.0));
#14146=DIRECTION('',(1.0,0.0,0.0));
#14147=AXIS2_PLACEMENT_3D('',#14144,#14145,#14146);
#14148=PLANE('',#14147);
#14149=CARTESIAN_POINT('',(0.116141732283465,0.049212598425197,0.049212598425197));
#14150=VERTEX_POINT('',#14149);
#14151=CARTESIAN_POINT('',(0.116141732283465,-0.049212598425197,0.049212598425197));
#14152=VERTEX_POINT('',#14151);
#14153=CARTESIAN_POINT('',(0.116141732283465,0.049212598425197,0.049212598425197));
#14154=DIRECTION('',(0.0,-1.0,0.0));
#14155=VECTOR('',#14154,0.098425196850394);
#14156=LINE('',#14153,#14155);
#14157=EDGE_CURVE('',#14150,#14152,#14156,.T.);
#14158=ORIENTED_EDGE('',*,*,#14157,.F.);
#14159=CARTESIAN_POINT('',(0.087504373113751,0.049212598425197,0.049212598425197));
#14160=DIRECTION('',(1.0,0.0,0.0));
#14161=VECTOR('',#14160,0.028637359169714);
#14162=LINE('',#14159,#14161);
#14163=EDGE_CURVE('',#14048,#14150,#14162,.T.);
#14164=ORIENTED_EDGE('',*,*,#14163,.F.);
#14165=ORIENTED_EDGE('',*,*,#14077,.F.);
#14166=ORIENTED_EDGE('',*,*,#14131,.F.);
#14167=ORIENTED_EDGE('',*,*,#14103,.F.);
#14168=CARTESIAN_POINT('',(0.116141732283465,-0.049212598425197,0.049212598425197));
#14169=DIRECTION('',(-1.0,0.0,0.0));
#14170=VECTOR('',#14169,0.028637359169714);
#14171=LINE('',#14168,#14170);
#14172=EDGE_CURVE('',#14152,#14088,#14171,.T.);
#14173=ORIENTED_EDGE('',*,*,#14172,.F.);
#14174=EDGE_LOOP('',(#14158,#14164,#14165,#14166,#14167,#14173));
#14175=FACE_OUTER_BOUND('',#14174,.T.);
#14176=ORIENTED_EDGE('',*,*,#13721,.T.);
#14177=ORIENTED_EDGE('',*,*,#13757,.T.);
#14178=ORIENTED_EDGE('',*,*,#13788,.T.);
#14179=ORIENTED_EDGE('',*,*,#13810,.T.);
#14180=EDGE_LOOP('',(#14176,#14177,#14178,#14179));
#14181=FACE_BOUND('',#14180,.T.);
#14182=ADVANCED_FACE('',(#14175,#14181),#14148,.T.);
#14183=CARTESIAN_POINT('',(-1.186200E-049,1.642524E-049,0.047145669291339));
#14184=DIRECTION('',(0.0,0.0,1.0));
#14185=DIRECTION('',(1.0,0.0,0.0));
#14186=AXIS2_PLACEMENT_3D('',#14183,#14184,#14185);
#14187=CYLINDRICAL_SURFACE('',#14186,0.041338582677165);
#14188=CARTESIAN_POINT('',(0.041338582677165,-1.518755E-017,0.047244094488189));
#14189=VERTEX_POINT('',#14188);
#14190=CARTESIAN_POINT('',(-1.186200E-049,1.642524E-049,0.047244094488189));
#14191=DIRECTION('',(0.0,0.0,-1.0));
#14192=DIRECTION('',(-1.0,0.0,0.0));
#14193=AXIS2_PLACEMENT_3D('',#14190,#14191,#14192);
#14194=CIRCLE('',#14193,0.041338582677165);
#14195=EDGE_CURVE('',#14189,#14189,#14194,.T.);
#14196=ORIENTED_EDGE('',*,*,#14195,.F.);
#14197=EDGE_LOOP('',(#14196));
#14198=FACE_OUTER_BOUND('',#14197,.T.);
#14199=CARTESIAN_POINT('',(0.041338582677165,-1.518755E-017,0.049212598425197));
#14200=VERTEX_POINT('',#14199);
#14201=CARTESIAN_POINT('',(-1.186200E-049,1.642524E-049,0.049212598425197));
#14202=DIRECTION('',(0.0,0.0,-1.0));
#14203=DIRECTION('',(-1.0,0.0,0.0));
#14204=AXIS2_PLACEMENT_3D('',#14201,#14202,#14203);
#14205=CIRCLE('',#14204,0.041338582677165);
#14206=EDGE_CURVE('',#14200,#14200,#14205,.T.);
#14207=ORIENTED_EDGE('',*,*,#14206,.T.);
#14208=EDGE_LOOP('',(#14207));
#14209=FACE_BOUND('',#14208,.T.);
#14210=ADVANCED_FACE('',(#14198,#14209),#14187,.T.);
#14211=CARTESIAN_POINT('',(0.045472440944882,-0.045472440944882,0.049212598425197));
#14212=DIRECTION('',(0.0,0.0,-1.0));
#14213=DIRECTION('',(-1.0,0.0,0.0));
#14214=AXIS2_PLACEMENT_3D('',#14211,#14212,#14213);
#14215=PLANE('',#14214);
#14216=ORIENTED_EDGE('',*,*,#14206,.F.);
#14217=EDGE_LOOP('',(#14216));
#14218=FACE_OUTER_BOUND('',#14217,.T.);
#14219=ORIENTED_EDGE('',*,*,#13373,.T.);
#14220=ORIENTED_EDGE('',*,*,#13409,.T.);
#14221=ORIENTED_EDGE('',*,*,#13442,.T.);
#14222=ORIENTED_EDGE('',*,*,#13464,.T.);
#14223=EDGE_LOOP('',(#14219,#14220,#14221,#14222));
#14224=FACE_BOUND('',#14223,.T.);
#14225=ORIENTED_EDGE('',*,*,#13513,.T.);
#14226=ORIENTED_EDGE('',*,*,#13540,.T.);
#14227=EDGE_LOOP('',(#14225,#14226));
#14228=FACE_BOUND('',#14227,.T.);
#14229=ORIENTED_EDGE('',*,*,#13859,.T.);
#14230=ORIENTED_EDGE('',*,*,#13886,.T.);
#14231=EDGE_LOOP('',(#14229,#14230));
#14232=FACE_BOUND('',#14231,.T.);
#14233=ORIENTED_EDGE('',*,*,#13933,.T.);
#14234=ORIENTED_EDGE('',*,*,#13969,.T.);
#14235=ORIENTED_EDGE('',*,*,#14002,.T.);
#14236=ORIENTED_EDGE('',*,*,#14024,.T.);
#14237=EDGE_LOOP('',(#14233,#14234,#14235,#14236));
#14238=FACE_BOUND('',#14237,.T.);
#14239=ADVANCED_FACE('',(#14218,#14224,#14228,#14232,#14238),#14215,.F.);
#14240=CARTESIAN_POINT('',(-0.088828410667076,-0.049212598425197,0.049311023622047));
#14241=DIRECTION('',(0.0,-1.0,0.0));
#14242=DIRECTION('',(0.0,0.0,-1.0));
#14243=AXIS2_PLACEMENT_3D('',#14240,#14241,#14242);
#14244=PLANE('',#14243);
#14245=CARTESIAN_POINT('',(-0.087504373113751,-0.049212598425197,0.049212598425197));
#14246=VERTEX_POINT('',#14245);
#14247=CARTESIAN_POINT('',(-0.087504373113751,-0.049212598425197,0.047244094488189));
#14248=VERTEX_POINT('',#14247);
#14249=CARTESIAN_POINT('',(-0.087504373113751,-0.049212598425197,0.049212598425197));
#14250=DIRECTION('',(0.0,0.0,-1.0));
#14251=VECTOR('',#14250,0.001968503937008);
#14252=LINE('',#14249,#14251);
#14253=EDGE_CURVE('',#14246,#14248,#14252,.T.);
#14254=ORIENTED_EDGE('',*,*,#14253,.T.);
#14255=CARTESIAN_POINT('',(-0.061023622047244,-0.049212598425197,0.047244094488189));
#14256=VERTEX_POINT('',#14255);
#14257=CARTESIAN_POINT('',(-0.061023622047244,-0.049212598425197,0.047244094488189));
#14258=DIRECTION('',(-1.0,0.0,0.0));
#14259=VECTOR('',#14258,0.026480751066507);
#14260=LINE('',#14257,#14259);
#14261=EDGE_CURVE('',#14256,#14248,#14260,.T.);
#14262=ORIENTED_EDGE('',*,*,#14261,.F.);
#14263=CARTESIAN_POINT('',(-0.061023622047244,-0.049212598425197,0.049212598425197));
#14264=VERTEX_POINT('',#14263);
#14265=CARTESIAN_POINT('',(-0.061023622047244,-0.049212598425197,0.047244094488189));
#14266=DIRECTION('',(0.0,0.0,1.0));
#14267=VECTOR('',#14266,0.001968503937008);
#14268=LINE('',#14265,#14267);
#14269=EDGE_CURVE('',#14256,#14264,#14268,.T.);
#14270=ORIENTED_EDGE('',*,*,#14269,.T.);
#14271=CARTESIAN_POINT('',(-0.061023622047244,-0.049212598425197,0.049212598425197));
#14272=DIRECTION('',(-1.0,0.0,0.0));
#14273=VECTOR('',#14272,0.026480751066507);
#14274=LINE('',#14271,#14273);
#14275=EDGE_CURVE('',#14264,#14246,#14274,.T.);
#14276=ORIENTED_EDGE('',*,*,#14275,.T.);
#14277=EDGE_LOOP('',(#14254,#14262,#14270,#14276));
#14278=FACE_OUTER_BOUND('',#14277,.T.);
#14279=ADVANCED_FACE('',(#14278),#14244,.T.);
#14280=CARTESIAN_POINT('',(-0.088828410667076,0.049212598425197,0.047145669291339));
#14281=DIRECTION('',(0.0,1.0,0.0));
#14282=DIRECTION('',(0.0,0.0,1.0));
#14283=AXIS2_PLACEMENT_3D('',#14280,#14281,#14282);
#14284=PLANE('',#14283);
#14285=CARTESIAN_POINT('',(-0.087504373113751,0.049212598425197,0.049212598425197));
#14286=VERTEX_POINT('',#14285);
#14287=CARTESIAN_POINT('',(-0.087504373113751,0.049212598425197,0.047244094488189));
#14288=VERTEX_POINT('',#14287);
#14289=CARTESIAN_POINT('',(-0.087504373113751,0.049212598425197,0.049212598425197));
#14290=DIRECTION('',(0.0,0.0,-1.0));
#14291=VECTOR('',#14290,0.001968503937008);
#14292=LINE('',#14289,#14291);
#14293=EDGE_CURVE('',#14286,#14288,#14292,.T.);
#14294=ORIENTED_EDGE('',*,*,#14293,.F.);
#14295=CARTESIAN_POINT('',(-0.061023622047244,0.049212598425197,0.049212598425197));
#14296=VERTEX_POINT('',#14295);
#14297=CARTESIAN_POINT('',(-0.087504373113751,0.049212598425197,0.049212598425197));
#14298=DIRECTION('',(1.0,0.0,0.0));
#14299=VECTOR('',#14298,0.026480751066507);
#14300=LINE('',#14297,#14299);
#14301=EDGE_CURVE('',#14286,#14296,#14300,.T.);
#14302=ORIENTED_EDGE('',*,*,#14301,.T.);
#14303=CARTESIAN_POINT('',(-0.061023622047244,0.049212598425197,0.047244094488189));
#14304=VERTEX_POINT('',#14303);
#14305=CARTESIAN_POINT('',(-0.061023622047244,0.049212598425197,0.047244094488189));
#14306=DIRECTION('',(0.0,0.0,1.0));
#14307=VECTOR('',#14306,0.001968503937008);
#14308=LINE('',#14305,#14307);
#14309=EDGE_CURVE('',#14304,#14296,#14308,.T.);
#14310=ORIENTED_EDGE('',*,*,#14309,.F.);
#14311=CARTESIAN_POINT('',(-0.087504373113751,0.049212598425197,0.047244094488189));
#14312=DIRECTION('',(1.0,0.0,0.0));
#14313=VECTOR('',#14312,0.026480751066507);
#14314=LINE('',#14311,#14313);
#14315=EDGE_CURVE('',#14288,#14304,#14314,.T.);
#14316=ORIENTED_EDGE('',*,*,#14315,.F.);
#14317=EDGE_LOOP('',(#14294,#14302,#14310,#14316));
#14318=FACE_OUTER_BOUND('',#14317,.T.);
#14319=ADVANCED_FACE('',(#14318),#14284,.T.);
#14320=CARTESIAN_POINT('',(-0.061023622047244,-0.054133858267717,0.049311023622047));
#14321=DIRECTION('',(1.0,0.0,0.0));
#14322=DIRECTION('',(0.0,0.0,-1.0));
#14323=AXIS2_PLACEMENT_3D('',#14320,#14321,#14322);
#14324=PLANE('',#14323);
#14325=CARTESIAN_POINT('',(-0.061023622047244,0.049212598425197,0.049212598425197));
#14326=DIRECTION('',(0.0,-1.0,0.0));
#14327=VECTOR('',#14326,0.098425196850394);
#14328=LINE('',#14325,#14327);
#14329=EDGE_CURVE('',#14296,#14264,#14328,.T.);
#14330=ORIENTED_EDGE('',*,*,#14329,.T.);
#14331=ORIENTED_EDGE('',*,*,#14269,.F.);
#14332=CARTESIAN_POINT('',(-0.061023622047244,0.049212598425197,0.047244094488189));
#14333=DIRECTION('',(0.0,-1.0,0.0));
#14334=VECTOR('',#14333,0.098425196850394);
#14335=LINE('',#14332,#14334);
#14336=EDGE_CURVE('',#14304,#14256,#14335,.T.);
#14337=ORIENTED_EDGE('',*,*,#14336,.F.);
#14338=ORIENTED_EDGE('',*,*,#14309,.T.);
#14339=EDGE_LOOP('',(#14330,#14331,#14337,#14338));
#14340=FACE_OUTER_BOUND('',#14339,.T.);
#14341=ADVANCED_FACE('',(#14340),#14324,.T.);
#14342=CARTESIAN_POINT('',(-0.118897637795276,-0.054133858267717,0.049212598425197));
#14343=DIRECTION('',(0.0,0.0,1.0));
#14344=DIRECTION('',(1.0,0.0,0.0));
#14345=AXIS2_PLACEMENT_3D('',#14342,#14343,#14344);
#14346=PLANE('',#14345);
#14347=ORIENTED_EDGE('',*,*,#14329,.F.);
#14348=ORIENTED_EDGE('',*,*,#14301,.F.);
#14349=CARTESIAN_POINT('',(-0.116141732283465,0.049212598425197,0.049212598425197));
#14350=VERTEX_POINT('',#14349);
#14351=CARTESIAN_POINT('',(-0.116141732283465,0.049212598425197,0.049212598425197));
#14352=DIRECTION('',(1.0,0.0,0.0));
#14353=VECTOR('',#14352,0.028637359169714);
#14354=LINE('',#14351,#14353);
#14355=EDGE_CURVE('',#14350,#14286,#14354,.T.);
#14356=ORIENTED_EDGE('',*,*,#14355,.F.);
#14357=CARTESIAN_POINT('',(-0.116141732283465,-0.049212598425197,0.049212598425197));
#14358=VERTEX_POINT('',#14357);
#14359=CARTESIAN_POINT('',(-0.116141732283465,-0.049212598425197,0.049212598425197));
#14360=DIRECTION('',(0.0,1.0,0.0));
#14361=VECTOR('',#14360,0.098425196850394);
#14362=LINE('',#14359,#14361);
#14363=EDGE_CURVE('',#14358,#14350,#14362,.T.);
#14364=ORIENTED_EDGE('',*,*,#14363,.F.);
#14365=CARTESIAN_POINT('',(-0.087504373113751,-0.049212598425197,0.049212598425197));
#14366=DIRECTION('',(-1.0,0.0,0.0));
#14367=VECTOR('',#14366,0.028637359169714);
#14368=LINE('',#14365,#14367);
#14369=EDGE_CURVE('',#14246,#14358,#14368,.T.);
#14370=ORIENTED_EDGE('',*,*,#14369,.F.);
#14371=ORIENTED_EDGE('',*,*,#14275,.F.);
#14372=EDGE_LOOP('',(#14347,#14348,#14356,#14364,#14370,#14371));
#14373=FACE_OUTER_BOUND('',#14372,.T.);
#14374=ORIENTED_EDGE('',*,*,#13585,.T.);
#14375=ORIENTED_EDGE('',*,*,#13621,.T.);
#14376=ORIENTED_EDGE('',*,*,#13652,.T.);
#14377=ORIENTED_EDGE('',*,*,#13674,.T.);
#14378=EDGE_LOOP('',(#14374,#14375,#14376,#14377));
#14379=FACE_BOUND('',#14378,.T.);
#14380=ADVANCED_FACE('',(#14373,#14379),#14346,.T.);
#14381=CARTESIAN_POINT('',(-0.117573600241951,-0.049212598425197,0.067814960629922));
#14382=DIRECTION('',(0.0,-1.0,0.0));
#14383=DIRECTION('',(0.0,0.0,-1.0));
#14384=AXIS2_PLACEMENT_3D('',#14381,#14382,#14383);
#14385=PLANE('',#14384);
#14386=ORIENTED_EDGE('',*,*,#14369,.T.);
#14387=CARTESIAN_POINT('',(-0.116141732283465,-0.049212598425197,0.066929133858268));
#14388=DIRECTION('',(0.0,0.0,-1.0));
#14389=VECTOR('',#14388,0.017716535433071);
#14390=LINE('',#14387,#14389);
#14391=EDGE_CURVE('',#13236,#14358,#14390,.T.);
#14392=ORIENTED_EDGE('',*,*,#14391,.F.);
#14393=ORIENTED_EDGE('',*,*,#13241,.F.);
#14394=CARTESIAN_POINT('',(-0.087504373113751,-0.049212598425197,0.066929133858268));
#14395=DIRECTION('',(0.0,0.0,-1.0));
#14396=VECTOR('',#14395,0.017716535433071);
#14397=LINE('',#14394,#14396);
#14398=EDGE_CURVE('',#13234,#14246,#14397,.T.);
#14399=ORIENTED_EDGE('',*,*,#14398,.T.);
#14400=EDGE_LOOP('',(#14386,#14392,#14393,#14399));
#14401=FACE_OUTER_BOUND('',#14400,.T.);
#14402=ADVANCED_FACE('',(#14401),#14385,.F.);
#14403=CARTESIAN_POINT('',(-0.116141732283465,-0.054133858267717,0.048326771653543));
#14404=DIRECTION('',(-1.0,0.0,0.0));
#14405=DIRECTION('',(0.0,0.0,1.0));
#14406=AXIS2_PLACEMENT_3D('',#14403,#14404,#14405);
#14407=PLANE('',#14406);
#14408=ORIENTED_EDGE('',*,*,#14363,.T.);
#14409=CARTESIAN_POINT('',(-0.116141732283465,0.049212598425197,0.066929133858268));
#14410=DIRECTION('',(0.0,0.0,-1.0));
#14411=VECTOR('',#14410,0.017716535433071);
#14412=LINE('',#14409,#14411);
#14413=EDGE_CURVE('',#13244,#14350,#14412,.T.);
#14414=ORIENTED_EDGE('',*,*,#14413,.F.);
#14415=ORIENTED_EDGE('',*,*,#13249,.F.);
#14416=ORIENTED_EDGE('',*,*,#14391,.T.);
#14417=EDGE_LOOP('',(#14408,#14414,#14415,#14416));
#14418=FACE_OUTER_BOUND('',#14417,.T.);
#14419=ADVANCED_FACE('',(#14418),#14407,.F.);
#14420=CARTESIAN_POINT('',(-0.117573600241951,0.049212598425197,0.048326771653543));
#14421=DIRECTION('',(0.0,1.0,0.0));
#14422=DIRECTION('',(0.0,0.0,1.0));
#14423=AXIS2_PLACEMENT_3D('',#14420,#14421,#14422);
#14424=PLANE('',#14423);
#14425=ORIENTED_EDGE('',*,*,#14355,.T.);
#14426=CARTESIAN_POINT('',(-0.087504373113751,0.049212598425197,0.066929133858268));
#14427=DIRECTION('',(0.0,0.0,-1.0));
#14428=VECTOR('',#14427,0.017716535433071);
#14429=LINE('',#14426,#14428);
#14430=EDGE_CURVE('',#13252,#14286,#14429,.T.);
#14431=ORIENTED_EDGE('',*,*,#14430,.F.);
#14432=ORIENTED_EDGE('',*,*,#13257,.F.);
#14433=ORIENTED_EDGE('',*,*,#14413,.T.);
#14434=EDGE_LOOP('',(#14425,#14431,#14432,#14433));
#14435=FACE_OUTER_BOUND('',#14434,.T.);
#14436=ADVANCED_FACE('',(#14435),#14424,.F.);
#14437=CARTESIAN_POINT('',(-0.096254810425127,-0.110433070866142,0.047244094488189));
#14438=DIRECTION('',(0.0,0.0,1.0));
#14439=DIRECTION('',(1.0,0.0,0.0));
#14440=AXIS2_PLACEMENT_3D('',#14437,#14438,#14439);
#14441=PLANE('',#14440);
#14442=ORIENTED_EDGE('',*,*,#14117,.T.);
#14443=ORIENTED_EDGE('',*,*,#14138,.T.);
#14444=ORIENTED_EDGE('',*,*,#14063,.T.);
#14445=CARTESIAN_POINT('',(0.0,0.0,0.047244094488189));
#14446=DIRECTION('',(0.0,0.0,1.0));
#14447=DIRECTION('',(0.871612187093838,0.490196078431372,0.0));
#14448=AXIS2_PLACEMENT_3D('',#14445,#14446,#14447);
#14449=CIRCLE('',#14448,0.100393700787402);
#14450=EDGE_CURVE('',#14050,#14288,#14449,.T.);
#14451=ORIENTED_EDGE('',*,*,#14450,.T.);
#14452=ORIENTED_EDGE('',*,*,#14315,.T.);
#14453=ORIENTED_EDGE('',*,*,#14336,.T.);
#14454=ORIENTED_EDGE('',*,*,#14261,.T.);
#14455=CARTESIAN_POINT('',(0.0,0.0,0.047244094488189));
#14456=DIRECTION('',(0.0,0.0,1.0));
#14457=DIRECTION('',(-0.871612187093838,-0.490196078431372,0.0));
#14458=AXIS2_PLACEMENT_3D('',#14455,#14456,#14457);
#14459=CIRCLE('',#14458,0.100393700787402);
#14460=EDGE_CURVE('',#14248,#14090,#14459,.T.);
#14461=ORIENTED_EDGE('',*,*,#14460,.T.);
#14462=EDGE_LOOP('',(#14442,#14443,#14444,#14451,#14452,#14453,#14454,#14461));
#14463=FACE_OUTER_BOUND('',#14462,.T.);
#14464=ORIENTED_EDGE('',*,*,#14195,.T.);
#14465=EDGE_LOOP('',(#14464));
#14466=FACE_BOUND('',#14465,.T.);
#14467=ADVANCED_FACE('',(#14463,#14466),#14441,.T.);
#14468=CARTESIAN_POINT('',(0.0,0.0,0.067913385826772));
#14469=DIRECTION('',(0.0,0.0,-1.0));
#14470=DIRECTION('',(0.0,1.0,0.0));
#14471=AXIS2_PLACEMENT_3D('',#14468,#14469,#14470);
#14472=CYLINDRICAL_SURFACE('',#14471,0.100393700787402);
#14473=ORIENTED_EDGE('',*,*,#14460,.F.);
#14474=ORIENTED_EDGE('',*,*,#14253,.F.);
#14475=ORIENTED_EDGE('',*,*,#14398,.F.);
#14476=ORIENTED_EDGE('',*,*,#13297,.F.);
#14477=CARTESIAN_POINT('',(0.087504373113751,-0.049212598425197,0.066929133858268));
#14478=DIRECTION('',(0.0,0.0,-1.0));
#14479=VECTOR('',#14478,0.017716535433071);
#14480=LINE('',#14477,#14479);
#14481=EDGE_CURVE('',#13285,#14088,#14480,.T.);
#14482=ORIENTED_EDGE('',*,*,#14481,.T.);
#14483=ORIENTED_EDGE('',*,*,#14095,.T.);
#14484=EDGE_LOOP('',(#14473,#14474,#14475,#14476,#14482,#14483));
#14485=FACE_OUTER_BOUND('',#14484,.T.);
#14486=ADVANCED_FACE('',(#14485),#14472,.F.);
#14487=CARTESIAN_POINT('',(0.086072505155265,-0.049212598425197,0.067814960629922));
#14488=DIRECTION('',(0.0,-1.0,0.0));
#14489=DIRECTION('',(0.0,0.0,-1.0));
#14490=AXIS2_PLACEMENT_3D('',#14487,#14488,#14489);
#14491=PLANE('',#14490);
#14492=ORIENTED_EDGE('',*,*,#14172,.T.);
#14493=ORIENTED_EDGE('',*,*,#14481,.F.);
#14494=ORIENTED_EDGE('',*,*,#13290,.F.);
#14495=CARTESIAN_POINT('',(0.116141732283465,-0.049212598425197,0.066929133858268));
#14496=DIRECTION('',(0.0,0.0,-1.0));
#14497=VECTOR('',#14496,0.017716535433071);
#14498=LINE('',#14495,#14497);
#14499=EDGE_CURVE('',#13277,#14152,#14498,.T.);
#14500=ORIENTED_EDGE('',*,*,#14499,.T.);
#14501=EDGE_LOOP('',(#14492,#14493,#14494,#14500));
#14502=FACE_OUTER_BOUND('',#14501,.T.);
#14503=ADVANCED_FACE('',(#14502),#14491,.F.);
#14504=CARTESIAN_POINT('',(0.116141732283465,-0.054133858267717,0.067814960629922));
#14505=DIRECTION('',(1.0,0.0,0.0));
#14506=DIRECTION('',(0.0,0.0,-1.0));
#14507=AXIS2_PLACEMENT_3D('',#14504,#14505,#14506);
#14508=PLANE('',#14507);
#14509=ORIENTED_EDGE('',*,*,#14157,.T.);
#14510=ORIENTED_EDGE('',*,*,#14499,.F.);
#14511=ORIENTED_EDGE('',*,*,#13282,.F.);
#14512=CARTESIAN_POINT('',(0.116141732283465,0.049212598425197,0.066929133858268));
#14513=DIRECTION('',(0.0,0.0,-1.0));
#14514=VECTOR('',#14513,0.017716535433071);
#14515=LINE('',#14512,#14514);
#14516=EDGE_CURVE('',#13269,#14150,#14515,.T.);
#14517=ORIENTED_EDGE('',*,*,#14516,.T.);
#14518=EDGE_LOOP('',(#14509,#14510,#14511,#14517));
#14519=FACE_OUTER_BOUND('',#14518,.T.);
#14520=ADVANCED_FACE('',(#14519),#14508,.F.);
#14521=CARTESIAN_POINT('',(0.086072505155265,0.049212598425197,0.048326771653543));
#14522=DIRECTION('',(0.0,1.0,0.0));
#14523=DIRECTION('',(0.0,0.0,1.0));
#14524=AXIS2_PLACEMENT_3D('',#14521,#14522,#14523);
#14525=PLANE('',#14524);
#14526=ORIENTED_EDGE('',*,*,#14163,.T.);
#14527=ORIENTED_EDGE('',*,*,#14516,.F.);
#14528=ORIENTED_EDGE('',*,*,#13274,.F.);
#14529=CARTESIAN_POINT('',(0.087504373113751,0.049212598425197,0.066929133858268));
#14530=DIRECTION('',(0.0,0.0,-1.0));
#14531=VECTOR('',#14530,0.017716535433071);
#14532=LINE('',#14529,#14531);
#14533=EDGE_CURVE('',#13260,#14048,#14532,.T.);
#14534=ORIENTED_EDGE('',*,*,#14533,.T.);
#14535=EDGE_LOOP('',(#14526,#14527,#14528,#14534));
#14536=FACE_OUTER_BOUND('',#14535,.T.);
#14537=ADVANCED_FACE('',(#14536),#14525,.F.);
#14538=CARTESIAN_POINT('',(0.0,0.0,0.067913385826772));
#14539=DIRECTION('',(0.0,0.0,-1.0));
#14540=DIRECTION('',(0.0,-1.0,0.0));
#14541=AXIS2_PLACEMENT_3D('',#14538,#14539,#14540);
#14542=CYLINDRICAL_SURFACE('',#14541,0.100393700787402);
#14543=ORIENTED_EDGE('',*,*,#14450,.F.);
#14544=ORIENTED_EDGE('',*,*,#14055,.F.);
#14545=ORIENTED_EDGE('',*,*,#14533,.F.);
#14546=ORIENTED_EDGE('',*,*,#13266,.F.);
#14547=ORIENTED_EDGE('',*,*,#14430,.T.);
#14548=ORIENTED_EDGE('',*,*,#14293,.T.);
#14549=EDGE_LOOP('',(#14543,#14544,#14545,#14546,#14547,#14548));
#14550=FACE_OUTER_BOUND('',#14549,.T.);
#14551=ADVANCED_FACE('',(#14550),#14542,.F.);
#14552=CLOSED_SHELL('',(#13312,#13332,#13341,#13383,#13414,#13447,#13469,#13481,#13523,#13545,#13555,#13595,#13626,#13657,#13679,#13691,#13731,#13762,#13793,#13815,#13827,#13869,#13891,#13901,#13943,#13974,#14007,#14029,#14041,#14081,#14121,#14143,#14182,#14210,#14239,#14279,#14319,#14341,#14380,#14402,#14419,#14436,#14467,#14486,#14503,#14520,#14537,#14551));
#14553=ORIENTED_CLOSED_SHELL('',*,#14552,.F.);
#14554=CARTESIAN_POINT('',(0.0,0.0,0.079133858267717));
#14555=DIRECTION('',(0.0,0.0,-1.0));
#14556=DIRECTION('',(-1.0,0.0,0.0));
#14557=AXIS2_PLACEMENT_3D('',#14554,#14555,#14556);
#14558=CYLINDRICAL_SURFACE('',#14557,0.039370078740157);
#14559=CARTESIAN_POINT('',(0.005905511811024,-0.038924645537963,0.070866141732283));
#14560=VERTEX_POINT('',#14559);
#14561=CARTESIAN_POINT('',(0.005905511811024,0.038924645537963,0.070866141732283));
#14562=VERTEX_POINT('',#14561);
#14563=CARTESIAN_POINT('',(0.0,0.0,0.070866141732283));
#14564=DIRECTION('',(0.0,0.0,1.0));
#14565=DIRECTION('',(0.15,-0.988685996664259,0.0));
#14566=AXIS2_PLACEMENT_3D('',#14563,#14564,#14565);
#14567=CIRCLE('',#14566,0.039370078740157);
#14568=EDGE_CURVE('',#14560,#14562,#14567,.T.);
#14569=ORIENTED_EDGE('',*,*,#14568,.T.);
#14570=CARTESIAN_POINT('',(0.005905511811024,0.038924645537963,0.078740157480315));
#14571=VERTEX_POINT('',#14570);
#14572=CARTESIAN_POINT('',(0.005905511811024,0.038924645537963,0.078740157480315));
#14573=DIRECTION('',(0.0,0.0,-1.0));
#14574=VECTOR('',#14573,0.007874015748032);
#14575=LINE('',#14572,#14574);
#14576=EDGE_CURVE('',#14571,#14562,#14575,.T.);
#14577=ORIENTED_EDGE('',*,*,#14576,.F.);
#14578=CARTESIAN_POINT('',(0.005905511811024,-0.038924645537963,0.078740157480315));
#14579=VERTEX_POINT('',#14578);
#14580=CARTESIAN_POINT('',(0.0,0.0,0.078740157480315));
#14581=DIRECTION('',(0.0,0.0,1.0));
#14582=DIRECTION('',(0.15,-0.988685996664259,0.0));
#14583=AXIS2_PLACEMENT_3D('',#14580,#14581,#14582);
#14584=CIRCLE('',#14583,0.039370078740157);
#14585=EDGE_CURVE('',#14579,#14571,#14584,.T.);
#14586=ORIENTED_EDGE('',*,*,#14585,.F.);
#14587=CARTESIAN_POINT('',(0.005905511811024,-0.038924645537963,0.078740157480315));
#14588=DIRECTION('',(0.0,0.0,-1.0));
#14589=VECTOR('',#14588,0.007874015748032);
#14590=LINE('',#14587,#14589);
#14591=EDGE_CURVE('',#14579,#14560,#14590,.T.);
#14592=ORIENTED_EDGE('',*,*,#14591,.T.);
#14593=EDGE_LOOP('',(#14569,#14577,#14586,#14592));
#14594=FACE_OUTER_BOUND('',#14593,.T.);
#14595=ADVANCED_FACE('',(#14594),#14558,.T.);
#14596=CARTESIAN_POINT('',(0.005905511811024,0.042817110091759,0.079133858267717));
#14597=DIRECTION('',(-1.0,0.0,0.0));
#14598=DIRECTION('',(0.0,0.0,1.0));
#14599=AXIS2_PLACEMENT_3D('',#14596,#14597,#14598);
#14600=PLANE('',#14599);
#14601=CARTESIAN_POINT('',(0.005905511811024,0.038924645537963,0.070866141732283));
#14602=DIRECTION('',(0.0,-1.0,0.0));
#14603=VECTOR('',#14602,0.077849291075926);
#14604=LINE('',#14601,#14603);
#14605=EDGE_CURVE('',#14562,#14560,#14604,.T.);
#14606=ORIENTED_EDGE('',*,*,#14605,.T.);
#14607=ORIENTED_EDGE('',*,*,#14591,.F.);
#14608=CARTESIAN_POINT('',(0.005905511811024,0.038924645537963,0.078740157480315));
#14609=DIRECTION('',(0.0,-1.0,0.0));
#14610=VECTOR('',#14609,0.077849291075926);
#14611=LINE('',#14608,#14610);
#14612=EDGE_CURVE('',#14571,#14579,#14611,.T.);
#14613=ORIENTED_EDGE('',*,*,#14612,.F.);
#14614=ORIENTED_EDGE('',*,*,#14576,.T.);
#14615=EDGE_LOOP('',(#14606,#14607,#14613,#14614));
#14616=FACE_OUTER_BOUND('',#14615,.T.);
#14617=ADVANCED_FACE('',(#14616),#14600,.T.);
#14618=CARTESIAN_POINT('',(0.0,0.0,0.079133858267717));
#14619=DIRECTION('',(0.0,0.0,-1.0));
#14620=DIRECTION('',(1.0,0.0,0.0));
#14621=AXIS2_PLACEMENT_3D('',#14618,#14619,#14620);
#14622=CYLINDRICAL_SURFACE('',#14621,0.039370078740157);
#14623=CARTESIAN_POINT('',(-0.005905511811024,0.038924645537963,0.070866141732283));
#14624=VERTEX_POINT('',#14623);
#14625=CARTESIAN_POINT('',(-0.005905511811024,-0.038924645537963,0.070866141732283));
#14626=VERTEX_POINT('',#14625);
#14627=CARTESIAN_POINT('',(0.0,0.0,0.070866141732283));
#14628=DIRECTION('',(0.0,0.0,1.0));
#14629=DIRECTION('',(-0.15,0.988685996664259,0.0));
#14630=AXIS2_PLACEMENT_3D('',#14627,#14628,#14629);
#14631=CIRCLE('',#14630,0.039370078740157);
#14632=EDGE_CURVE('',#14624,#14626,#14631,.T.);
#14633=ORIENTED_EDGE('',*,*,#14632,.T.);
#14634=CARTESIAN_POINT('',(-0.005905511811024,-0.038924645537963,0.078740157480315));
#14635=VERTEX_POINT('',#14634);
#14636=CARTESIAN_POINT('',(-0.005905511811024,-0.038924645537963,0.078740157480315));
#14637=DIRECTION('',(0.0,0.0,-1.0));
#14638=VECTOR('',#14637,0.007874015748032);
#14639=LINE('',#14636,#14638);
#14640=EDGE_CURVE('',#14635,#14626,#14639,.T.);
#14641=ORIENTED_EDGE('',*,*,#14640,.F.);
#14642=CARTESIAN_POINT('',(-0.005905511811024,0.038924645537963,0.078740157480315));
#14643=VERTEX_POINT('',#14642);
#14644=CARTESIAN_POINT('',(0.0,0.0,0.078740157480315));
#14645=DIRECTION('',(0.0,0.0,1.0));
#14646=DIRECTION('',(-0.15,0.988685996664259,0.0));
#14647=AXIS2_PLACEMENT_3D('',#14644,#14645,#14646);
#14648=CIRCLE('',#14647,0.039370078740157);
#14649=EDGE_CURVE('',#14643,#14635,#14648,.T.);
#14650=ORIENTED_EDGE('',*,*,#14649,.F.);
#14651=CARTESIAN_POINT('',(-0.005905511811024,0.038924645537963,0.078740157480315));
#14652=DIRECTION('',(0.0,0.0,-1.0));
#14653=VECTOR('',#14652,0.007874015748032);
#14654=LINE('',#14651,#14653);
#14655=EDGE_CURVE('',#14643,#14624,#14654,.T.);
#14656=ORIENTED_EDGE('',*,*,#14655,.T.);
#14657=EDGE_LOOP('',(#14633,#14641,#14650,#14656));
#14658=FACE_OUTER_BOUND('',#14657,.T.);
#14659=ADVANCED_FACE('',(#14658),#14622,.T.);
#14660=CARTESIAN_POINT('',(-0.005905511811024,0.042817110091759,0.070472440944881));
#14661=DIRECTION('',(1.0,0.0,0.0));
#14662=DIRECTION('',(0.0,0.0,-1.0));
#14663=AXIS2_PLACEMENT_3D('',#14660,#14661,#14662);
#14664=PLANE('',#14663);
#14665=CARTESIAN_POINT('',(-0.005905511811024,-0.038924645537963,0.070866141732283));
#14666=DIRECTION('',(0.0,1.0,0.0));
#14667=VECTOR('',#14666,0.077849291075926);
#14668=LINE('',#14665,#14667);
#14669=EDGE_CURVE('',#14626,#14624,#14668,.T.);
#14670=ORIENTED_EDGE('',*,*,#14669,.T.);
#14671=ORIENTED_EDGE('',*,*,#14655,.F.);
#14672=CARTESIAN_POINT('',(-0.005905511811024,-0.038924645537963,0.078740157480315));
#14673=DIRECTION('',(0.0,1.0,0.0));
#14674=VECTOR('',#14673,0.077849291075926);
#14675=LINE('',#14672,#14674);
#14676=EDGE_CURVE('',#14635,#14643,#14675,.T.);
#14677=ORIENTED_EDGE('',*,*,#14676,.F.);
#14678=ORIENTED_EDGE('',*,*,#14640,.T.);
#14679=EDGE_LOOP('',(#14670,#14671,#14677,#14678));
#14680=FACE_OUTER_BOUND('',#14679,.T.);
#14681=ADVANCED_FACE('',(#14680),#14664,.T.);
#14682=CARTESIAN_POINT('',(0.0,0.0,0.079133858267717));
#14683=DIRECTION('',(0.0,0.0,-1.0));
#14684=DIRECTION('',(0.0,1.0,0.0));
#14685=AXIS2_PLACEMENT_3D('',#14682,#14683,#14684);
#14686=CYLINDRICAL_SURFACE('',#14685,0.078740157480315);
#14687=CARTESIAN_POINT('',(-2.892866E-017,0.078740157480315,0.078740157480315));
#14688=VERTEX_POINT('',#14687);
#14689=CARTESIAN_POINT('',(0.0,0.0,0.078740157480315));
#14690=DIRECTION('',(0.0,0.0,-1.0));
#14691=DIRECTION('',(0.0,-1.0,0.0));
#14692=AXIS2_PLACEMENT_3D('',#14689,#14690,#14691);
#14693=CIRCLE('',#14692,0.078740157480315);
#14694=EDGE_CURVE('',#14688,#14688,#14693,.T.);
#14695=ORIENTED_EDGE('',*,*,#14694,.F.);
#14696=EDGE_LOOP('',(#14695));
#14697=FACE_OUTER_BOUND('',#14696,.T.);
#14698=CARTESIAN_POINT('',(-2.892866E-017,0.078740157480315,0.070866141732283));
#14699=VERTEX_POINT('',#14698);
#14700=CARTESIAN_POINT('',(0.0,0.0,0.070866141732283));
#14701=DIRECTION('',(0.0,0.0,1.0));
#14702=DIRECTION('',(0.0,-1.0,0.0));
#14703=AXIS2_PLACEMENT_3D('',#14700,#14701,#14702);
#14704=CIRCLE('',#14703,0.078740157480315);
#14705=EDGE_CURVE('',#14699,#14699,#14704,.T.);
#14706=ORIENTED_EDGE('',*,*,#14705,.F.);
#14707=EDGE_LOOP('',(#14706));
#14708=FACE_BOUND('',#14707,.T.);
#14709=ADVANCED_FACE('',(#14697,#14708),#14686,.F.);
#14710=CARTESIAN_POINT('',(0.086614173228346,0.086614173228346,0.070866141732283));
#14711=DIRECTION('',(0.0,0.0,-1.0));
#14712=DIRECTION('',(-1.0,0.0,0.0));
#14713=AXIS2_PLACEMENT_3D('',#14710,#14711,#14712);
#14714=PLANE('',#14713);
#14715=ORIENTED_EDGE('',*,*,#14705,.T.);
#14716=EDGE_LOOP('',(#14715));
#14717=FACE_OUTER_BOUND('',#14716,.T.);
#14718=ORIENTED_EDGE('',*,*,#14568,.F.);
#14719=ORIENTED_EDGE('',*,*,#14605,.F.);
#14720=EDGE_LOOP('',(#14718,#14719));
#14721=FACE_BOUND('',#14720,.T.);
#14722=ORIENTED_EDGE('',*,*,#14632,.F.);
#14723=ORIENTED_EDGE('',*,*,#14669,.F.);
#14724=EDGE_LOOP('',(#14722,#14723));
#14725=FACE_BOUND('',#14724,.T.);
#14726=ADVANCED_FACE('',(#14717,#14721,#14725),#14714,.F.);
#14727=CARTESIAN_POINT('',(-0.004232283464567,0.042817110091759,0.078740157480315));
#14728=DIRECTION('',(0.0,0.0,-1.0));
#14729=DIRECTION('',(-1.0,0.0,0.0));
#14730=AXIS2_PLACEMENT_3D('',#14727,#14728,#14729);
#14731=PLANE('',#14730);
#14732=ORIENTED_EDGE('',*,*,#14649,.T.);
#14733=ORIENTED_EDGE('',*,*,#14676,.T.);
#14734=EDGE_LOOP('',(#14732,#14733));
#14735=FACE_OUTER_BOUND('',#14734,.T.);
#14736=ADVANCED_FACE('',(#14735),#14731,.F.);
#14737=CARTESIAN_POINT('',(0.041043307086614,0.042817110091759,0.078740157480315));
#14738=DIRECTION('',(0.0,0.0,-1.0));
#14739=DIRECTION('',(-1.0,0.0,0.0));
#14740=AXIS2_PLACEMENT_3D('',#14737,#14738,#14739);
#14741=PLANE('',#14740);
#14742=ORIENTED_EDGE('',*,*,#14585,.T.);
#14743=ORIENTED_EDGE('',*,*,#14612,.T.);
#14744=EDGE_LOOP('',(#14742,#14743));
#14745=FACE_OUTER_BOUND('',#14744,.T.);
#14746=ADVANCED_FACE('',(#14745),#14741,.F.);
#14747=CARTESIAN_POINT('',(0.115846456692913,0.115846456692913,0.078740157480315));
#14748=DIRECTION('',(0.0,0.0,-1.0));
#14749=DIRECTION('',(-1.0,0.0,0.0));
#14750=AXIS2_PLACEMENT_3D('',#14747,#14748,#14749);
#14751=PLANE('',#14750);
#14752=CARTESIAN_POINT('',(0.105314960629921,5.953362E-017,0.078740157480315));
#14753=VERTEX_POINT('',#14752);
#14754=CARTESIAN_POINT('',(2.673262E-017,5.953362E-017,0.078740157480315));
#14755=DIRECTION('',(0.0,0.0,1.0));
#14756=DIRECTION('',(1.0,0.0,0.0));
#14757=AXIS2_PLACEMENT_3D('',#14754,#14755,#14756);
#14758=CIRCLE('',#14757,0.105314960629921);
#14759=EDGE_CURVE('',#14753,#14753,#14758,.T.);
#14760=ORIENTED_EDGE('',*,*,#14759,.T.);
#14761=EDGE_LOOP('',(#14760));
#14762=FACE_OUTER_BOUND('',#14761,.T.);
#14763=ORIENTED_EDGE('',*,*,#14694,.T.);
#14764=EDGE_LOOP('',(#14763));
#14765=FACE_BOUND('',#14764,.T.);
#14766=ADVANCED_FACE('',(#14762,#14765),#14751,.F.);
#14767=CARTESIAN_POINT('',(0.085531496062992,0.085531496062992,0.124015748031496));
#14768=DIRECTION('',(0.0,0.0,1.0));
#14769=DIRECTION('',(1.0,0.0,0.0));
#14770=AXIS2_PLACEMENT_3D('',#14767,#14768,#14769);
#14771=PLANE('',#14770);
#14772=CARTESIAN_POINT('',(0.077755905511811,5.953362E-017,0.124015748031496));
#14773=VERTEX_POINT('',#14772);
#14774=CARTESIAN_POINT('',(2.673262E-017,5.953362E-017,0.124015748031496));
#14775=DIRECTION('',(0.0,0.0,1.0));
#14776=DIRECTION('',(-1.0,0.0,0.0));
#14777=AXIS2_PLACEMENT_3D('',#14774,#14775,#14776);
#14778=CIRCLE('',#14777,0.077755905511811);
#14779=EDGE_CURVE('',#14773,#14773,#14778,.T.);
#14780=ORIENTED_EDGE('',*,*,#14779,.F.);
#14781=EDGE_LOOP('',(#14780));
#14782=FACE_OUTER_BOUND('',#14781,.T.);
#14783=CARTESIAN_POINT('',(-0.028930981213974,0.067913385826772,0.124015748031496));
#14784=VERTEX_POINT('',#14783);
#14785=CARTESIAN_POINT('',(0.028930981213975,0.067913385826772,0.124015748031496));
#14786=VERTEX_POINT('',#14785);
#14787=CARTESIAN_POINT('',(3.675736E-017,8.185874E-017,0.124015748031496));
#14788=DIRECTION('',(0.0,0.0,1.0));
#14789=DIRECTION('',(0.391918358845308,-0.92,0.0));
#14790=AXIS2_PLACEMENT_3D('',#14787,#14788,#14789);
#14791=CIRCLE('',#14790,0.073818897637795);
#14792=EDGE_CURVE('',#14784,#14786,#14791,.T.);
#14793=ORIENTED_EDGE('',*,*,#14792,.T.);
#14794=CARTESIAN_POINT('',(0.028930981213975,0.067913385826772,0.124015748031496));
#14795=DIRECTION('',(-1.0,0.0,0.0));
#14796=VECTOR('',#14795,0.057861962427949);
#14797=LINE('',#14794,#14796);
#14798=EDGE_CURVE('',#14786,#14784,#14797,.T.);
#14799=ORIENTED_EDGE('',*,*,#14798,.T.);
#14800=EDGE_LOOP('',(#14793,#14799));
#14801=FACE_BOUND('',#14800,.T.);
#14802=ADVANCED_FACE('',(#14782,#14801),#14771,.F.);
#14803=CARTESIAN_POINT('',(2.673262E-017,5.953362E-017,0.116141732283465));
#14804=DIRECTION('',(0.0,0.0,-1.0));
#14805=DIRECTION('',(-1.0,0.0,0.0));
#14806=AXIS2_PLACEMENT_3D('',#14803,#14804,#14805);
#14807=TOROIDAL_SURFACE('',#14806,0.077755905511811,0.007874015748031);
#14808=ORIENTED_EDGE('',*,*,#14779,.T.);
#14809=EDGE_LOOP('',(#14808));
#14810=FACE_OUTER_BOUND('',#14809,.T.);
#14811=CARTESIAN_POINT('',(0.085629921259843,2.807370E-017,0.116141732283465));
#14812=VERTEX_POINT('',#14811);
#14813=CARTESIAN_POINT('',(2.673262E-017,5.953362E-017,0.116141732283465));
#14814=DIRECTION('',(0.0,0.0,-1.0));
#14815=DIRECTION('',(-1.0,0.0,0.0));
#14816=AXIS2_PLACEMENT_3D('',#14813,#14814,#14815);
#14817=CIRCLE('',#14816,0.085629921259843);
#14818=EDGE_CURVE('',#14812,#14812,#14817,.T.);
#14819=ORIENTED_EDGE('',*,*,#14818,.T.);
#14820=EDGE_LOOP('',(#14819));
#14821=FACE_BOUND('',#14820,.T.);
#14822=ADVANCED_FACE('',(#14810,#14821),#14807,.F.);
#14823=CARTESIAN_POINT('',(2.673262E-017,5.953362E-017,0.078740157480315));
#14824=DIRECTION('',(0.0,0.0,1.0));
#14825=DIRECTION('',(1.0,0.0,0.0));
#14826=AXIS2_PLACEMENT_3D('',#14823,#14824,#14825);
#14827=CYLINDRICAL_SURFACE('',#14826,0.085629921259843);
#14828=CARTESIAN_POINT('',(-0.085629921259842,5.953362E-017,0.098425196850394));
#14829=VERTEX_POINT('',#14828);
#14830=CARTESIAN_POINT('',(2.673262E-017,5.953362E-017,0.098425196850394));
#14831=DIRECTION('',(0.0,0.0,1.0));
#14832=DIRECTION('',(-1.0,0.0,0.0));
#14833=AXIS2_PLACEMENT_3D('',#14830,#14831,#14832);
#14834=CIRCLE('',#14833,0.085629921259843);
#14835=EDGE_CURVE('',#14829,#14829,#14834,.T.);
#14836=ORIENTED_EDGE('',*,*,#14835,.F.);
#14837=EDGE_LOOP('',(#14836));
#14838=FACE_OUTER_BOUND('',#14837,.T.);
#14839=ORIENTED_EDGE('',*,*,#14818,.F.);
#14840=EDGE_LOOP('',(#14839));
#14841=FACE_BOUND('',#14840,.T.);
#14842=ADVANCED_FACE('',(#14838,#14841),#14827,.F.);
#14843=CARTESIAN_POINT('',(2.673262E-017,5.953362E-017,0.098425196850394));
#14844=DIRECTION('',(0.0,0.0,1.0));
#14845=DIRECTION('',(1.0,0.0,0.0));
#14846=AXIS2_PLACEMENT_3D('',#14843,#14844,#14845);
#14847=TOROIDAL_SURFACE('',#14846,0.105314960629921,0.019685039370079);
#14848=ORIENTED_EDGE('',*,*,#14835,.T.);
#14849=EDGE_LOOP('',(#14848));
#14850=FACE_OUTER_BOUND('',#14849,.T.);
#14851=ORIENTED_EDGE('',*,*,#14759,.F.);
#14852=EDGE_LOOP('',(#14851));
#14853=FACE_BOUND('',#14852,.T.);
#14854=ADVANCED_FACE('',(#14850,#14853),#14847,.T.);
#14855=CARTESIAN_POINT('',(-0.081102535883618,-0.080905511811023,0.108267716535433));
#14856=DIRECTION('',(0.0,0.0,1.0));
#14857=DIRECTION('',(1.0,0.0,0.0));
#14858=AXIS2_PLACEMENT_3D('',#14855,#14856,#14857);
#14859=PLANE('',#14858);
#14860=CARTESIAN_POINT('',(-0.028930981213974,0.067913385826772,0.108267716535433));
#14861=VERTEX_POINT('',#14860);
#14862=CARTESIAN_POINT('',(0.028930981213975,0.067913385826772,0.108267716535433));
#14863=VERTEX_POINT('',#14862);
#14864=CARTESIAN_POINT('',(-0.028930981213974,0.067913385826772,0.108267716535433));
#14865=DIRECTION('',(1.0,0.0,0.0));
#14866=VECTOR('',#14865,0.057861962427949);
#14867=LINE('',#14864,#14866);
#14868=EDGE_CURVE('',#14861,#14863,#14867,.T.);
#14869=ORIENTED_EDGE('',*,*,#14868,.T.);
#14870=CARTESIAN_POINT('',(3.675736E-017,8.185874E-017,0.108267716535433));
#14871=DIRECTION('',(0.0,0.0,-1.0));
#14872=DIRECTION('',(0.391918358845308,-0.92,0.0));
#14873=AXIS2_PLACEMENT_3D('',#14870,#14871,#14872);
#14874=CIRCLE('',#14873,0.073818897637795);
#14875=EDGE_CURVE('',#14863,#14861,#14874,.T.);
#14876=ORIENTED_EDGE('',*,*,#14875,.T.);
#14877=EDGE_LOOP('',(#14869,#14876));
#14878=FACE_OUTER_BOUND('',#14877,.T.);
#14879=CARTESIAN_POINT('',(3.675736E-017,-0.019685039370079,0.108267716535433));
#14880=VERTEX_POINT('',#14879);
#14881=CARTESIAN_POINT('',(3.675736E-017,8.185874E-017,0.108267716535433));
#14882=DIRECTION('',(0.0,0.0,1.0));
#14883=DIRECTION('',(0.0,-1.0,0.0));
#14884=AXIS2_PLACEMENT_3D('',#14881,#14882,#14883);
#14885=CIRCLE('',#14884,0.019685039370079);
#14886=EDGE_CURVE('',#14880,#14880,#14885,.T.);
#14887=ORIENTED_EDGE('',*,*,#14886,.T.);
#14888=EDGE_LOOP('',(#14887));
#14889=FACE_BOUND('',#14888,.T.);
#14890=ADVANCED_FACE('',(#14878,#14889),#14859,.F.);
#14891=CARTESIAN_POINT('',(-0.031824079335371,0.067913385826772,0.10748031496063));
#14892=DIRECTION('',(0.0,1.0,0.0));
#14893=DIRECTION('',(0.0,0.0,1.0));
#14894=AXIS2_PLACEMENT_3D('',#14891,#14892,#14893);
#14895=PLANE('',#14894);
#14896=ORIENTED_EDGE('',*,*,#14798,.F.);
#14897=CARTESIAN_POINT('',(0.028930981213975,0.067913385826772,0.108267716535433));
#14898=DIRECTION('',(0.0,0.0,1.0));
#14899=VECTOR('',#14898,0.015748031496063);
#14900=LINE('',#14897,#14899);
#14901=EDGE_CURVE('',#14863,#14786,#14900,.T.);
#14902=ORIENTED_EDGE('',*,*,#14901,.F.);
#14903=ORIENTED_EDGE('',*,*,#14868,.F.);
#14904=CARTESIAN_POINT('',(-0.028930981213974,0.067913385826772,0.108267716535433));
#14905=DIRECTION('',(0.0,0.0,1.0));
#14906=VECTOR('',#14905,0.015748031496063);
#14907=LINE('',#14904,#14906);
#14908=EDGE_CURVE('',#14861,#14784,#14907,.T.);
#14909=ORIENTED_EDGE('',*,*,#14908,.T.);
#14910=EDGE_LOOP('',(#14896,#14902,#14903,#14909));
#14911=FACE_OUTER_BOUND('',#14910,.T.);
#14912=ADVANCED_FACE('',(#14911),#14895,.T.);
#14913=CARTESIAN_POINT('',(3.675736E-017,8.185874E-017,0.10748031496063));
#14914=DIRECTION('',(0.0,0.0,1.0));
#14915=DIRECTION('',(0.0,1.0,0.0));
#14916=AXIS2_PLACEMENT_3D('',#14913,#14914,#14915);
#14917=CYLINDRICAL_SURFACE('',#14916,0.073818897637795);
#14918=ORIENTED_EDGE('',*,*,#14792,.F.);
#14919=ORIENTED_EDGE('',*,*,#14908,.F.);
#14920=ORIENTED_EDGE('',*,*,#14875,.F.);
#14921=ORIENTED_EDGE('',*,*,#14901,.T.);
#14922=EDGE_LOOP('',(#14918,#14919,#14920,#14921));
#14923=FACE_OUTER_BOUND('',#14922,.T.);
#14924=ADVANCED_FACE('',(#14923),#14917,.T.);
#14925=CARTESIAN_POINT('',(3.675736E-017,8.185874E-017,0.108267716535433));
#14926=DIRECTION('',(0.0,0.0,1.0));
#14927=DIRECTION('',(1.0,0.0,0.0));
#14928=AXIS2_PLACEMENT_3D('',#14925,#14926,#14927);
#14929=SPHERICAL_SURFACE('',#14928,0.019685039370079);
#14930=ORIENTED_EDGE('',*,*,#14886,.F.);
#14931=EDGE_LOOP('',(#14930));
#14932=FACE_OUTER_BOUND('',#14931,.T.);
#14933=ADVANCED_FACE('',(#14932),#14929,.T.);
#14934=CLOSED_SHELL('',(#14595,#14617,#14659,#14681,#14709,#14726,#14736,#14746,#14766,#14802,#14822,#14842,#14854,#14890,#14912,#14924,#14933));
#14935=ORIENTED_CLOSED_SHELL('',*,#14934,.F.);
#14936=BREP_WITH_VOIDS('',#13227,(#14553,#14935));
#14937=COLOUR_RGB('',0.75,0.75,0.75);
#14938=FILL_AREA_STYLE_COLOUR('',#14937);
#14939=FILL_AREA_STYLE('',(#14938));
#14940=SURFACE_STYLE_FILL_AREA(#14939);
#14941=SURFACE_SIDE_STYLE('',(#14940));
#14942=SURFACE_STYLE_USAGE(.BOTH.,#14941);
#14943=PRESENTATION_STYLE_ASSIGNMENT((#14942));
#14944=STYLED_ITEM('',(#14943),#14936);
#14945=MECHANICAL_DESIGN_GEOMETRIC_PRESENTATION_REPRESENTATION('',(#14944),#123);
#14946=ADVANCED_BREP_SHAPE_REPRESENTATION('ABSR',(#14936),#123);
#14947=SHAPE_REPRESENTATION_RELATIONSHIP('SRR','None',#14946,#128);
ENDSEC;
END-ISO-10303-21;
